candidate,seed,stage_index,class_id,maximum_supported_coverage,common_upper_bound,common_support_AURC,reference_common_support_AURC,full_support_AURC,actual_shared_points,reliability_ECE_15,probability_ECE_15,multiclass_Brier,calibration_probability_available_mass,positive_pixel_count,full_valid_pixel_count,null_count,null_case_balanced_mass,case_count,ranked_coverage_sha256,ranked_risk_sha256,full_curve_storage
R0,0,0,overall,0.9999999997552335,0.21221327040847338,0.01534636009515526,0.0709875924232228,0.06313111917001255,"[0.05, 0.1, 0.2]",0.10125047007057464,0.10125047007057464,0.28143562639674397,0.9999999999999684,14745600,14745600,0,0.0,100,5774ed8874f968377d2431020f35100ea922d2522cda6d9d3b06a19ddb28bf88,43f13880f4963bbb5a55b4207b55092341c2527ed66b72fec1b66e07b0573637,exact ranked steps reconstructible from immutable per-pixel caches and full SHA tie rule
R0,0,0,0,0.9999999999943981,0.2163247273069945,0.012484807239509472,0.011622642334453433,0.027730294428253647,"[0.05, 0.1, 0.2]",0.04340693558094604,0.04340693558094604,0.12445052105933248,1.0000000000000013,12239538,12239538,0,0.0,100,bceb6c906eec2a3161b4c92ffb3cb0fa3ee59aa63f2903d7aa034ed8f64edcf3,78ca4278108a7fa1ad2d68d846637469833b1b7417a8a5fd6412cab79ad583cd,exact ranked steps reconstructible from immutable per-pixel caches and full SHA tie rule
R0,0,0,1,1.0,0.27845453931592545,0.5826515191161137,0.34773124399998984,0.5485219922868125,"[0.05, 0.1, 0.2]",0.3198471968991789,0.3198471968991789,0.8053455575807232,0.9999999999999997,1390249,1390249,0,0.0,100,e7e8b9dbb634aea2bcbc6dca34d3777dc0e86ea4d51d488e803090133adc0068,40ad1236841c53d07a744dfd837668476683fe4ced6226c586c1d3b463ddad53,exact ranked steps reconstructible from immutable per-pixel caches and full SHA tie rule
R0,0,0,2,0.9999999999950999,0.2876367551692614,0.4654853709812824,0.34557340220609417,0.6032652165620463,"[0.05, 0.1, 0.2]",0.5238921892227622,0.5238921892227622,0.9828826010330787,0.9999999999999994,1115813,1115813,0,0.0,100,26c4deb3ca54b287731735f896a73be239bbe74d57257be8792cfcd57c601f36,881445a098aa01f7eb792204894723fb3bb5a31e05a47d86f2fe8e4f6c840b93,exact ranked steps reconstructible from immutable per-pixel caches and full SHA tie rule
R0,0,0,foreground_macro,0.9999999999950999,,0.5240684450486981,0.346652323103042,0.5758936044244294,"[0.05, 0.1, 0.2]",0.42186969306097055,0.42186969306097055,0.8941140793069009,0.9999999999999996,2506062,2506062,0,0.0,100,,,equal rim/cup macro; class-specific common-support bounds and raw curve hashes are reported separately
R1,0,0,overall,0.21221327040847338,0.21221327040847338,0.0709875924232228,0.0709875924232228,0.0709875924232228,"[0.05, 0.1, 0.2]",0.6393433295356113,0.10125047007057464,0.28143562639674397,0.9999999999999684,3129212,14745600,0,0.0,100,52c4feda90e078c23c7d4ccc10730826ddc3e57ee9ff3ba33d4237e3954a08c9,32aedbab184b8684e5b56d1e6cb1f68e3018fea6a1d28de837ded74fc1f50a90,exact ranked steps reconstructible from immutable per-pixel caches and full SHA tie rule
R1,0,0,0,0.2163247273069945,0.2163247273069945,0.011622642334453433,0.011622642334453433,0.011622642334453433,"[0.05, 0.1, 0.2]",0.726011047570889,0.04340693558094604,0.12445052105933248,1.0000000000000013,2626552,12239538,0,0.0,100,50f55e53e3982852cbcfd8d49889604c221d8b2ce82f9a6672f7a0a635190ea5,dbab40dce294847ef8dfb3145e37740ec693d791bf46746bf2b5a41df2c0263a,exact ranked steps reconstructible from immutable per-pixel caches and full SHA tie rule
R1,0,0,1,0.27845453931592545,0.27845453931592545,0.34773124399998984,0.34773124399998984,0.34773124399998984,"[0.05, 0.1, 0.2]",0.37715274822560774,0.3198471968991789,0.8053455575807232,0.9999999999999997,306236,1390249,0,0.0,100,cb0d674130440195e5adedcb9e548f5abf212ab0fc132163d9a3b874f58ccd6f,eac308b342160260d1452103304d90703b8edad95c8e766fdf75c950c03facf0,exact ranked steps reconstructible from immutable per-pixel caches and full SHA tie rule
R1,0,0,2,0.2876367551692614,0.2876367551692614,0.34557340220609417,0.34557340220609417,0.34557340220609417,"[0.05, 0.1, 0.2]",0.17262573240562917,0.5238921892227622,0.9828826010330787,0.9999999999999994,196424,1115813,0,0.0,100,df19bd8c56278d9f1c14ebb2bc6c89efd807bd487a18aec6609d63dc0ea6ad01,f6615b0d88f8af8f6169fa669dbf7ef8a97c376f90d582523bf49412d47d744d,exact ranked steps reconstructible from immutable per-pixel caches and full SHA tie rule
R1,0,0,foreground_macro,0.27845453931592545,,0.346652323103042,0.346652323103042,0.346652323103042,"[0.05, 0.1, 0.2]",0.27488924031561845,0.42186969306097055,0.8941140793069009,0.9999999999999996,502660,2506062,0,0.0,100,,,equal rim/cup macro; class-specific common-support bounds and raw curve hashes are reported separately
R2,0,0,overall,0.9999999997552335,0.21221327040847338,0.004454262570102512,0.0709875924232228,0.04264962536424532,"[0.05, 0.1, 0.2]",0.16132277601434417,0.10125047007057464,0.28143562639674397,0.9999999999999684,14745600,14745600,0,0.0,100,5774ed8874f968377d2431020f35100ea922d2522cda6d9d3b06a19ddb28bf88,a0e0e311b9fcb97bde409718a6c30b9d4fc8b51c34ec41a48ad91aa599798816,exact ranked steps reconstructible from immutable per-pixel caches and full SHA tie rule
R2,0,0,0,0.9999999999874174,0.2163247273069945,0.004159010539233886,0.011622642334453433,0.012404932075999832,"[0.05, 0.1, 0.2]",0.1873407728009413,0.04340693558094604,0.12445052105933248,1.0000000000000013,12239538,12239538,0,0.0,100,467a8981b23969be1472bb05e28069108d9d79562b7b04c60f4233feb265908d,479d0e051637e2e92ac2c4d40b45cf37a1c1a18a66476fa11e0bb555c50f228f,exact ranked steps reconstructible from immutable per-pixel caches and full SHA tie rule
R2,0,0,1,1.0,0.27845453931592545,0.6210969529302456,0.34773124399998984,0.5488516838770601,"[0.05, 0.1, 0.2]",0.3301015668934238,0.3198471968991789,0.8053455575807232,0.9999999999999997,1390249,1390249,0,0.0,100,03e2fc869afdbbdc1cb07f9de1f1a51194bdf20d95137fc96a913e8d70b8e5dd,1e89e08cd22b1070ecc08fa50e16ebfb1dadca1727b2f523072b029716a7db37,exact ranked steps reconstructible from immutable per-pixel caches and full SHA tie rule
R2,0,0,2,0.9999999999911315,0.2876367551692614,0.16977383906245977,0.34557340220609417,0.4601788746338846,"[0.05, 0.1, 0.2]",0.11474184652786655,0.5238921892227622,0.9828826010330787,0.9999999999999994,1115813,1115813,0,0.0,100,d06ce809cfc07f55f0d4e910a4b5c3ede7325a43b7f5af97c01815d5679b2de1,527d55732421d8ced21c02a678f9467ad7106813442f04bdba50785909e8026c,exact ranked steps reconstructible from immutable per-pixel caches and full SHA tie rule
R2,0,0,foreground_macro,0.9999999999911315,,0.3954353959963527,0.346652323103042,0.5045152792554723,"[0.05, 0.1, 0.2]",0.22242170671064518,0.42186969306097055,0.8941140793069009,0.9999999999999996,2506062,2506062,0,0.0,100,,,equal rim/cup macro; class-specific common-support bounds and raw curve hashes are reported separately
R3,0,0,overall,0.9999999997552335,0.21221327040847338,0.004454262570102512,0.0709875924232228,0.04264962536424532,"[0.05, 0.1, 0.2]",0.16132277601434417,0.10125047007057464,0.28143562639674397,0.9999999999999684,14745600,14745600,0,0.0,100,5774ed8874f968377d2431020f35100ea922d2522cda6d9d3b06a19ddb28bf88,a0e0e311b9fcb97bde409718a6c30b9d4fc8b51c34ec41a48ad91aa599798816,exact ranked steps reconstructible from immutable per-pixel caches and full SHA tie rule
R3,0,0,0,0.9999999999874174,0.2163247273069945,0.004159010539233886,0.011622642334453433,0.012404932075999832,"[0.05, 0.1, 0.2]",0.1873407728009413,0.04340693558094604,0.12445052105933248,1.0000000000000013,12239538,12239538,0,0.0,100,467a8981b23969be1472bb05e28069108d9d79562b7b04c60f4233feb265908d,479d0e051637e2e92ac2c4d40b45cf37a1c1a18a66476fa11e0bb555c50f228f,exact ranked steps reconstructible from immutable per-pixel caches and full SHA tie rule
R3,0,0,1,1.0,0.27845453931592545,0.6210969529302456,0.34773124399998984,0.5488516838770601,"[0.05, 0.1, 0.2]",0.3301015668934238,0.3198471968991789,0.8053455575807232,0.9999999999999997,1390249,1390249,0,0.0,100,03e2fc869afdbbdc1cb07f9de1f1a51194bdf20d95137fc96a913e8d70b8e5dd,1e89e08cd22b1070ecc08fa50e16ebfb1dadca1727b2f523072b029716a7db37,exact ranked steps reconstructible from immutable per-pixel caches and full SHA tie rule
R3,0,0,2,0.9999999999911315,0.2876367551692614,0.16977383906245977,0.34557340220609417,0.4601788746338846,"[0.05, 0.1, 0.2]",0.11474184652786655,0.5238921892227622,0.9828826010330787,0.9999999999999994,1115813,1115813,0,0.0,100,d06ce809cfc07f55f0d4e910a4b5c3ede7325a43b7f5af97c01815d5679b2de1,527d55732421d8ced21c02a678f9467ad7106813442f04bdba50785909e8026c,exact ranked steps reconstructible from immutable per-pixel caches and full SHA tie rule
R3,0,0,foreground_macro,0.9999999999911315,,0.3954353959963527,0.346652323103042,0.5045152792554723,"[0.05, 0.1, 0.2]",0.22242170671064518,0.42186969306097055,0.8941140793069009,0.9999999999999996,2506062,2506062,0,0.0,100,,,equal rim/cup macro; class-specific common-support bounds and raw curve hashes are reported separately
R0,0,1,overall,0.9999999999859658,0.35607961018413814,0.0028790757589604787,0.053235120636433965,0.014285905206785727,"[0.05, 0.1, 0.2, 0.3]",0.04834752706569838,0.04834752706569838,0.13804168727150484,0.9999999999999968,5898240,5898240,0,0.0,40,d1e71ffee26ad414f93462c3eb97ddfa99f503222f32c6ce2b8a74986d95e1b2,c734216816d993416996772f5ab15b61131e5c16bedb8cdaad4ff2d53e3bf9ac,exact ranked steps reconstructible from immutable per-pixel caches and full SHA tie rule
R0,0,1,0,1.0,0.35300555028872554,0.002758525055280164,0.011035586154427039,0.0070409845619214114,"[0.05, 0.1, 0.2, 0.3]",0.01930184953470801,0.01930184953470801,0.058635589326640744,0.9999999999999979,5242776,5242776,0,0.0,40,6a7b3b2e8ff79047a12a3f8b9524bf0e6cfa069b9d5f6c4c69c9d62b2512487e,1635d5de1f5c856436810da822cd5911a79b06ec7dcab61079e9e7f675e62803,exact ranked steps reconstructible from immutable per-pixel caches and full SHA tie rule
R0,0,1,1,0.9999999999991711,0.40500197672424626,0.4328505420915074,0.34995867581017953,0.45877378954625914,"[0.05, 0.1, 0.2, 0.3, 0.4]",0.29271702061178484,0.29271702061178484,0.7428200617232796,0.9999999999999998,475580,475580,0,0.0,40,7c213778eaa6dce009f21bcde469119d68616b2cbdcfda2ad32853ab6baa79ef,7f9c76d6dc4d8c08a2c814d7fab8089551a638965385c8528db7478ba0aed449,exact ranked steps reconstructible from immutable per-pixel caches and full SHA tie rule
R0,0,1,2,1.0,0.3641043721105768,0.39178888425168173,0.3503833152694243,0.45299052907217774,"[0.05, 0.1, 0.2, 0.3]",0.29846207934162017,0.29846207934162017,0.7143491002572884,0.9999999999999996,179884,179884,0,0.0,40,5f78fb2d5a1f303bae09c2de3b6809744080e49190bf54e0d4de2ba75f770b94,18c4f71b70ba70facd4435de26a55e67a34a03ca2b48e405b852724e87120596,exact ranked steps reconstructible from immutable per-pixel caches and full SHA tie rule
R0,0,1,foreground_macro,0.9999999999991711,,0.41231971317159455,0.3501709955398019,0.45588215930921844,"[0.05, 0.1, 0.2, 0.3]",0.2955895499767025,0.2955895499767025,0.728584580990284,0.9999999999999997,655464,655464,0,0.0,40,,,equal rim/cup macro; class-specific common-support bounds and raw curve hashes are reported separately
R1,0,1,overall,0.35607961018413814,0.35607961018413814,0.053235120636433965,0.053235120636433965,0.053235120636433965,"[0.05, 0.1, 0.2, 0.3]",0.5923612806532133,0.04834752706569838,0.13804168727150484,0.9999999999999968,2100243,5898240,0,0.0,40,e57758619cca4af52d3ab1c8535b025f27cafd844b247ba66548172b48d4eddb,3781ad3927b1af1137e6b08f104acdaa9a0fde1b4ee5b29cdd90eb4024c00ee6,exact ranked steps reconstructible from immutable per-pixel caches and full SHA tie rule
R1,0,1,0,0.35300555028872554,0.35300555028872554,0.011035586154427039,0.011035586154427039,0.011035586154427039,"[0.05, 0.1, 0.2, 0.3]",0.6233580126642614,0.01930184953470801,0.058635589326640744,0.9999999999999979,1848553,5242776,0,0.0,40,6d0cb80ed89848e9f03243f0fb69736f107a7bc9ab8a52a6618bcc64cf1e9eee,7e598ff7083d876546a5368257a1f5d59d609702ae59cab8f83ceb24f69b39d3,exact ranked steps reconstructible from immutable per-pixel caches and full SHA tie rule
R1,0,1,1,0.40500197672424626,0.40500197672424626,0.34995867581017953,0.34995867581017953,0.34995867581017953,"[0.05, 0.1, 0.2, 0.3, 0.4]",0.37937736999102284,0.29271702061178484,0.7428200617232796,0.9999999999999998,181306,475580,0,0.0,40,8e9d2b2e9c5dd93a8ca5a77a541ffc59ab495e933dc59ca34979a86295bce734,379c3cd9cfee01a3657d8a79a79f6c9381321542c3976bdc5047e9968b90b63e,exact ranked steps reconstructible from immutable per-pixel caches and full SHA tie rule
R1,0,1,2,0.3641043721105768,0.3641043721105768,0.3503833152694243,0.3503833152694243,0.3503833152694243,"[0.05, 0.1, 0.2, 0.3]",0.32236462598041915,0.29846207934162017,0.7143491002572884,0.9999999999999996,70384,179884,0,0.0,40,101bbc05b7ae0b3a803ff8d1e5634ad356cca464feadac3b9a177d6d920ffdb5,87a0808892b273365f936fb5388af3c2a87c96aeb07171388e52f2ea7dce0f60,exact ranked steps reconstructible from immutable per-pixel caches and full SHA tie rule
R1,0,1,foreground_macro,0.3641043721105768,,0.3501709955398019,0.3501709955398019,0.3501709955398019,"[0.05, 0.1, 0.2, 0.3]",0.35087099798572097,0.2955895499767025,0.728584580990284,0.9999999999999997,251690,655464,0,0.0,40,,,equal rim/cup macro; class-specific common-support bounds and raw curve hashes are reported separately
R2,0,1,overall,0.9999999999859658,0.35607961018413814,0.0023452800835034853,0.053235120636433965,0.014765284186215307,"[0.05, 0.1, 0.2, 0.3]",0.1213604215774271,0.04834752706569838,0.13804168727150484,0.9999999999999968,5898240,5898240,0,0.0,40,d1e71ffee26ad414f93462c3eb97ddfa99f503222f32c6ce2b8a74986d95e1b2,fdcd0af955211a723163a604eecf785bd416fbed7f54b28b7d3322dd1f3a790d,exact ranked steps reconstructible from immutable per-pixel caches and full SHA tie rule
R2,0,1,0,1.0,0.35300555028872554,0.0022526558181845523,0.011035586154427039,0.004840658792268074,"[0.05, 0.1, 0.2, 0.3]",0.10124436273990141,0.01930184953470801,0.058635589326640744,0.9999999999999979,5242776,5242776,0,0.0,40,3534846dd4f76ee0247888f22477b947bf0740d2089993cb35aeb0c8e6a3d967,0d6aadd1f31f1ac86e6f6b195e12eee6b654e444a3a1b3fe5e52f6f66447430b,exact ranked steps reconstructible from immutable per-pixel caches and full SHA tie rule
R2,0,1,1,1.0,0.40500197672424626,0.6561752772209126,0.34995867581017953,0.5583045273296231,"[0.05, 0.1, 0.2, 0.3, 0.4]",0.5076290764833977,0.29271702061178484,0.7428200617232796,0.9999999999999998,475580,475580,0,0.0,40,3db75664da5367d1fc34f87857c2cb1bc81c55119d09f6aeb4f2d61a345ebed1,b2e482222db52593a28c8ff66eeda8f75a6be29e9a6a4607700edb2c548e9fa7,exact ranked steps reconstructible from immutable per-pixel caches and full SHA tie rule
R2,0,1,2,1.0,0.3641043721105768,0.23845936937983558,0.3503833152694243,0.3677892866595612,"[0.05, 0.1, 0.2, 0.3]",0.19510361671424364,0.29846207934162017,0.7143491002572884,0.9999999999999996,179884,179884,0,0.0,40,67b1d0e2e900ef447777e22a094e56cc68db02e7b3cc94064553606a9f32c395,7aef9d3a56160a903963afa86c0bf8bcf3f03a9ac85129c834c5c254b5312ad4,exact ranked steps reconstructible from immutable per-pixel caches and full SHA tie rule
R2,0,1,foreground_macro,1.0,,0.4473173233003741,0.3501709955398019,0.46304690699459217,"[0.05, 0.1, 0.2, 0.3]",0.3513663465988207,0.2955895499767025,0.728584580990284,0.9999999999999997,655464,655464,0,0.0,40,,,equal rim/cup macro; class-specific common-support bounds and raw curve hashes are reported separately
R3,0,1,overall,0.9999999999859658,0.35607961018413814,0.000957265459157076,0.053235120636433965,0.014270518645510244,"[0.05, 0.1, 0.2, 0.3]",0.13969303156696544,0.04834752706569838,0.13804168727150484,0.9999999999999968,5898240,5898240,0,0.0,40,d1e71ffee26ad414f93462c3eb97ddfa99f503222f32c6ce2b8a74986d95e1b2,8afeab3630046cf9a9da25fcb00c0a8057c2797bd8b0e22374832e80641ff03d,exact ranked steps reconstructible from immutable per-pixel caches and full SHA tie rule
R3,0,1,0,1.0,0.35300555028872554,0.0008993161871961092,0.011035586154427039,0.003525248207102182,"[0.05, 0.1, 0.2, 0.3]",0.12345542104634837,0.01930184953470801,0.058635589326640744,0.9999999999999979,5242776,5242776,0,0.0,40,3e02e2b39f39a811b3bb0060630268925d24fb3ee6a4f603cd955febeb8fdb30,dbb89663b51a90e82d4546d321a004c2591a1897874ba31169065dd818b6c417,exact ranked steps reconstructible from immutable per-pixel caches and full SHA tie rule
R3,0,1,1,1.0,0.40500197672424626,0.6834292355113889,0.34995867581017953,0.5701135682091993,"[0.05, 0.1, 0.2, 0.3, 0.4]",0.5190956767524436,0.29271702061178484,0.7428200617232796,0.9999999999999998,475580,475580,0,0.0,40,226fb394901447c50ede72abaaad7f6189f97c21c81a47faf83840fc9cd57dd1,2e09dad26906e48efe28f7b559469cf7a1e263614d4db92526d73a24be540c50,exact ranked steps reconstructible from immutable per-pixel caches and full SHA tie rule
R3,0,1,2,1.0,0.3641043721105768,0.20703517856680256,0.3503833152694243,0.35444167479466315,"[0.05, 0.1, 0.2, 0.3]",0.09184040971908262,0.29846207934162017,0.7143491002572884,0.9999999999999996,179884,179884,0,0.0,40,6147112c66edb5a47b0f53b99eda153ab3ec1fc857f9111a8b5e69c23b052147,db91e9488b9b41eef5105a6b1cde315d9d2de35d469d30cfd54b6150221210fa,exact ranked steps reconstructible from immutable per-pixel caches and full SHA tie rule
R3,0,1,foreground_macro,1.0,,0.4452322070390957,0.3501709955398019,0.46227762150193125,"[0.05, 0.1, 0.2, 0.3]",0.3054680432357631,0.2955895499767025,0.728584580990284,0.9999999999999997,655464,655464,0,0.0,40,,,equal rim/cup macro; class-specific common-support bounds and raw curve hashes are reported separately
R0,0,2,overall,1.0,0.37078911675796855,0.005014507790158461,0.05927577926978622,0.030863853749467294,"[0.05, 0.1, 0.2, 0.3]",0.10028271857206733,0.10028271857206733,0.22808466802720037,1.000000000000004,3686400,3686400,0,0.0,25,be3fa21b7ed4817a005d1838bd123c7496335ecf2d2650f4661c4ed07ce5a42c,bb1ce958b6d408cfde8fdd1d540b7f382e0fe86c12768d6698b8c15afbd9a0f7,exact ranked steps reconstructible from immutable per-pixel caches and full SHA tie rule
R0,0,2,0,1.0,0.36655187954184354,0.004438525099270058,0.00608022581823608,0.02158818266169658,"[0.05, 0.1, 0.2, 0.3]",0.07364651694499352,0.07364651694499352,0.16048645816013374,0.9999999999999997,3362649,3362649,0,0.0,25,b610b6e11578e58deb959cbb633ab605e0fe3e8858fcd2c01f4dd8248f73b71b,f611b51805292cad9afa1ef0759710676b4d48cc999861a529845cce83928bb6,exact ranked steps reconstructible from immutable per-pixel caches and full SHA tie rule
R0,0,2,1,1.0,0.4207239801067227,0.7446134832065753,0.6816296209599146,0.6819266313553084,"[0.05, 0.1, 0.2, 0.3, 0.4]",0.4160104554726589,0.4160104554726589,1.0193062400139274,0.9999999999999997,237268,237268,0,0.0,25,35bc771ee6f3d5d74f47ed83d2e296d6525a9ded5773914d0f5be593fb6d02aa,57af87cb7c0062d62ed1273dffc8759ddeed0f744225d99e8d6694955e20496f,exact ranked steps reconstructible from immutable per-pixel caches and full SHA tie rule
R0,0,2,2,1.0,0.32618961978185584,0.4661448592747831,0.00772412936863485,0.37475850168864755,"[0.05, 0.1, 0.2, 0.3]",0.14158520929196328,0.14158520929196328,0.5027424862423681,1.0000000000000004,86483,86483,0,0.0,25,f9ed75be9408ef0d3bf8efa8a14e4984be7340869a523cee918afb400e350cce,8175c705dd89d5004b807bd114f552141a7290edb597e4a616d3b8e9aa06d6fe,exact ranked steps reconstructible from immutable per-pixel caches and full SHA tie rule
R0,0,2,foreground_macro,1.0,,0.6053791712406792,0.34467687516427475,0.528342566521978,"[0.05, 0.1, 0.2, 0.3]",0.2787978323823111,0.2787978323823111,0.7610243631281477,1.0,323751,323751,0,0.0,25,,,equal rim/cup macro; class-specific common-support bounds and raw curve hashes are reported separately
R1,0,2,overall,0.37078911675796855,0.37078911675796855,0.05927577926978622,0.05927577926978622,0.05927577926978622,"[0.05, 0.1, 0.2, 0.3]",0.5410064019097206,0.10028271857206733,0.22808466802720037,1.000000000000004,1366877,3686400,0,0.0,25,a83c2411a752c58ceed92ca0c85781360f62056c7971e0a250bf1b00828f471e,b12ccf11920847bbab8494babd9edad089ae7636ac084e8b48defec932feec68,exact ranked steps reconstructible from immutable per-pixel caches and full SHA tie rule
R1,0,2,0,0.36655187954184354,0.36655187954184354,0.00608022581823608,0.00608022581823608,0.00608022581823608,"[0.05, 0.1, 0.2, 0.3]",0.5483889720143187,0.07364651694499352,0.16048645816013374,0.9999999999999997,1222611,3362649,0,0.0,25,c5bc88c3c08e53264be0a8aff742f92b8379afd2e900267462976f2916102b7d,48db9acf71b9f050c8ee8f4e5b8af2f5be8ea0defa5be893093795ba62ff78c3,exact ranked steps reconstructible from immutable per-pixel caches and full SHA tie rule
R1,0,2,1,0.4207239801067227,0.4207239801067227,0.6816296209599146,0.6816296209599146,0.6816296209599146,"[0.05, 0.1, 0.2, 0.3, 0.4]",0.5099770292815713,0.4160104554726589,1.0193062400139274,0.9999999999999997,118511,237268,0,0.0,25,92332f71c96e868832404fc1a4fe09b31b09d7dca43f15ea41629188241b4d8f,c5de539ab714ccc9410c0c9a1c7d717a216d89a109dae51f493a22a757e8297a,exact ranked steps reconstructible from immutable per-pixel caches and full SHA tie rule
R1,0,2,2,0.32618961978185584,0.32618961978185584,0.00772412936863485,0.00772412936863485,0.00772412936863485,"[0.05, 0.1, 0.2, 0.3]",0.35299237554422197,0.14158520929196328,0.5027424862423681,1.0000000000000004,25755,86483,0,0.0,25,9c197b4a70f1ed3dbe60095ccb2aeb281ea0adab97679c5c0863872ce1ec59fe,f39ad66f5f5182e9ab6c41554eabead16986965f19a4c2b97c6db783cba15a61,exact ranked steps reconstructible from immutable per-pixel caches and full SHA tie rule
R1,0,2,foreground_macro,0.32618961978185584,,0.34467687516427475,0.34467687516427475,0.34467687516427475,"[0.05, 0.1, 0.2, 0.3]",0.4314847024128966,0.2787978323823111,0.7610243631281477,1.0,144266,323751,0,0.0,25,,,equal rim/cup macro; class-specific common-support bounds and raw curve hashes are reported separately
R2,0,2,overall,1.0,0.37078911675796855,0.0011095713392673603,0.05927577926978622,0.016424768557713628,"[0.05, 0.1, 0.2, 0.3]",0.14306726543951453,0.10028271857206733,0.22808466802720037,1.000000000000004,3686400,3686400,0,0.0,25,be3fa21b7ed4817a005d1838bd123c7496335ecf2d2650f4661c4ed07ce5a42c,77374b4cd5abae1c2785b5780c30cedbee4306d31468b48fedd1a714d25dfe8c,exact ranked steps reconstructible from immutable per-pixel caches and full SHA tie rule
R2,0,2,0,1.0,0.36655187954184354,0.0009378553281380888,0.00608022581823608,0.009026631951365145,"[0.05, 0.1, 0.2, 0.3]",0.12529462112125062,0.07364651694499352,0.16048645816013374,0.9999999999999997,3362649,3362649,0,0.0,25,c0951c693affdb8876e8464eeeb1e9cd945e2d5918cd68634f7fb3c63885884a,b9e4910525747f4881f7cdb731221fbf21d5f4e0a3e3f92a2372c7cb3cd2ca46,exact ranked steps reconstructible from immutable per-pixel caches and full SHA tie rule
R2,0,2,1,1.0,0.4207239801067227,0.44339552514942326,0.6816296209599146,0.523116913695362,"[0.05, 0.1, 0.2, 0.3, 0.4]",0.3139910659709649,0.4160104554726589,1.0193062400139274,0.9999999999999997,237268,237268,0,0.0,25,220552ff0c22f392f5d5272a1b58b0b0207014101348db051ec90208a83143a9,d8633143ee81d7c761db3a1dd2a178af531c145b05dc71d97cfb60b68450d627,exact ranked steps reconstructible from immutable per-pixel caches and full SHA tie rule
R2,0,2,2,1.0,0.32618961978185584,0.01768965857732621,0.00772412936863485,0.08164030857738351,"[0.05, 0.1, 0.2, 0.3]",0.16877209076660082,0.14158520929196328,0.5027424862423681,1.0000000000000004,86483,86483,0,0.0,25,4e192fd402123cd307ee86a5a8c0f41751f2955ab05fdf3ab7434191fc8a8797,cc1a316cc38339d851302300a5f377bdf336ae07d61da03e8ce5d495855041b0,exact ranked steps reconstructible from immutable per-pixel caches and full SHA tie rule
R2,0,2,foreground_macro,1.0,,0.23054259186337472,0.34467687516427475,0.3023786111363727,"[0.05, 0.1, 0.2, 0.3]",0.24138157836878285,0.2787978323823111,0.7610243631281477,1.0,323751,323751,0,0.0,25,,,equal rim/cup macro; class-specific common-support bounds and raw curve hashes are reported separately
R3,0,2,overall,1.0,0.37078911675796855,0.0010524290779202773,0.05927577926978622,0.016237077119782152,"[0.05, 0.1, 0.2, 0.3]",0.1464762972561485,0.10028271857206733,0.22808466802720037,1.000000000000004,3686400,3686400,0,0.0,25,be3fa21b7ed4817a005d1838bd123c7496335ecf2d2650f4661c4ed07ce5a42c,ea46bc90640a23a032153a32ea682f9ea6432ea8a46ddd6c805743ac05d65c18,exact ranked steps reconstructible from immutable per-pixel caches and full SHA tie rule
R3,0,2,0,1.0,0.36655187954184354,0.0008895417971412952,0.00608022581823608,0.008896794037934962,"[0.05, 0.1, 0.2, 0.3]",0.12799758392426816,0.07364651694499352,0.16048645816013374,0.9999999999999997,3362649,3362649,0,0.0,25,f9ca99695f6189efc1bd1a0bfe97eb9b8030c3ba2e34c46ecf3b8438d1aac518,e1a2baba99daeaf22248a0899b5c2e88ef7a3ade5c8135f4ff02f3d243899272,exact ranked steps reconstructible from immutable per-pixel caches and full SHA tie rule
R3,0,2,1,1.0,0.4207239801067227,0.4396598598594523,0.6816296209599146,0.5187952366648151,"[0.05, 0.1, 0.2, 0.3, 0.4]",0.31964734626205443,0.4160104554726589,1.0193062400139274,0.9999999999999997,237268,237268,0,0.0,25,eeb15481a208ba7c07239567b05a85bd1452d2a8fcb41fd5b9ff1afb9c7de752,895dac4219e6e95ddbdedce077b5083b930166d23d290859871b41385646c6ed,exact ranked steps reconstructible from immutable per-pixel caches and full SHA tie rule
R3,0,2,2,1.0,0.32618961978185584,0.014009911035329267,0.00772412936863485,0.07902198844982859,"[0.05, 0.1, 0.2, 0.3]",0.19876556785824337,0.14158520929196328,0.5027424862423681,1.0000000000000004,86483,86483,0,0.0,25,75172875e4cd29d7bca4d9c06019991ba2beece77ff7e3db00f8ee00095320b2,8ca031d9be0e94c4feee7460c25c512b4e88436b6a7ec92096dbe155a2896692,exact ranked steps reconstructible from immutable per-pixel caches and full SHA tie rule
R3,0,2,foreground_macro,1.0,,0.22683488544739078,0.34467687516427475,0.2989086125573218,"[0.05, 0.1, 0.2, 0.3]",0.2592064570601489,0.2787978323823111,0.7610243631281477,1.0,323751,323751,0,0.0,25,,,equal rim/cup macro; class-specific common-support bounds and raw curve hashes are reported separately
R0,1,0,overall,0.9999999997552335,0.37878892683398846,0.01571911326056724,0.04570665264746764,0.02781384896452673,"[0.05, 0.1, 0.2, 0.3]",0.05822286109166243,0.05822286109166243,0.1575069820534092,0.9999999999999684,14745600,14745600,2,1.3563368055555556e-07,100,5774ed8874f968377d2431020f35100ea922d2522cda6d9d3b06a19ddb28bf88,8cecbb486968a0bc17cc88560be1381f3b949f72f298a9e51039443c1c72bfd9,exact ranked steps reconstructible from immutable per-pixel caches and full SHA tie rule
R0,1,0,0,0.9999999999640703,0.379860920734228,0.014355350866726136,0.011335758943996087,0.016738847997088215,"[0.05, 0.1, 0.2, 0.3]",0.024727069341560437,0.024727069341560437,0.08385145767552826,0.9999999999999984,13104542,13104542,2,1.5004538873009086e-07,100,425ab31ef392ce8f7a6833bafbef0a965d9af5de0c5546aba5555cd027fbc730,7d0f6de544af817c1f591e75f239368479b8a69092936a3e8df03ee5d1cb6448,exact ranked steps reconstructible from immutable per-pixel caches and full SHA tie rule
R0,1,0,1,1.0,0.4144484453445625,0.3015101573044955,0.29788873336906124,0.3224433558348177,"[0.05, 0.1, 0.2, 0.3, 0.4]",0.2625148635821123,0.2625148635821123,0.6315821623650157,1.0000000000000004,1346843,1346843,0,0.0,100,42ae5163e7ef065fa5a2ed1eec2deb95b6a50d0465a6e877cc41ca4fe9dc0823,34e10ea7b83b8b72892bd6799c43f5b7510238092c86553cfe9964c88075cb6e,exact ranked steps reconstructible from immutable per-pixel caches and full SHA tie rule
R0,1,0,2,1.0,0.2871201702757627,0.40729817710937577,0.24442878909512164,0.531884052960117,"[0.05, 0.1, 0.2]",0.4260716451433575,0.4260716451433575,0.8843460094428679,0.9999999999999978,294215,294215,0,0.0,100,eea049e4773c54f79efd778bd8ae95d8efc483ae06d322fb8b9ad6bf1b285a0c,c3e4900878dbc54b977e4e503d9b727b9ceb1ef97e1310d3114876c45f4a9c71,exact ranked steps reconstructible from immutable per-pixel caches and full SHA tie rule
R0,1,0,foreground_macro,1.0,,0.3544041672069356,0.2711587612320914,0.4271637043974673,"[0.05, 0.1, 0.2]",0.3442932543627349,0.3442932543627349,0.7579640859039418,0.9999999999999991,1641058,1641058,0,0.0,100,,,equal rim/cup macro; class-specific common-support bounds and raw curve hashes are reported separately
R1,1,0,overall,0.37878892683398846,0.37878892683398846,0.04570665264746764,0.04570665264746764,0.04570665264746764,"[0.05, 0.1, 0.2, 0.3]",0.5610579427083476,0.05822286109166243,0.1575069820534092,0.9999999999999684,5585470,14745600,2,1.3563368055555556e-07,100,87e9c8e2ba5b95039fdadb1f4914a5f3484373d83940a754259a8d86b4bbab37,89b64128b2693163352694554f73fe008c10d7cb9c0250a97049596393e5151b,exact ranked steps reconstructible from immutable per-pixel caches and full SHA tie rule
R1,1,0,0,0.379860920734228,0.379860920734228,0.011335758943996087,0.011335758943996087,0.011335758943996087,"[0.05, 0.1, 0.2, 0.3]",0.5818473972973952,0.024727069341560437,0.08385145767552826,0.9999999999999984,4974002,13104542,2,1.5004538873009086e-07,100,5fadc7aaa68acaaa4f433ad0162b4758942eea3c7919115040682056f29c3083,4db25665bae8d796ba379da33e2d6f4c03c5cf8332c125977d4b54f7d3a5c1ee,exact ranked steps reconstructible from immutable per-pixel caches and full SHA tie rule
R1,1,0,1,0.4144484453445625,0.4144484453445625,0.29788873336906124,0.29788873336906124,0.29788873336906124,"[0.05, 0.1, 0.2, 0.3, 0.4]",0.4533109726662399,0.2625148635821123,0.6315821623650157,1.0000000000000004,559908,1346843,0,0.0,100,e18c753e7858ae487e3dc8d282feeb25503add3598ac73a55af3e1f01ccbb685,03047940f0568bee0f5235d9a50145d6d541611104be7f0830dd0350e981b04a,exact ranked steps reconstructible from immutable per-pixel caches and full SHA tie rule
R1,1,0,2,0.2871201702757627,0.2871201702757627,0.24442878909512164,0.24442878909512164,0.24442878909512164,"[0.05, 0.1, 0.2]",0.20231918598145432,0.4260716451433575,0.8843460094428679,0.9999999999999978,51560,294215,0,0.0,100,16cb023932ffad94c19d8deef8c442505467612e0bb2f93627956c49607e19be,8a9cd4a24acaaaf4c703824c110bf9c6d1819a8ef2db38ad6c858f05a9b84c59,exact ranked steps reconstructible from immutable per-pixel caches and full SHA tie rule
R1,1,0,foreground_macro,0.2871201702757627,,0.2711587612320914,0.2711587612320914,0.2711587612320914,"[0.05, 0.1, 0.2]",0.3278150793238471,0.3442932543627349,0.7579640859039418,0.9999999999999991,611468,1641058,0,0.0,100,,,equal rim/cup macro; class-specific common-support bounds and raw curve hashes are reported separately
R2,1,0,overall,0.999999864121553,0.37878892683398846,0.011901637420123241,0.04570665264746764,0.025039543624515964,"[0.05, 0.1, 0.2, 0.3]",0.19069311733454067,0.05822286109166243,0.1575069820534092,0.9999999999999684,14745598,14745600,2,1.3563368055555556e-07,100,246f22dabaf6bd3df273d5f77d571e3c646f832471696d92b34d34cdbae5f2fb,617c815d7ac5228b1ed1e95b85fd9cd71ec580bd3e6788cf7fb83e42e4c6e7af,exact ranked steps reconstructible from immutable per-pixel caches and full SHA tie rule
R2,1,0,0,0.9999998499173699,0.379860920734228,0.011544059621697718,0.011335758943996087,0.011782188164195207,"[0.05, 0.1, 0.2, 0.3]",0.18474223824630992,0.024727069341560437,0.08385145767552826,0.9999999999999984,13104540,13104542,2,1.5004538873009086e-07,100,d20bcfd0d8476966d91fa2689e2761a9afbb09d920d008a9a87e543cef1366b8,e1627a609398a542014b55a6c047180f2190a04259bf2b5005a046132328e64b,exact ranked steps reconstructible from immutable per-pixel caches and full SHA tie rule
R2,1,0,1,1.0,0.4144484453445625,0.32811505554411846,0.29788873336906124,0.35983323334446715,"[0.05, 0.1, 0.2, 0.3, 0.4]",0.3901117952928076,0.2625148635821123,0.6315821623650157,1.0000000000000004,1346843,1346843,0,0.0,100,916db5cd85a32ea792f47a846cd33c6687c52c1edce76d6014265c2aed0e4e28,da127d4c76c0159a3d56977e79dd840d573b4b39c295fc7ffe976db140edb1d2,exact ranked steps reconstructible from immutable per-pixel caches and full SHA tie rule
R2,1,0,2,1.0,0.2871201702757627,0.11443300989381637,0.24442878909512164,0.3494089733871563,"[0.05, 0.1, 0.2]",0.061032449768655087,0.4260716451433575,0.8843460094428679,0.9999999999999978,294215,294215,0,0.0,100,e16fd3ae2454a4331dc41147b73c01c80be47cfb7e6effcc5cdd8a5030745e8f,3f9f08c75543ca5899afd3ad8a65a4bdb37cf9f4271ab8cff00f831d8b87397c,exact ranked steps reconstructible from immutable per-pixel caches and full SHA tie rule
R2,1,0,foreground_macro,1.0,,0.22127403271896742,0.2711587612320914,0.35462110336581176,"[0.05, 0.1, 0.2]",0.22557212253073133,0.3442932543627349,0.7579640859039418,0.9999999999999991,1641058,1641058,0,0.0,100,,,equal rim/cup macro; class-specific common-support bounds and raw curve hashes are reported separately
R3,1,0,overall,0.999999864121553,0.37878892683398846,0.011901637420123241,0.04570665264746764,0.025039543624515964,"[0.05, 0.1, 0.2, 0.3]",0.19069311733454067,0.05822286109166243,0.1575069820534092,0.9999999999999684,14745598,14745600,2,1.3563368055555556e-07,100,246f22dabaf6bd3df273d5f77d571e3c646f832471696d92b34d34cdbae5f2fb,617c815d7ac5228b1ed1e95b85fd9cd71ec580bd3e6788cf7fb83e42e4c6e7af,exact ranked steps reconstructible from immutable per-pixel caches and full SHA tie rule
R3,1,0,0,0.9999998499173699,0.379860920734228,0.011544059621697718,0.011335758943996087,0.011782188164195207,"[0.05, 0.1, 0.2, 0.3]",0.18474223824630992,0.024727069341560437,0.08385145767552826,0.9999999999999984,13104540,13104542,2,1.5004538873009086e-07,100,d20bcfd0d8476966d91fa2689e2761a9afbb09d920d008a9a87e543cef1366b8,e1627a609398a542014b55a6c047180f2190a04259bf2b5005a046132328e64b,exact ranked steps reconstructible from immutable per-pixel caches and full SHA tie rule
R3,1,0,1,1.0,0.4144484453445625,0.32811505554411846,0.29788873336906124,0.35983323334446715,"[0.05, 0.1, 0.2, 0.3, 0.4]",0.3901117952928076,0.2625148635821123,0.6315821623650157,1.0000000000000004,1346843,1346843,0,0.0,100,916db5cd85a32ea792f47a846cd33c6687c52c1edce76d6014265c2aed0e4e28,da127d4c76c0159a3d56977e79dd840d573b4b39c295fc7ffe976db140edb1d2,exact ranked steps reconstructible from immutable per-pixel caches and full SHA tie rule
R3,1,0,2,1.0,0.2871201702757627,0.11443300989381637,0.24442878909512164,0.3494089733871563,"[0.05, 0.1, 0.2]",0.061032449768655087,0.4260716451433575,0.8843460094428679,0.9999999999999978,294215,294215,0,0.0,100,e16fd3ae2454a4331dc41147b73c01c80be47cfb7e6effcc5cdd8a5030745e8f,3f9f08c75543ca5899afd3ad8a65a4bdb37cf9f4271ab8cff00f831d8b87397c,exact ranked steps reconstructible from immutable per-pixel caches and full SHA tie rule
R3,1,0,foreground_macro,1.0,,0.22127403271896742,0.2711587612320914,0.35462110336581176,"[0.05, 0.1, 0.2]",0.22557212253073133,0.3442932543627349,0.7579640859039418,0.9999999999999991,1641058,1641058,0,0.0,100,,,equal rim/cup macro; class-specific common-support bounds and raw curve hashes are reported separately
R0,1,1,overall,0.9999999999859658,0.3686435275559171,0.007121477396446148,0.04027066595074627,0.034498812245449505,"[0.05, 0.1, 0.2, 0.3]",0.07524067176880864,0.07524067176880864,0.2097740195774278,0.9999999999999968,5898240,5898240,0,0.0,40,d1e71ffee26ad414f93462c3eb97ddfa99f503222f32c6ce2b8a74986d95e1b2,abdb39af37474200afc14dbce4e66a880a53a640db0fa169456ee593d6404fb5,exact ranked steps reconstructible from immutable per-pixel caches and full SHA tie rule
R0,1,1,0,1.0,0.38131183494924653,0.005377452652093212,0.00468092488428878,0.013439116269963235,"[0.05, 0.1, 0.2, 0.3]",0.02836157854451185,0.02836157854451185,0.09384154829109774,1.0000000000000007,5107564,5107564,0,0.0,40,1c858abd1aae338b459317a3ff09b37b587fd1b1021eed33002b3a8608ef562b,2b29e41fd36a13a1c2d23d7ab6d88cabe41c563e4e61bbbc215b271fb8a08dbb,exact ranked steps reconstructible from immutable per-pixel caches and full SHA tie rule
R0,1,1,1,1.0,0.4265957632909677,0.41396057773799966,0.31930041817569155,0.448794041611575,"[0.05, 0.1, 0.2, 0.3, 0.4]",0.3646786942391792,0.3646786942391792,0.8054026443647093,1.0000000000000002,531830,531830,0,0.0,40,279bd56ff015738165b04e8ee3521063ed2bcd745ee315cb468cacc2766d9077,8d4c0e1459cfbc63a0e98bbeade886afab67c10638ae3cce1aa02e227da0c93e,exact ranked steps reconstructible from immutable per-pixel caches and full SHA tie rule
R0,1,1,2,1.0,0.0518200815003462,0.9382441909624711,0.6273295773300761,0.9143886833376917,[0.05],0.6552426558181863,0.6552426558181863,1.100177267737794,0.9999999999999983,258846,258846,0,0.0,40,60773c6547bd07c42aaf732871084eb84972ee7b34f2394f211416cc465004d0,b3efebcda086f396573b3d1a2ebf1f3505d950a9cdb33631f6912f92abddded0,exact ranked steps reconstructible from immutable per-pixel caches and full SHA tie rule
R0,1,1,foreground_macro,1.0,,0.6761023843502354,0.4733149977528838,0.6815913624746334,[0.05],0.5099606750286827,0.5099606750286827,0.9527899560512516,0.9999999999999993,790676,790676,0,0.0,40,,,equal rim/cup macro; class-specific common-support bounds and raw curve hashes are reported separately
R1,1,1,overall,0.3686435275559171,0.3686435275559171,0.04027066595074627,0.04027066595074627,0.04027066595074627,"[0.05, 0.1, 0.2, 0.3]",0.5294289482964419,0.07524067176880864,0.2097740195774278,0.9999999999999968,2174348,5898240,0,0.0,40,1e056a1e14a3e142661b1d649e8f2ef8a66f9733ae976cfd4ec118bb5927c8d4,cdb961aad063ee8a33793b0b8c306cc5ebbf820a24bf682b0726bc8dec39d16d,exact ranked steps reconstructible from immutable per-pixel caches and full SHA tie rule
R1,1,1,0,0.38131183494924653,0.38131183494924653,0.00468092488428878,0.00468092488428878,0.00468092488428878,"[0.05, 0.1, 0.2, 0.3]",0.5728283950393851,0.02836157854451185,0.09384154829109774,1.0000000000000007,1942060,5107564,0,0.0,40,fd28b433519a2c467e2750055ee6a81d2d99f69428249a237b866b4bf9d62134,b833541a3eb3c91789b515899459bd5c786757f24b12364bc51773ca40181c2b,exact ranked steps reconstructible from immutable per-pixel caches and full SHA tie rule
R1,1,1,1,0.4265957632909677,0.4265957632909677,0.31930041817569155,0.31930041817569155,0.31930041817569155,"[0.05, 0.1, 0.2, 0.3, 0.4]",0.3374638934418061,0.3646786942391792,0.8054026443647093,1.0000000000000002,224805,531830,0,0.0,40,03979a3e46c1406642d2f7f2981348703c8e785595a010533094a87ff86f7942,74f7de3d77ae75b779dbacdacd23ffa99bb0fea75f22292a8b380aa09b3f0d5e,exact ranked steps reconstructible from immutable per-pixel caches and full SHA tie rule
R1,1,1,2,0.0518200815003462,0.0518200815003462,0.6273295773300761,0.6273295773300761,0.6273295773300761,[0.05],0.08726455198360503,0.6552426558181863,1.100177267737794,0.9999999999999983,7483,258846,0,0.0,40,8ccc6b9fb74be07840eb4d7e12711f9fbdaad34eb1653af7ac03301c3d16287b,22b5f7f14c0d9741cb04ffdd295b3eb5f1e34b717b22a6481513b97e946679b1,exact ranked steps reconstructible from immutable per-pixel caches and full SHA tie rule
R1,1,1,foreground_macro,0.0518200815003462,,0.4733149977528838,0.4733149977528838,0.4733149977528838,[0.05],0.21236422271270555,0.5099606750286827,0.9527899560512516,0.9999999999999993,232288,790676,0,0.0,40,,,equal rim/cup macro; class-specific common-support bounds and raw curve hashes are reported separately
R2,1,1,overall,0.9999999999859658,0.3686435275559171,0.005187736753488398,0.04027066595074627,0.020343051328271893,"[0.05, 0.1, 0.2, 0.3]",0.06664250401466564,0.07524067176880864,0.2097740195774278,0.9999999999999968,5898240,5898240,0,0.0,40,d1e71ffee26ad414f93462c3eb97ddfa99f503222f32c6ce2b8a74986d95e1b2,9b20cd4cf54e7e2ea564c7f3ece05f18fd31fdc81de70e5ac384e1cc256f5c6e,exact ranked steps reconstructible from immutable per-pixel caches and full SHA tie rule
R2,1,1,0,1.0,0.38131183494924653,0.005118835184812605,0.00468092488428878,0.007658630092224678,"[0.05, 0.1, 0.2, 0.3]",0.06826064013546779,0.02836157854451185,0.09384154829109774,1.0000000000000007,5107564,5107564,0,0.0,40,295076387e79890e647f865f07f4bb1271f267a1819caed4369599a5c0dd9b63,7fd259977a212338f0a388fce14189f679cafbf977a18d83a479e9d7876faca5,exact ranked steps reconstructible from immutable per-pixel caches and full SHA tie rule
R2,1,1,1,1.0,0.4265957632909677,0.4580029483408923,0.31930041817569155,0.4533564424230488,"[0.05, 0.1, 0.2, 0.3, 0.4]",0.24396578530613258,0.3646786942391792,0.8054026443647093,1.0000000000000002,531830,531830,0,0.0,40,d8d6813806057d4659037a4de9f9b1081b7d27ae03e1e43207ef47ccec952de7,daab2f3332906932bc38923002ca1526fcbaca5d4ced64f8a03ffb384570ab0b,exact ranked steps reconstructible from immutable per-pixel caches and full SHA tie rule
R2,1,1,2,0.9999999999999719,0.0518200815003462,0.28658771198979677,0.6273295773300761,0.7745770252914531,[0.05],0.03208783643244861,0.6552426558181863,1.100177267737794,0.9999999999999983,258846,258846,0,0.0,40,2662e2dc65c629ccd4b0749617bd042c7ef76ad6e2a6ca23887d124eab6a082c,a3f5d5ecd4d2e612cd00ab2f6bb27bb2ed89b69cd5622609828f97790e0ba03e,exact ranked steps reconstructible from immutable per-pixel caches and full SHA tie rule
R2,1,1,foreground_macro,0.9999999999999719,,0.37229533016534455,0.4733149977528838,0.613966733857251,[0.05],0.13802681086929058,0.5099606750286827,0.9527899560512516,0.9999999999999993,790676,790676,0,0.0,40,,,equal rim/cup macro; class-specific common-support bounds and raw curve hashes are reported separately
R3,1,1,overall,0.9999999999859658,0.3686435275559171,0.004143703173528878,0.04027066595074627,0.0212970270803349,"[0.05, 0.1, 0.2, 0.3]",0.14646561311864995,0.07524067176880864,0.2097740195774278,0.9999999999999968,5898240,5898240,0,0.0,40,d1e71ffee26ad414f93462c3eb97ddfa99f503222f32c6ce2b8a74986d95e1b2,2c273df114f4b9699a68a64505a4d28a52cc96c5ae31c70aa01f09818f97138b,exact ranked steps reconstructible from immutable per-pixel caches and full SHA tie rule
R3,1,1,0,1.0,0.38131183494924653,0.004110462878868017,0.00468092488428878,0.006512194742303437,"[0.05, 0.1, 0.2, 0.3]",0.1414774469031013,0.02836157854451185,0.09384154829109774,1.0000000000000007,5107564,5107564,0,0.0,40,321e11413e57c2f7fc3dd82ab4306ce466afb577f8cc4c4e14f6a704c628dc22,968981d324f4341ca44f0c1b3ea555fa08dd994d98da0260986db39919c69eb9,exact ranked steps reconstructible from immutable per-pixel caches and full SHA tie rule
R3,1,1,1,1.0,0.4265957632909677,0.5230313688264342,0.31930041817569155,0.49189659497294513,"[0.05, 0.1, 0.2, 0.3, 0.4]",0.3922445834294293,0.3646786942391792,0.8054026443647093,1.0000000000000002,531830,531830,0,0.0,40,033647c247ac31c876f865dbc0dbb8458e7bd4f66b2d0cb57f153701e0d0be90,ee0c243aa437b23beb0f8c2351e5ce76320768cfbba09d89c77cca4c1418db8d,exact ranked steps reconstructible from immutable per-pixel caches and full SHA tie rule
R3,1,1,2,0.9999999999999816,0.0518200815003462,0.2819215000794805,0.6273295773300761,0.7735625877662207,[0.05],0.03198756581322089,0.6552426558181863,1.100177267737794,0.9999999999999983,258846,258846,0,0.0,40,af16f67570762f40c8550620211e37e08db19f7cfce3805bf3f0e95ccbdb8bb3,adb2a39ebdf4b83c0894de7e22e33b77a080444bdd5f7000273a8d075cf53bce,exact ranked steps reconstructible from immutable per-pixel caches and full SHA tie rule
R3,1,1,foreground_macro,0.9999999999999816,,0.40247643445295733,0.4733149977528838,0.632729591369583,[0.05],0.2121160746213251,0.5099606750286827,0.9527899560512516,0.9999999999999993,790676,790676,0,0.0,40,,,equal rim/cup macro; class-specific common-support bounds and raw curve hashes are reported separately
R0,1,2,overall,1.0,0.3783192274355587,0.007989564492035726,0.044916541806503486,0.05493093427522756,"[0.05, 0.1, 0.2, 0.3]",0.1270061695868444,0.1270061695868444,0.3164935933309355,1.000000000000004,3686400,3686400,0,0.0,25,be3fa21b7ed4817a005d1838bd123c7496335ecf2d2650f4661c4ed07ce5a42c,1b728cd1744e1a7289b248075695b2e6a8adedc7c81ee7872094ae8cdc2791a2,exact ranked steps reconstructible from immutable per-pixel caches and full SHA tie rule
R0,1,2,0,0.999999999989696,0.42182037960155605,0.0035590835691716293,0.012213406464211941,0.01656908918788886,"[0.05, 0.1, 0.2, 0.3, 0.4]",0.04146270920726401,0.04146270920726401,0.14468552154589084,0.9999999999999998,2999306,2999306,0,0.0,25,266f9900881f80d81799c334b0be4c1123ab85a429f4b0e0a3424d7f766a3953,661bd3dddb345c2de8079b010656c3d167b602108329136d124b7ca6582140d3,exact ranked steps reconstructible from immutable per-pixel caches and full SHA tie rule
R0,1,2,1,1.0,0.29478232898902307,0.6228675078614071,0.35692702626680023,0.5888830996383031,"[0.05, 0.1, 0.2]",0.42271086902963695,0.42271086902963695,0.982062795995089,1.0000000000000002,482981,482981,0,0.0,25,11b3debb2a0a7cb9f427c3c57954d302827b00bcfdb4fa9a8c8497e9d9caa968,1db2b014e913b28661d8f997c1b4efef0131c9ac39f15a271f2384077f726984,exact ranked steps reconstructible from immutable per-pixel caches and full SHA tie rule
R0,1,2,2,1.0,0.05397773614129288,0.7774630499870673,0.11398688886535142,0.7411764602751191,[0.05],0.468635805920782,0.468635805920782,0.9420540875917929,1.0000000000000002,204113,204113,0,0.0,25,8067f05da614a5c2e173e0103eee5dce0281325ed6ef7a51278eaac6eb9c208e,0516ca84059b325f8f213da9c1665baf49d3dff8ba796e0310c92f4efe130de0,exact ranked steps reconstructible from immutable per-pixel caches and full SHA tie rule
R0,1,2,foreground_macro,1.0,,0.7001652789242372,0.23545695756607582,0.6650297799567111,[0.05],0.4456733374752095,0.4456733374752095,0.962058441793441,1.0000000000000002,687094,687094,0,0.0,25,,,equal rim/cup macro; class-specific common-support bounds and raw curve hashes are reported separately
R1,1,2,overall,0.3783192274355587,0.3783192274355587,0.044916541806503486,0.044916541806503486,0.044916541806503486,"[0.05, 0.1, 0.2, 0.3]",0.45821831597222057,0.1270061695868444,0.3164935933309355,1.000000000000004,1394636,3686400,0,0.0,25,fb8b472123a2b7dc7866143ee7e3b5bc41fc14df6439f0145119464d0681e2e8,3599c0deb69550bb25c13b9f0ed287b1db333113d0382d4d574643ee9007ac8c,exact ranked steps reconstructible from immutable per-pixel caches and full SHA tie rule
R1,1,2,0,0.42182037960155605,0.42182037960155605,0.012213406464211941,0.012213406464211941,0.012213406464211941,"[0.05, 0.1, 0.2, 0.3, 0.4]",0.5039862558982644,0.04146270920726401,0.14468552154589084,0.9999999999999998,1252077,2999306,0,0.0,25,fcffdfd6f1f2942bbc2ba124d49d443e09c227e4d7e5cd003654ecee7a6cb175,bc5a7d5813ac9c87ad80ae1b13e981270f73c664927be4c902c899ff317abb94,exact ranked steps reconstructible from immutable per-pixel caches and full SHA tie rule
R1,1,2,1,0.29478232898902307,0.29478232898902307,0.35692702626680023,0.35692702626680023,0.35692702626680023,"[0.05, 0.1, 0.2]",0.3207202474431042,0.42271086902963695,0.982062795995089,1.0000000000000002,134266,482981,0,0.0,25,a6ac770d6cb4df17d2c67e772b9e379fdad0c137cbb15e68f07211d0d23c5165,80f9be959c211a1e7744a1ba8b6d31268c20e23dd4a3e459e9ca572fcba4f317,exact ranked steps reconstructible from immutable per-pixel caches and full SHA tie rule
R1,1,2,2,0.05397773614129288,0.05397773614129288,0.11398688886535142,0.11398688886535142,0.11398688886535142,[0.05],0.2058769497778057,0.468635805920782,0.9420540875917929,1.0000000000000002,8293,204113,0,0.0,25,3d23ec66d4dd9862f41d3e67b0a3d4d2b5c8a3754976a6f00a7660f0bb668a69,c944382777ad1aeb1c1d0412e89df9e65f27186287d663859724ab57ef42db83,exact ranked steps reconstructible from immutable per-pixel caches and full SHA tie rule
R1,1,2,foreground_macro,0.05397773614129288,,0.23545695756607582,0.23545695756607582,0.23545695756607582,[0.05],0.26329859861045496,0.4456733374752095,0.962058441793441,1.0000000000000002,142559,687094,0,0.0,25,,,equal rim/cup macro; class-specific common-support bounds and raw curve hashes are reported separately
R2,1,2,overall,1.0,0.3783192274355587,0.002879961451424582,0.044916541806503486,0.02887998368348066,"[0.05, 0.1, 0.2, 0.3]",0.08831323632822324,0.1270061695868444,0.3164935933309355,1.000000000000004,3686400,3686400,0,0.0,25,be3fa21b7ed4817a005d1838bd123c7496335ecf2d2650f4661c4ed07ce5a42c,cc911d0cf293c50e8849d7113d7c0ffe4e274fc1fa1a2dc8e41ba0eb053f749c,exact ranked steps reconstructible from immutable per-pixel caches and full SHA tie rule
R2,1,2,0,0.9999999999896342,0.42182037960155605,0.0027485853234340885,0.012213406464211941,0.007174266808495397,"[0.05, 0.1, 0.2, 0.3, 0.4]",0.08383721912157935,0.04146270920726401,0.14468552154589084,0.9999999999999998,2999306,2999306,0,0.0,25,f9f02fadb22a1c301b701c47b04263bff5ba2dfc6d19239a688e2d562124fefb,8551f46479513b70a0d6a3e02039c0b180160dc21694e71c0f7273a5937e8213,exact ranked steps reconstructible from immutable per-pixel caches and full SHA tie rule
R2,1,2,1,1.0,0.29478232898902307,0.2659730128948869,0.35692702626680023,0.3891119413174985,"[0.05, 0.1, 0.2]",0.1823423979535254,0.42271086902963695,0.982062795995089,1.0000000000000002,482981,482981,0,0.0,25,24611869f3437c6eebd761bd3da7eabea66f63fd86638d96501d8ea9de3a277e,60ce661b750f677e7b8e48b2375fc11b9844a811aa41503d4fe5acea22f0f86a,exact ranked steps reconstructible from immutable per-pixel caches and full SHA tie rule
R2,1,2,2,1.0,0.05397773614129288,0.0313180090923013,0.11398688886535142,0.4228055136099528,[0.05],0.06235219973736015,0.468635805920782,0.9420540875917929,1.0000000000000002,204113,204113,0,0.0,25,676bcc1c5a1edd8790bf86f5ef3e82d158dc492ccb6f1309231addebe78c7e38,7cd1a6179744d421dbb44e7f41df5c843e9a880356163d7b0f23b64f205ccdd2,exact ranked steps reconstructible from immutable per-pixel caches and full SHA tie rule
R2,1,2,foreground_macro,1.0,,0.1486455109935941,0.23545695756607582,0.40595872746372563,[0.05],0.12234729884544276,0.4456733374752095,0.962058441793441,1.0000000000000002,687094,687094,0,0.0,25,,,equal rim/cup macro; class-specific common-support bounds and raw curve hashes are reported separately
R3,1,2,overall,1.0,0.3783192274355587,0.002829061949529642,0.044916541806503486,0.02849448888356111,"[0.05, 0.1, 0.2, 0.3]",0.09615925520436076,0.1270061695868444,0.3164935933309355,1.000000000000004,3686400,3686400,0,0.0,25,be3fa21b7ed4817a005d1838bd123c7496335ecf2d2650f4661c4ed07ce5a42c,ddeacdc503a6e4501d5e7a822bbe689fa7adff5c1efef769a90a62467c651868,exact ranked steps reconstructible from immutable per-pixel caches and full SHA tie rule
R3,1,2,0,0.9999999999896392,0.42182037960155605,0.002742016604193516,0.012213406464211941,0.00717675771663554,"[0.05, 0.1, 0.2, 0.3, 0.4]",0.08417107397187626,0.04146270920726401,0.14468552154589084,0.9999999999999998,2999306,2999306,0,0.0,25,e9a96b15a6707af48ff148c4f03b157217c16c63b6673e024558c8f9233aae4d,b758ab6c59b3619288a0234784b2b647b4544d5448b4ab01156f49af290324ce,exact ranked steps reconstructible from immutable per-pixel caches and full SHA tie rule
R3,1,2,1,1.0,0.29478232898902307,0.25358726766527634,0.35692702626680023,0.38277127893149443,"[0.05, 0.1, 0.2]",0.21333273531026453,0.42271086902963695,0.982062795995089,1.0000000000000002,482981,482981,0,0.0,25,5a283c34159e0063d3ff364d857d8aacdb1c346480d8216c949f47090c732354,0c918a5ed23220e75470147272a2dbd63e896fb4f04ad26c7f71765def2def4a,exact ranked steps reconstructible from immutable per-pixel caches and full SHA tie rule
R3,1,2,2,1.0,0.05397773614129288,0.022677407692290378,0.11398688886535142,0.4196875363093018,[0.05],0.10931989907293685,0.468635805920782,0.9420540875917929,1.0000000000000002,204113,204113,0,0.0,25,4446af927b7b69bd8ee5c8aeb508c3d8ff85bcdee6063194275ec8271ff2a620,1d3186135da7bbc51e282ca5af0168d2023c24ff40fd792d7e59c454f228c6aa,exact ranked steps reconstructible from immutable per-pixel caches and full SHA tie rule
R3,1,2,foreground_macro,1.0,,0.13813233767878336,0.23545695756607582,0.4012294076203981,[0.05],0.16132631719160068,0.4456733374752095,0.962058441793441,1.0000000000000002,687094,687094,0,0.0,25,,,equal rim/cup macro; class-specific common-support bounds and raw curve hashes are reported separately
R0,2,0,overall,0.9999999997552335,0.24137946235922106,0.011668425824783231,0.009027025436447688,0.042324938398726045,"[0.05, 0.1, 0.2]",0.0842294705281661,0.0842294705281661,0.22513321715302806,0.9999999999999684,14745600,14745600,86,5.832248263888887e-06,100,5774ed8874f968377d2431020f35100ea922d2522cda6d9d3b06a19ddb28bf88,25a098355a7a900c1ef58427200ab377d5480aba642faddd32b0f3920d013c2f,exact ranked steps reconstructible from immutable per-pixel caches and full SHA tie rule
R0,2,0,0,1.0,0.26834666801240437,0.009330634604765348,0.0025476618188912175,0.02333405928411088,"[0.05, 0.1, 0.2]",0.03887242746037624,0.03887242746037624,0.12921875308315245,0.9999999999999996,13078553,13078553,85,6.274718326661365e-06,100,e82d35703d259b8c277a8ba575ba369265b957b59ebd0bc46f9ae39b3362cc63,10829ded5ca0364ccdf7310e7fc5b7a8ca7660899b05e935ad74a5381ace1ce6,exact ranked steps reconstructible from immutable per-pixel caches and full SHA tie rule
R0,2,0,1,1.0,0.020920392287295857,0.2598374744133651,0.3574171625705023,0.45903688840196294,[],0.3674119680087793,0.3674119680087793,0.8117503286743138,0.9999999999999988,1101280,1101280,1,1.2782819890067749e-06,100,9ba5d5192ab31c2d111a4da26c165d869e8b6e9b7a9529b02a330c2c722aafaa,9fd760470a7da578334a2592654b0efaf4e57f93c7a12f70c0c9525ed2e747ef,exact ranked steps reconstructible from immutable per-pixel caches and full SHA tie rule
R0,2,0,2,0.9999999999995092,0.08071509077891019,0.2298126305349275,0.2964234587019944,0.5346827309794387,[0.05],0.4465091441979484,0.4465091441979484,0.9318934124679191,1.0000000000000013,565767,565767,0,0.0,100,e102a00b578fd0387dd4967be40374a1f8e48bfbed7f6f5b0aa6683c3dbf87d7,aa32ead6556cb5ad417eaf26b452f63bf3bf043f9b078092ad084b2d0b87a19a,exact ranked steps reconstructible from immutable per-pixel caches and full SHA tie rule
R0,2,0,foreground_macro,0.9999999999995092,,0.2448250524741463,0.3269203106362484,0.49685980969070087,[],0.40696055610336385,0.40696055610336385,0.8718218705711165,1.0,1667047,1667047,1,6.391409945033874e-07,100,,,equal rim/cup macro; class-specific common-support bounds and raw curve hashes are reported separately
R1,2,0,overall,0.24137946235922106,0.24137946235922106,0.009027025436447688,0.009027025436447688,0.009027025436447688,"[0.05, 0.1, 0.2]",0.623928493923632,0.0842294705281661,0.22513321715302806,0.9999999999999684,3559285,14745600,86,5.832248263888887e-06,100,9899479b4657d231a92cf7da00b2df6624b2b3a48a66f56ea4b6977796799662,f325891088082972e2153f93e55841c66c1500b3bdd4d814d2ed6505004a2a56,exact ranked steps reconstructible from immutable per-pixel caches and full SHA tie rule
R1,2,0,0,0.26834666801240437,0.26834666801240437,0.0025476618188912175,0.0025476618188912175,0.0025476618188912175,"[0.05, 0.1, 0.2]",0.6620234613049034,0.03887242746037624,0.12921875308315245,0.9999999999999996,3495826,13078553,85,6.274718326661365e-06,100,4e03d9041ed4a0f48a0d8bb7934b5117dbbf1fa3346290b4ea921fbedbd1ca17,4bfb496454622d09393d6b9e983a6b46a75f86e54d82f79d9f4ac6f5b78641ab,exact ranked steps reconstructible from immutable per-pixel caches and full SHA tie rule
R1,2,0,1,0.020920392287295857,0.020920392287295857,0.3574171625705023,0.3574171625705023,0.3574171625705023,[],0.45541605504602356,0.3674119680087793,0.8117503286743138,0.9999999999999988,22325,1101280,1,1.2782819890067749e-06,100,722c7d3f84bb9c801c2a1f079630fac1806c171f02b5121a372f5c92ebe3204e,26d92d683a1c4826354ed8b59221962ede01a0c33c5aac75e6a2bbfb1c82c167,exact ranked steps reconstructible from immutable per-pixel caches and full SHA tie rule
R1,2,0,2,0.08071509077891019,0.08071509077891019,0.2964234587019944,0.2964234587019944,0.2964234587019944,[0.05],0.2870209533226942,0.4465091441979484,0.9318934124679191,1.0000000000000013,41134,565767,0,0.0,100,7cd39334abdf2a448d362951cf15f559d7390ad05b62d717bab7391f4073dd07,57be37f3fe664b1d83768930fb7d87b3c567a6c0dc7ebfdcf5dcc9d6b29354a6,exact ranked steps reconstructible from immutable per-pixel caches and full SHA tie rule
R1,2,0,foreground_macro,0.020920392287295857,,0.3269203106362484,0.3269203106362484,0.3269203106362484,[],0.37121850418435887,0.40696055610336385,0.8718218705711165,1.0,63459,1667047,1,6.391409945033874e-07,100,,,equal rim/cup macro; class-specific common-support bounds and raw curve hashes are reported separately
R2,2,0,overall,0.9999941675069716,0.24137946235922106,0.003667826403359876,0.009027025436447688,0.037626176935690155,"[0.05, 0.1, 0.2]",0.20418956454877438,0.0842294705281661,0.22513321715302806,0.9999999999999684,14745514,14745600,86,5.832248263888887e-06,100,f01162b7f2e348da583e58a78a894307e61a9725fe2d3a0ec6d6afa04bbf0e15,b9342433e08cb8ba32e270b997c73af1751038ff9c54a16d10133666dcedd4e1,exact ranked steps reconstructible from immutable per-pixel caches and full SHA tie rule
R2,2,0,0,0.9999937252926308,0.26834666801240437,0.0030872857394248477,0.0025476618188912175,0.013442733062061955,"[0.05, 0.1, 0.2]",0.22338095291107926,0.03887242746037624,0.12921875308315245,0.9999999999999996,13078468,13078553,85,6.274718326661365e-06,100,c501a819c1ce2c2316ec85d59db79824901e96e5c28e551a392db6249588eb26,968723c45a84063491dbce37f62982480d16b48797ded8bb41857d376abf111e,exact ranked steps reconstructible from immutable per-pixel caches and full SHA tie rule
R2,2,0,1,0.9999987217196956,0.020920392287295857,0.1976571814897602,0.3574171625705023,0.41044223642581057,[],0.2645469913944596,0.3674119680087793,0.8117503286743138,0.9999999999999988,1101279,1101280,1,1.2782819890067749e-06,100,6f76fa5fa3d66f9e96e858ba11c29f4d8bbaf3241c8df559c7931afbf9140e42,a81699ea354f38c06cc4e92c6e966a35a0a4a151c33ee1cb8fbf4f385d9fecd7,exact ranked steps reconstructible from immutable per-pixel caches and full SHA tie rule
R2,2,0,2,0.9999999999972079,0.08071509077891019,0.06525128823912828,0.2964234587019944,0.41871596952147294,[0.05],0.14974248318318595,0.4465091441979484,0.9318934124679191,1.0000000000000013,565767,565767,0,0.0,100,3d161a620563a8814651dcaef37e8783432462e5bcba1c9e63741a7d8a68bb0d,fedfae7c6156411d1d0905662f07e4f9c427f9c6034d287af9d40d17af9a8d1a,exact ranked steps reconstructible from immutable per-pixel caches and full SHA tie rule
R2,2,0,foreground_macro,0.9999987217196956,,0.13145423486444424,0.3269203106362484,0.41457910297364176,[],0.20714473728882277,0.40696055610336385,0.8718218705711165,1.0,1667046,1667047,1,6.391409945033874e-07,100,,,equal rim/cup macro; class-specific common-support bounds and raw curve hashes are reported separately
R3,2,0,overall,0.9999941675069716,0.24137946235922106,0.003667826403359876,0.009027025436447688,0.037626176935690155,"[0.05, 0.1, 0.2]",0.20418956454877438,0.0842294705281661,0.22513321715302806,0.9999999999999684,14745514,14745600,86,5.832248263888887e-06,100,f01162b7f2e348da583e58a78a894307e61a9725fe2d3a0ec6d6afa04bbf0e15,b9342433e08cb8ba32e270b997c73af1751038ff9c54a16d10133666dcedd4e1,exact ranked steps reconstructible from immutable per-pixel caches and full SHA tie rule
R3,2,0,0,0.9999937252926308,0.26834666801240437,0.0030872857394248477,0.0025476618188912175,0.013442733062061955,"[0.05, 0.1, 0.2]",0.22338095291107926,0.03887242746037624,0.12921875308315245,0.9999999999999996,13078468,13078553,85,6.274718326661365e-06,100,c501a819c1ce2c2316ec85d59db79824901e96e5c28e551a392db6249588eb26,968723c45a84063491dbce37f62982480d16b48797ded8bb41857d376abf111e,exact ranked steps reconstructible from immutable per-pixel caches and full SHA tie rule
R3,2,0,1,0.9999987217196956,0.020920392287295857,0.1976571814897602,0.3574171625705023,0.41044223642581057,[],0.2645469913944596,0.3674119680087793,0.8117503286743138,0.9999999999999988,1101279,1101280,1,1.2782819890067749e-06,100,6f76fa5fa3d66f9e96e858ba11c29f4d8bbaf3241c8df559c7931afbf9140e42,a81699ea354f38c06cc4e92c6e966a35a0a4a151c33ee1cb8fbf4f385d9fecd7,exact ranked steps reconstructible from immutable per-pixel caches and full SHA tie rule
R3,2,0,2,0.9999999999972079,0.08071509077891019,0.06525128823912828,0.2964234587019944,0.41871596952147294,[0.05],0.14974248318318595,0.4465091441979484,0.9318934124679191,1.0000000000000013,565767,565767,0,0.0,100,3d161a620563a8814651dcaef37e8783432462e5bcba1c9e63741a7d8a68bb0d,fedfae7c6156411d1d0905662f07e4f9c427f9c6034d287af9d40d17af9a8d1a,exact ranked steps reconstructible from immutable per-pixel caches and full SHA tie rule
R3,2,0,foreground_macro,0.9999987217196956,,0.13145423486444424,0.3269203106362484,0.41457910297364176,[],0.20714473728882277,0.40696055610336385,0.8718218705711165,1.0,1667046,1667047,1,6.391409945033874e-07,100,,,equal rim/cup macro; class-specific common-support bounds and raw curve hashes are reported separately
R0,2,1,overall,0.9999999999859658,0.3519407484220456,0.0024179511699936053,0.041945701682451215,0.015828038954735817,"[0.05, 0.1, 0.2, 0.3]",0.072899906610258,0.072899906610258,0.17554148813092632,0.9999999999999968,5898240,5898240,0,0.0,40,d1e71ffee26ad414f93462c3eb97ddfa99f503222f32c6ce2b8a74986d95e1b2,11821fae9e092bdcb6e6f5c9f42bd0bc749c072e535316250bb41febd5aee47c,exact ranked steps reconstructible from immutable per-pixel caches and full SHA tie rule
R0,2,1,0,1.0,0.3655551578850116,0.0020675706834585856,0.0031753706038338612,0.005012754186166894,"[0.05, 0.1, 0.2, 0.3]",0.024038544420489028,0.024038544420489028,0.07387968555118388,1.0,5253937,5253937,0,0.0,40,880aedb976dba548cf5420a31405cf35a49afaa589fbb2e5a5f7f3fd18ec6097,18c167ab18855e7d43a7f7b718e9a6b13a50e7dc0f205a8e46984803e9a13a4d,exact ranked steps reconstructible from immutable per-pixel caches and full SHA tie rule
R0,2,1,1,1.0,0.07636148975015432,0.6646399663184204,0.5396275997732684,0.6426571745439694,[0.05],0.465547329913629,0.465547329913629,0.9766075794184268,0.9999999999999993,383432,383432,0,0.0,40,ad207f65cd956d978ccf9f8dcfd7b7a66c9e192fcb8f4a8fff0809147aad68ec,5e6934817078ce0383c7c94394cb47deccb64ae71365bcf54c69206516fb52d5,exact ranked steps reconstructible from immutable per-pixel caches and full SHA tie rule
R0,2,1,2,1.0,0.4389496754835934,0.4002211129629395,0.4891758774045837,0.4918852316950254,"[0.05, 0.1, 0.2, 0.3, 0.4]",0.41933927528315507,0.41933927528315507,0.9548093348239107,1.000000000000001,260871,260871,0,0.0,40,57ec00c13d7cb902bec0ad61260e26532847863b699edb0a7e5b63225d18e58b,582382f6f99e2578ba228aa962075a03540030050159a0e963ef8c5eb16406a2,exact ranked steps reconstructible from immutable per-pixel caches and full SHA tie rule
R0,2,1,foreground_macro,1.0,,0.5324305396406799,0.514401738588926,0.5672712031194974,[0.05],0.44244330259839204,0.44244330259839204,0.9657084571211687,1.0000000000000002,644303,644303,0,0.0,40,,,equal rim/cup macro; class-specific common-support bounds and raw curve hashes are reported separately
R1,2,1,overall,0.3519407484220456,0.3519407484220456,0.041945701682451215,0.041945701682451215,0.041945701682451215,"[0.05, 0.1, 0.2, 0.3]",0.56543426513672,0.072899906610258,0.17554148813092632,0.9999999999999968,2075831,5898240,0,0.0,40,b134d94b0fa3299bbc7e94ece73a09c4cd256fa526d313580e7151a01a4a9924,1cfb9fb9525a0df36cd1b708ff6299cf9f46cfb88bde27490d1038f792017663,exact ranked steps reconstructible from immutable per-pixel caches and full SHA tie rule
R1,2,1,0,0.3655551578850116,0.3655551578850116,0.0031753706038338612,0.0031753706038338612,0.0031753706038338612,"[0.05, 0.1, 0.2, 0.3]",0.5911213071795728,0.024038544420489028,0.07387968555118388,1.0,1922800,5253937,0,0.0,40,39f56db80a8681b8edd14ce82261e86517e48b808032785660bb97ef23d12675,bcaa45bf77561da730bc261e971810ee9f3b5e666f8864c7f5510af5ff0ae91e,exact ranked steps reconstructible from immutable per-pixel caches and full SHA tie rule
R1,2,1,1,0.07636148975015432,0.07636148975015432,0.5396275997732684,0.5396275997732684,0.5396275997732684,[0.05],0.3535434401397327,0.465547329913629,0.9766075794184268,0.9999999999999993,37284,383432,0,0.0,40,4d9365e79c712ca4b4f288c3318793d841386a3b35e752eb3b785ef10f8c285b,222478e1857fee8cfe44fa43f8e146a1350dcb4f9d1e0ab20515d0d220d026b9,exact ranked steps reconstructible from immutable per-pixel caches and full SHA tie rule
R1,2,1,2,0.4389496754835934,0.4389496754835934,0.4891758774045837,0.4891758774045837,0.4891758774045837,"[0.05, 0.1, 0.2, 0.3, 0.4]",0.36723212097686286,0.41933927528315507,0.9548093348239107,1.000000000000001,115747,260871,0,0.0,40,01f7b2c09a663df41bc6ccb53467bbe3aa58dde617ea861a991f904370993f42,08d9867acd98d45f92a95b71e0e084eebce11fe1043df3a3ea3aff18a747bef3,exact ranked steps reconstructible from immutable per-pixel caches and full SHA tie rule
R1,2,1,foreground_macro,0.07636148975015432,,0.514401738588926,0.514401738588926,0.514401738588926,[0.05],0.3603877805582978,0.44244330259839204,0.9657084571211687,1.0000000000000002,153031,644303,0,0.0,40,,,equal rim/cup macro; class-specific common-support bounds and raw curve hashes are reported separately
R2,2,1,overall,0.9999999999859658,0.3519407484220456,0.00177551948456183,0.041945701682451215,0.016566123626774648,"[0.05, 0.1, 0.2, 0.3]",0.09416233347820402,0.072899906610258,0.17554148813092632,0.9999999999999968,5898240,5898240,0,0.0,40,d1e71ffee26ad414f93462c3eb97ddfa99f503222f32c6ce2b8a74986d95e1b2,d6c1f7551140e4a6d747ec87b63a1114de1ff122b0ff4711d4c7623c6875e7be,exact ranked steps reconstructible from immutable per-pixel caches and full SHA tie rule
R2,2,1,0,1.0,0.3655551578850116,0.001650980965250998,0.0031753706038338612,0.0037294943768314067,"[0.05, 0.1, 0.2, 0.3]",0.07941725674478917,0.024038544420489028,0.07387968555118388,1.0,5253937,5253937,0,0.0,40,64ff1302c55853b145cd15130289bc438d87d6e835043b65f4c42c80236f6e94,ce846bce3b2d6b91097baa525e0176815756ce5cbafbafaa7c397833a8f2dc9b,exact ranked steps reconstructible from immutable per-pixel caches and full SHA tie rule
R2,2,1,1,1.0,0.07636148975015432,0.5312020969933191,0.5396275997732684,0.5822364623945716,[0.05],0.32428117980640425,0.465547329913629,0.9766075794184268,0.9999999999999993,383432,383432,0,0.0,40,c4d5149ac42c2d6bd40e86ce5d7dc882d84bd3a282ed81bd7845f1209f364168,d61a8fd3a9e9d7a5e4c82e102b17677c616415eab58489c61582a9deea3f153c,exact ranked steps reconstructible from immutable per-pixel caches and full SHA tie rule
R2,2,1,2,1.0,0.4389496754835934,0.3404381949989909,0.4891758774045837,0.4402495597946508,"[0.05, 0.1, 0.2, 0.3, 0.4]",0.23065249055071377,0.41933927528315507,0.9548093348239107,1.000000000000001,260871,260871,0,0.0,40,a2c0f17c5ecfa661fcf8329a5e66a12dc91750ff4fff0f4702e9fe7d0fe0f44d,e69b41e56d92550f85f046390548ac595f291c0882a5ed2d969f72e5be891645,exact ranked steps reconstructible from immutable per-pixel caches and full SHA tie rule
R2,2,1,foreground_macro,1.0,,0.43582014599615504,0.514401738588926,0.5112430110946112,[0.05],0.277466835178559,0.44244330259839204,0.9657084571211687,1.0000000000000002,644303,644303,0,0.0,40,,,equal rim/cup macro; class-specific common-support bounds and raw curve hashes are reported separately
R3,2,1,overall,0.9999999999859658,0.3519407484220456,0.0016761497986648034,0.041945701682451215,0.021495665228927898,"[0.05, 0.1, 0.2, 0.3]",0.1801594822908054,0.072899906610258,0.17554148813092632,0.9999999999999968,5898240,5898240,0,0.0,40,d1e71ffee26ad414f93462c3eb97ddfa99f503222f32c6ce2b8a74986d95e1b2,6c63d5822ecb76d04739aa981369458a8ed97106567b0aa479ab88e6a27316d8,exact ranked steps reconstructible from immutable per-pixel caches and full SHA tie rule
R3,2,1,0,0.9999999999999597,0.3655551578850116,0.0016411730702607286,0.0031753706038338612,0.004045239356710089,"[0.05, 0.1, 0.2, 0.3]",0.1829220469912523,0.024038544420489028,0.07387968555118388,1.0,5253937,5253937,0,0.0,40,7077c847a9e7eefbf59391fb49dec4b8c9379e8e58d016bd6caf016466336316,38e8813a8a9c58783cbfebabb4c72766fb51aab328c4519266be7e1516a81e03,exact ranked steps reconstructible from immutable per-pixel caches and full SHA tie rule
R3,2,1,1,1.0,0.07636148975015432,0.38681451395978705,0.5396275997732684,0.569395093174777,[0.05],0.30469379353092785,0.465547329913629,0.9766075794184268,0.9999999999999993,383432,383432,0,0.0,40,d78373caf067a40f2cb10b5121c8e0c63684a00277de7ee2ba77d65ed31a0a32,3fdc29cbd691aae6d3075215d2b265cc2bc38c61d375aa17a92ac116378c8ebb,exact ranked steps reconstructible from immutable per-pixel caches and full SHA tie rule
R3,2,1,2,1.0,0.4389496754835934,0.34028764248341986,0.4891758774045837,0.44024247686132983,"[0.05, 0.1, 0.2, 0.3, 0.4]",0.2306473278861761,0.41933927528315507,0.9548093348239107,1.000000000000001,260871,260871,0,0.0,40,18f2ed1ae943ca6c65899d6ef8be5816ccaaa273c99f7239d5327f849fb34d23,776dc527157591e48b18a29a48a8894fca5e779103e1f32ef358833f34a7de00,exact ranked steps reconstructible from immutable per-pixel caches and full SHA tie rule
R3,2,1,foreground_macro,1.0,,0.3635510782216035,0.514401738588926,0.5048187850180534,[0.05],0.267670560708552,0.44244330259839204,0.9657084571211687,1.0000000000000002,644303,644303,0,0.0,40,,,equal rim/cup macro; class-specific common-support bounds and raw curve hashes are reported separately
R0,2,2,overall,1.0,0.2950840928813456,0.002532606525395218,0.02630638002532383,0.010903490002444378,"[0.05, 0.1, 0.2]",0.043374536214831574,0.043374536214831574,0.12301642721139253,1.000000000000004,3686400,3686400,5,1.3563368055555556e-06,25,be3fa21b7ed4817a005d1838bd123c7496335ecf2d2650f4661c4ed07ce5a42c,f3a16aebbc7c0946acba30c3619a61b839f0ba0df725829576597c347c22a456,exact ranked steps reconstructible from immutable per-pixel caches and full SHA tie rule
R0,2,2,0,1.0,0.2978308025395069,0.0010671571218753744,0.0005708410214768306,0.002916311841859793,"[0.05, 0.1, 0.2]",0.026215525550463345,0.026215525550463345,0.05909229927017221,0.999999999999999,3162241,3162241,5,1.5450778950388333e-06,25,834164980bc5dd6920cf3ab0c92e5cf6a799a16b65f8a4c098ba25cd6ae40b5d,a7a3d2ca2b76a204c1cd20344a326e5f9fbaf6e6af1f2d61595e16b22df846fd,exact ranked steps reconstructible from immutable per-pixel caches and full SHA tie rule
R0,2,2,1,1.0,0.20186702947453639,0.3044167716873894,0.2214829611161617,0.29750861170454135,"[0.05, 0.1, 0.2]",0.1935503549457627,0.1935503549457627,0.5677520992900965,0.9999999999999999,378752,378752,0,0.0,25,fac9f5c4ce2f852041a18e677bdcff8a9931f6afb50b096b94a199f3d6f5bd48,7ca1e2de5430d72ddf45fbafb3cd92e168a416dabb5c5bb93b05909fcb60eef7,exact ranked steps reconstructible from immutable per-pixel caches and full SHA tie rule
R0,2,2,2,1.0,0.44660332087895077,0.052042668814150456,0.1889415456268946,0.13814082799681984,"[0.05, 0.1, 0.2, 0.3, 0.4]",0.08177967625933791,0.08177967625933791,0.4016166700031567,1.0000000000000004,145407,145407,0,0.0,25,68e572d8df6b3c5dc2f1cc96879773e1de5fd4cd5bfb34f95908fdc6c141736a,5a89612e9929fddda7cdebe0569ab0026254eed51e35aaefe056efcb07d8663a,exact ranked steps reconstructible from immutable per-pixel caches and full SHA tie rule
R0,2,2,foreground_macro,1.0,,0.17822972025076994,0.20521225337152815,0.21782471985068058,"[0.05, 0.1, 0.2]",0.1376650156025503,0.1376650156025503,0.4846843846466266,1.0000000000000002,524159,524159,0,0.0,25,,,equal rim/cup macro; class-specific common-support bounds and raw curve hashes are reported separately
R1,2,2,overall,0.2950840928813456,0.2950840928813456,0.02630638002532383,0.02630638002532383,0.02630638002532383,"[0.05, 0.1, 0.2]",0.6420328776041648,0.043374536214831574,0.12301642721139253,1.000000000000004,1087798,3686400,5,1.3563368055555556e-06,25,e118afe0a7747b7ac60f38c744d63fc430939078e9708a15cb4f03677722481a,a5e657ad75a9e7a5f11c4c24529aa3f20740a263b77c63333a96ac6481ad2490,exact ranked steps reconstructible from immutable per-pixel caches and full SHA tie rule
R1,2,2,0,0.2978308025395069,0.2978308025395069,0.0005708410214768306,0.0005708410214768306,0.0005708410214768306,"[0.05, 0.1, 0.2]",0.6618476436669307,0.026215525550463345,0.05909229927017221,0.999999999999999,941160,3162241,5,1.5450778950388333e-06,25,d2b8accfcbc92b676bfd9f41d9379fde7df5b32f92f131b9f644984825ff7fa1,a84762d0731d174696d172476a00ace751a88d97cfbebd03be3f9c79c2512510,exact ranked steps reconstructible from immutable per-pixel caches and full SHA tie rule
R1,2,2,1,0.20186702947453639,0.20186702947453639,0.2214829611161617,0.2214829611161617,0.2214829611161617,"[0.05, 0.1, 0.2]",0.5589927610805471,0.1935503549457627,0.5677520992900965,0.9999999999999999,77597,378752,0,0.0,25,85e4c6172426d8680e71f90efe8fef923b1bb6b72fb3e94468dab97446e229e5,6a7a70302c991c5d29352bec0435979c5d7e88a0a96d4eb28ad0dce01ad3c5c5,exact ranked steps reconstructible from immutable per-pixel caches and full SHA tie rule
R1,2,2,2,0.44660332087895077,0.44660332087895077,0.1889415456268946,0.1889415456268946,0.1889415456268946,"[0.05, 0.1, 0.2, 0.3, 0.4]",0.4365153893145027,0.08177967625933791,0.4016166700031567,1.0000000000000004,69041,145407,0,0.0,25,58a0b1e9cecf3ddc91f6608e65d67885cdef950709c1acf2b61079b08b61302f,a22a63b4ff9fa98d06c384ec7569f179db7f96ffce390fc256cbefc3525b393a,exact ranked steps reconstructible from immutable per-pixel caches and full SHA tie rule
R1,2,2,foreground_macro,0.20186702947453639,,0.20521225337152815,0.20521225337152815,0.20521225337152815,"[0.05, 0.1, 0.2]",0.4977540751975249,0.1376650156025503,0.4846843846466266,1.0000000000000002,146638,524159,0,0.0,25,,,equal rim/cup macro; class-specific common-support bounds and raw curve hashes are reported separately
R2,2,2,overall,0.9999986437100382,0.2950840928813456,0.0010063923594333278,0.02630638002532383,0.009732377006377123,"[0.05, 0.1, 0.2]",0.11674823096009918,0.043374536214831574,0.12301642721139253,1.000000000000004,3686395,3686400,5,1.3563368055555556e-06,25,32251f9cb498b87ef3fd64c9a70f4a7b147d1624d100b9cb18aff60959ee4325,bbb2eb901f66b73810ee271a672c08b447f7b59e8c3d650648c13401bcdad5a0,exact ranked steps reconstructible from immutable per-pixel caches and full SHA tie rule
R2,2,2,0,0.9999984549277758,0.2978308025395069,0.0010435466566746212,0.0005708410214768306,0.002800128938613899,"[0.05, 0.1, 0.2]",0.08436370798794895,0.026215525550463345,0.05909229927017221,0.999999999999999,3162236,3162241,5,1.5450778950388333e-06,25,13850095bcb76869bc7713bcdbc774bccae36e3529fe547774323f3a7a435438,ecc2ac9fb77529fc66c3e61231484b838e0307c2c5c8d573e6cf27e29810a250,exact ranked steps reconstructible from immutable per-pixel caches and full SHA tie rule
R2,2,2,1,0.9999999999999389,0.20186702947453639,0.23817711407108202,0.2214829611161617,0.2738305384233867,"[0.05, 0.1, 0.2]",0.34546549277748345,0.1935503549457627,0.5677520992900965,0.9999999999999999,378752,378752,0,0.0,25,adae9745c008bcd02bd0b1749d35b4b7661e963c68c6f5f5d1b80290e68d020d,9845f7dc9b11a09218093958215917bab0e353563cf37862ecd7a31d8ff55935,exact ranked steps reconstructible from immutable per-pixel caches and full SHA tie rule
R2,2,2,2,1.0,0.44660332087895077,0.043382341300465116,0.1889415456268946,0.11204759489126748,"[0.05, 0.1, 0.2, 0.3, 0.4]",0.25712756831818034,0.08177967625933791,0.4016166700031567,1.0000000000000004,145407,145407,0,0.0,25,9323803478d945838031bb68bd92eade80a0bf822ab1ddccb1a379fa6ec1e201,982675312ce02df7a0fef7bf1a6458e50315399c1b459e0c01ca9060e7ec07c7,exact ranked steps reconstructible from immutable per-pixel caches and full SHA tie rule
R2,2,2,foreground_macro,0.9999999999999389,,0.14077972768577357,0.20521225337152815,0.1929390666573271,"[0.05, 0.1, 0.2]",0.3012965305478319,0.1376650156025503,0.4846843846466266,1.0000000000000002,524159,524159,0,0.0,25,,,equal rim/cup macro; class-specific common-support bounds and raw curve hashes are reported separately
R3,2,2,overall,0.9999986437100382,0.2950840928813456,0.001097075760958279,0.02630638002532383,0.010704560077479601,"[0.05, 0.1, 0.2]",0.15578686516769005,0.043374536214831574,0.12301642721139253,1.000000000000004,3686395,3686400,5,1.3563368055555556e-06,25,32251f9cb498b87ef3fd64c9a70f4a7b147d1624d100b9cb18aff60959ee4325,f6e9f3a834f55ff33d1741f52a5ff6e1e59cfa52291611db8c1a413332bdda46,exact ranked steps reconstructible from immutable per-pixel caches and full SHA tie rule
R3,2,2,0,0.9999984549289213,0.2978308025395069,0.001136120632353775,0.0005708410214768306,0.0029911856885821444,"[0.05, 0.1, 0.2]",0.12375856892945775,0.026215525550463345,0.05909229927017221,0.999999999999999,3162236,3162241,5,1.5450778950388333e-06,25,14b9b16a07b42b6faec40547eb1f1697058cded6cf349857d170dbc92c032efd,01f483f32b73c6fa0ab3d30cc3960c43bb6353d65685fea8ab8af1fce2ab5c0d,exact ranked steps reconstructible from immutable per-pixel caches and full SHA tie rule
R3,2,2,1,0.9999999999999355,0.20186702947453639,0.2276792937168736,0.2214829611161617,0.26976533814667036,"[0.05, 0.1, 0.2]",0.3707136972530351,0.1935503549457627,0.5677520992900965,0.9999999999999999,378752,378752,0,0.0,25,d618c20edfd8af382e2fee848f005318f1177b3eb34364ac0b40e95f4577f791,766fd81b6b71516265eedfbdd096607927c886276aecc67fcb9c3a732e085048,exact ranked steps reconstructible from immutable per-pixel caches and full SHA tie rule
R3,2,2,2,1.0,0.44660332087895077,0.030414648776433417,0.1889415456268946,0.10584288125690713,"[0.05, 0.1, 0.2, 0.3, 0.4]",0.378195400944348,0.08177967625933791,0.4016166700031567,1.0000000000000004,145407,145407,0,0.0,25,89ae24aee61aab361b696e035a245e3cf0ffb92b3b818e80f6a71f243cb1cb66,4ebe0c915cf0302f81ff5577e3ec690ec63a066d91c4c0dc6d958aeadc38964b,exact ranked steps reconstructible from immutable per-pixel caches and full SHA tie rule
R3,2,2,foreground_macro,0.9999999999999355,,0.1290469712466535,0.20521225337152815,0.18780410970178874,"[0.05, 0.1, 0.2]",0.3744545490986916,0.1376650156025503,0.4846843846466266,1.0000000000000002,524159,524159,0,0.0,25,,,equal rim/cup macro; class-specific common-support bounds and raw curve hashes are reported separately
PoE,0,0,overall,0.9999999997552335,0.21221327040847338,0.004454262570102512,0.0709875924232228,0.04128305519183863,"[0.05, 0.1, 0.2]",0.200341195068165,0.08380453967285997,0.2243023064623816,0.9999999999999684,14745600,14745600,0,0.0,100,5774ed8874f968377d2431020f35100ea922d2522cda6d9d3b06a19ddb28bf88,6e37145d2d4cc5eba90b7670e5c0f263200341d20c8010b5be1430fbbfe7de7b,exact ranked steps reconstructible from immutable per-pixel caches and full SHA tie rule
PoE,0,0,0,1.0,0.2163247273069945,0.004159826386487218,0.011622642334453433,0.012834439752435832,"[0.05, 0.1, 0.2]",0.22056596179534022,0.03396093062613605,0.09031187274648529,1.000000000000002,12473831,12473831,0,0.0,100,498d8a47d7e9303fe8da41460c6f99f38656f8ae55c02d5b59127f341ca3babc,ab5d7413a95c4df7e94213e7e6edf7176a83eff813d0125a924703c5aff15bf5,exact ranked steps reconstructible from immutable per-pixel caches and full SHA tie rule
PoE,0,0,1,0.9999999999974005,0.27845453931592545,0.6197057691236753,0.34773124399998984,0.5544824584844945,"[0.05, 0.1, 0.2]",0.3909804396351671,0.331948428982929,0.7816938807738659,0.999999999999998,1475959,1475959,0,0.0,100,35beae587ac899c46ada21b7f8ffca0450b65872a91d53e695b2c19b2b0bb8cd,86336957f68aa4281362fcea03ef40ba7238d67549e843190c2ccae49ede04ef,exact ranked steps reconstructible from immutable per-pixel caches and full SHA tie rule
PoE,0,0,2,0.9999999999994359,0.2876367551692614,0.1498381382637827,0.34557340220609417,0.4208400976226804,"[0.05, 0.1, 0.2]",0.17730657908837796,0.47985813259075905,0.913069560101193,0.9999999999999994,795810,795810,0,0.0,100,40c27a7d8323c80f6d1cd4955d3a1f4b52cd96f9c251654b4dab5a3aaebe7788,f1bbecbeeffd9c340d3cb4d11dab21fa3bb29a95de97627d1b3dd3261e41854a,exact ranked steps reconstructible from immutable per-pixel caches and full SHA tie rule
PoE,0,0,foreground_macro,0.9999999999974005,,0.38477195369372896,0.346652323103042,0.48766127805358744,"[0.05, 0.1, 0.2]",0.2841435093617725,0.405903280786844,0.8473817204375295,0.9999999999999987,2271769,2271769,0,0.0,100,,,equal rim/cup macro; class-specific common-support bounds and raw curve hashes are reported separately
PoE,0,1,overall,0.9999999999859658,0.35607961018413814,0.000957265459157076,0.053235120636433965,0.014477188835909443,"[0.05, 0.1, 0.2, 0.3]",0.1389029653777293,0.06423089495232118,0.1488316113870368,0.9999999999999968,5898240,5898240,0,0.0,40,d1e71ffee26ad414f93462c3eb97ddfa99f503222f32c6ce2b8a74986d95e1b2,94a21019d6692b3313809a1466d5fe9f9e716f1b48bb68089c78e0fa1d4dae1f,exact ranked steps reconstructible from immutable per-pixel caches and full SHA tie rule
PoE,0,1,0,1.0,0.35300555028872554,0.000885342289594259,0.011035586154427039,0.0030516888682380556,"[0.05, 0.1, 0.2, 0.3]",0.11727731029648293,0.014469153500844784,0.036635536175861884,0.9999999999999998,5131220,5131220,0,0.0,40,51f617feed90267ef7a4d23f07f6ecb55568e32e2a245a15c6d970d7615d9083,d7be6019311485f767bf9910c28124d34b54260ce0240b76292cc32552003065,exact ranked steps reconstructible from immutable per-pixel caches and full SHA tie rule
PoE,0,1,1,1.0,0.40500197672424626,0.6606547864166159,0.34995867581017953,0.5584802143908029,"[0.05, 0.1, 0.2, 0.3, 0.4]",0.5041266318340702,0.38109672675384787,0.8643648681676649,0.9999999999999996,566631,566631,0,0.0,40,e3dcb896e419b8ffc8b22238daecf8d037577315dfe1b3fdfa4ddd42e6e2b796,4172cd47f30bc7f3eed9bc83e1785285dd0fa174c8b0c31fc58dbe1634b402cf,exact ranked steps reconstructible from immutable per-pixel caches and full SHA tie rule
PoE,0,1,2,1.0,0.3641043721105768,0.21191413723598326,0.3503833152694243,0.3658300903235262,"[0.05, 0.1, 0.2, 0.3]",0.12694287122936374,0.36067427345690756,0.7846083098321646,0.9999999999999988,200389,200389,0,0.0,40,e163b148c287088c52d21e2f0739296ebf672ae463ef99e1680b5575cf612131,f03629636eefecffe7e75ed6c20cddf78eab0dcdfc10c3774bc539f830e25f5d,exact ranked steps reconstructible from immutable per-pixel caches and full SHA tie rule
PoE,0,1,foreground_macro,1.0,,0.4362844618262996,0.3501709955398019,0.46215515235716453,"[0.05, 0.1, 0.2, 0.3]",0.315534751531717,0.3708855001053777,0.8244865889999147,0.9999999999999991,767020,767020,0,0.0,40,,,equal rim/cup macro; class-specific common-support bounds and raw curve hashes are reported separately
PoE,0,2,overall,1.0,0.37078911675796855,0.0010524290779202773,0.05927577926978622,0.015352076840602217,"[0.05, 0.1, 0.2, 0.3]",0.1767481071519816,0.08115558120297486,0.17780448188268533,1.000000000000004,3686400,3686400,0,0.0,25,be3fa21b7ed4817a005d1838bd123c7496335ecf2d2650f4661c4ed07ce5a42c,2b38d60545587b864f5ec98691fa8dddfbecd231d70799a8696be9dd82da7c9b,exact ranked steps reconstructible from immutable per-pixel caches and full SHA tie rule
PoE,0,2,0,1.0,0.36655187954184354,0.0008711435319782623,0.00608022581823608,0.0075331289090232985,"[0.05, 0.1, 0.2, 0.3]",0.14080949021969044,0.0564393569017987,0.11203274035362705,1.0000000000000004,3303651,3303651,0,0.0,25,a7cd0ddc4c48aa3bee02f32bc4ea3f90aced101cd40fd4939c6248448b5d584c,0269bdfe000ca09e06daf18ab4cf85bebbe15a07deb420ac4b30a05ab9c1106f,exact ranked steps reconstructible from immutable per-pixel caches and full SHA tie rule
PoE,0,2,1,0.9999999999997061,0.4207239801067227,0.4288805039979864,0.6816296209599146,0.49420238328342697,"[0.05, 0.1, 0.2, 0.3, 0.4]",0.43499643670971916,0.3942908496986081,0.9169206598364746,0.9999999999999996,292363,292363,0,0.0,25,00e94303e88a21559d9bffed0cca1ddd30cc60bf459669c1d85ca0822618e0de,aebe71dbeeae18bad5bb71703c32aa4f46c4282b117d51955b53eadbad8abb93,exact ranked steps reconstructible from immutable per-pixel caches and full SHA tie rule
PoE,0,2,2,0.9999999999995621,0.32618961978185584,0.015611535241331844,0.00772412936863485,0.08327102847305552,"[0.05, 0.1, 0.2, 0.3]",0.5293449281147554,0.07434091513193263,0.30658103490674216,1.0000000000000004,90386,90386,0,0.0,25,aef6d41c82b8cedeea17b8588111825e552dd4ec5b3be33d5468e70d4d779eae,3c2de4dbbfe0973b82d9bd7e615db8d112a638b5aafdd5eea502f417ed8cee09,exact ranked steps reconstructible from immutable per-pixel caches and full SHA tie rule
PoE,0,2,foreground_macro,0.9999999999995621,,0.22224601961965912,0.34467687516427475,0.28873670587824124,"[0.05, 0.1, 0.2, 0.3]",0.48217068241223726,0.23431588241527038,0.6117508473716085,1.0,382749,382749,0,0.0,25,,,equal rim/cup macro; class-specific common-support bounds and raw curve hashes are reported separately
PoE,1,0,overall,0.999999864121553,0.37878892683398846,0.011901637420123241,0.04570665264746764,0.02509111929514709,"[0.05, 0.1, 0.2, 0.3]",0.20164892788141617,0.05682477285316897,0.1416951100162812,0.9999998643662878,14745598,14745600,2,1.3563368055555556e-07,100,246f22dabaf6bd3df273d5f77d571e3c646f832471696d92b34d34cdbae5f2fb,b4da4f8cb749dd4b82897ae7193192efdfa11a4f79f0d3cec62eefcd38527aad,exact ranked steps reconstructible from immutable per-pixel caches and full SHA tie rule
PoE,1,0,0,1.0,0.379860920734228,0.011680927509816405,0.011335758943996087,0.011512931105796364,"[0.05, 0.1, 0.2, 0.3]",0.18984353585596786,0.02063583070628142,0.05997445904550264,1.0000000000000002,12933308,12933308,0,0.0,100,73c7bf7ffb2078e9dc85dff9daf2b3d9e0329b20557c8e63b17c886ee59919d4,908d22dcf6665ea761275ac1b9229eb2fe292a0c26eb4981dfdc0776dd5b1170,exact ranked steps reconstructible from immutable per-pixel caches and full SHA tie rule
PoE,1,0,1,1.0,0.4144484453445625,0.3309799264574832,0.29788873336906124,0.3614254313900038,"[0.05, 0.1, 0.2, 0.3, 0.4]",0.4038603587239995,0.30164403869765943,0.6526955078380849,0.9999999999999997,1545969,1545969,0,0.0,100,3e0016a6bb1ad9082d9d9d19118753a8cb30e30c9fbe924ce1bb7e4e7d333e86,30693eb9b8a5b9a59d802f0287c8f936c71069f7cf7df490e8b79a0767a0accd,exact ranked steps reconstructible from immutable per-pixel caches and full SHA tie rule
PoE,1,0,2,1.0,0.2871201702757627,0.1403065617854333,0.24442878909512164,0.3736055830036349,"[0.05, 0.1, 0.2]",0.23012299501459765,0.33389196920641706,0.7491897544626254,0.9999999999999994,266321,266321,0,0.0,100,2a25e81cf2436216abbfefb52ded73e7a2c8dcf3367d356531cdc04acb4dcb18,4fb4d6d6f97337cde1d246107596f4081d5eba5d87a189df14387a40053dcfb1,exact ranked steps reconstructible from immutable per-pixel caches and full SHA tie rule
PoE,1,0,foreground_macro,1.0,,0.23564324412145826,0.2711587612320914,0.36751550719681936,"[0.05, 0.1, 0.2]",0.3169916768692986,0.31776800395203825,0.7009426311503552,0.9999999999999996,1812290,1812290,0,0.0,100,,,equal rim/cup macro; class-specific common-support bounds and raw curve hashes are reported separately
PoE,1,1,overall,0.9999999999859658,0.3686435275559171,0.004143703173528878,0.04027066595074627,0.019966215231276757,"[0.05, 0.1, 0.2, 0.3]",0.18368146055788606,0.06854780446634029,0.16199781964562118,0.9999999999999968,5898240,5898240,0,0.0,40,d1e71ffee26ad414f93462c3eb97ddfa99f503222f32c6ce2b8a74986d95e1b2,d6bfe3aaf1e1a78dbd1b134530e5e70dd03f7bf2e38faae6cd808ee0ec61695d,exact ranked steps reconstructible from immutable per-pixel caches and full SHA tie rule
PoE,1,1,0,0.999999999978788,0.38131183494924653,0.004175976211923879,0.00468092488428878,0.006056442433841411,"[0.05, 0.1, 0.2, 0.3]",0.16696509186648684,0.016667513260559368,0.04572001534166439,0.9999999999999998,5100669,5100669,0,0.0,40,cee2f39e2198f6c6eaf43efcee63e07852e72c9c892cf22400e10d1c11eb085e,edc3e394551aa46cdbe41bc184c650d549df89dabc6012e87c9f522fced8b827,exact ranked steps reconstructible from immutable per-pixel caches and full SHA tie rule
PoE,1,1,1,0.9999999999994603,0.4265957632909677,0.530111012370174,0.31930041817569155,0.5095480346498868,"[0.05, 0.1, 0.2, 0.3, 0.4]",0.4122845115183119,0.43472247391242524,0.8780221302960242,0.9999999999999999,667440,667440,0,0.0,40,7663410b0c08f2b907763bfa7caebb540119cd1ed36dc01bc7177acbd2265ae9,cbb987123417749cd68153e166b13c9782346c867d8cb9ab75ad64629f9408b2,exact ranked steps reconstructible from immutable per-pixel caches and full SHA tie rule
PoE,1,1,2,1.0,0.0518200815003462,0.29344017975109055,0.6273295773300761,0.6863221475624943,[0.05],0.24043814414130396,0.4810619307260857,0.968998162433039,0.999999999999999,130131,130131,0,0.0,40,a8113c8f3f4eff8aaa41dd9a24cff5a80f406b7182a71c5e1dfe0492f69e4fa4,c0ffc26d05bb4103e8fa40a4620e6c4a6dda180f26f50623c2429cdf86ae10e7,exact ranked steps reconstructible from immutable per-pixel caches and full SHA tie rule
PoE,1,1,foreground_macro,0.9999999999994603,,0.4117755960606323,0.4733149977528838,0.5979350911061906,[0.05],0.3263613278298079,0.4578922023192555,0.9235101463645317,0.9999999999999994,797571,797571,0,0.0,40,,,equal rim/cup macro; class-specific common-support bounds and raw curve hashes are reported separately
PoE,1,2,overall,1.0,0.3783192274355587,0.002829061949529642,0.044916541806503486,0.022664124116106122,"[0.05, 0.1, 0.2, 0.3]",0.1853853294231104,0.07339164245033883,0.18172234101118656,1.000000000000004,3686400,3686400,0,0.0,25,be3fa21b7ed4817a005d1838bd123c7496335ecf2d2650f4661c4ed07ce5a42c,e6c08d26b14126cf2219d9dc7cecc58ff4d9ae180caf033d39c9db8af5d6d886,exact ranked steps reconstructible from immutable per-pixel caches and full SHA tie rule
PoE,1,2,0,0.9999999999941667,0.42182037960155605,0.0027333241284236295,0.012213406464211941,0.005697268066592276,"[0.05, 0.1, 0.2, 0.3, 0.4]",0.1580561303960875,0.012160982268654336,0.04945520201471256,1.0000000000000002,3058220,3058220,0,0.0,25,9ee7f8347dc817826194fe23e1b84f6de52edeb31bd48a9716c4d7155065e708,24731e99160f4aaf7f2672325b9d315f1800a05e09f0a92d9a07eaf351b6537d,exact ranked steps reconstructible from immutable per-pixel caches and full SHA tie rule
PoE,1,2,1,0.9999999999981937,0.29478232898902307,0.254740597846636,0.35692702626680023,0.39791402910254353,"[0.05, 0.1, 0.2]",0.32328783655714466,0.41645585579357225,0.8865754378500851,1.0,511019,511019,0,0.0,25,bd80f56632d678ab1634cc7cf43f70fd9b7b8e5c205602c1acd2837a5aee5673,24a457fbc4378bea73d5cce4a3a569b41d6bd0b07aa88f448d2cc39cb2666366,exact ranked steps reconstructible from immutable per-pixel caches and full SHA tie rule
PoE,1,2,2,0.9999999999992243,0.05397773614129288,0.11659380485881801,0.11398688886535142,0.3188212399416026,[0.05],0.4139609743132373,0.19919363806248927,0.5794310961277723,0.9999999999999997,117161,117161,0,0.0,25,5aeddf9e47a6d38b93f6fc20c001f905f5b900a2cd5a7aac0fd4a701e0bd1986,79654ac5e25463fab07311f91fe10b6c995a0960928f22fc627088488d5d08b8,exact ranked steps reconstructible from immutable per-pixel caches and full SHA tie rule
PoE,1,2,foreground_macro,0.9999999999981937,,0.18566720135272702,0.23545695756607582,0.3583676345220731,[0.05],0.368624405435191,0.30782474692803075,0.7330032669889287,0.9999999999999998,628180,628180,0,0.0,25,,,equal rim/cup macro; class-specific common-support bounds and raw curve hashes are reported separately
PoE,2,0,overall,0.9999941675069716,0.24137946235922106,0.003667826403359876,0.009027025436447688,0.037845608069802125,"[0.05, 0.1, 0.2]",0.20695255825537176,0.08616079806585411,0.2205095807249665,0.9999941677517051,14745514,14745600,86,5.832248263888887e-06,100,f01162b7f2e348da583e58a78a894307e61a9725fe2d3a0ec6d6afa04bbf0e15,a6b705c3ae90fc4f80638785587100262b0f3e597e62691bb71aef4517cb0480,exact ranked steps reconstructible from immutable per-pixel caches and full SHA tie rule
PoE,2,0,0,0.9999999999814683,0.26834666801240437,0.002991221944380478,0.0025476618188912175,0.012067875312684606,"[0.05, 0.1, 0.2]",0.22007419116825408,0.03024172118356893,0.09945287581012774,0.9999999999999988,12719141,12719141,0,0.0,100,007e4de2d1068e03cd81ff171340651596831c381c7f54b3300b88ab7f209349,1dd83cd8aa4087cf366d5ba3d85427620368961a1bcea9bc516b962675cbb1ff,exact ranked steps reconstructible from immutable per-pixel caches and full SHA tie rule
PoE,2,0,1,0.9999999999993047,0.020920392287295857,0.21132224482118678,0.3574171625705023,0.4516054693211956,[],0.31204977469932615,0.39033781703872106,0.8414847195368491,1.0000000000000002,1398970,1398970,0,0.0,100,518dbfe55a78920e183f3117f3d663c6515ff0fa6d571003144d31f151f7c700,2d511230c3cafbbbe793dc7bdbb2fe35d53af9197df3e8fff6b475d0e798436a,exact ranked steps reconstructible from immutable per-pixel caches and full SHA tie rule
PoE,2,0,2,1.0,0.08071509077891019,0.07829754488438896,0.2964234587019944,0.4742843697040846,[0.05],0.2355663722987804,0.4498025895340537,0.93921784136026,1.000000000000001,627403,627403,0,0.0,100,832b3457f3488c7a9b2bccbb67f794d0c7f2747d2178455cc1762beef37005d9,f635934f676e5d53c2b92e65917d278f6bd3f2f33f092d13ebe9a61b3a167135,exact ranked steps reconstructible from immutable per-pixel caches and full SHA tie rule
PoE,2,0,foreground_macro,0.9999999999993047,,0.14480989485278786,0.3269203106362484,0.4629449195126401,[],0.2738080734990533,0.4200702032863874,0.8903512804485545,1.0000000000000007,2026373,2026373,0,0.0,100,,,equal rim/cup macro; class-specific common-support bounds and raw curve hashes are reported separately
PoE,2,1,overall,0.9999999999859658,0.3519407484220456,0.0016761497986648034,0.041945701682451215,0.021644238357072337,"[0.05, 0.1, 0.2, 0.3]",0.18269701891189918,0.0809285733744324,0.18227759819598294,0.9999999999999968,5898240,5898240,0,0.0,40,d1e71ffee26ad414f93462c3eb97ddfa99f503222f32c6ce2b8a74986d95e1b2,3863ecc4d5a4776027f6c757cbdd00bd4489ab268643746c717245ccea68df42,exact ranked steps reconstructible from immutable per-pixel caches and full SHA tie rule
PoE,2,1,0,0.9999999999838594,0.3655551578850116,0.001647572273234461,0.0031753706038338612,0.0029155541073770104,"[0.05, 0.1, 0.2, 0.3]",0.17536324258763897,0.010755913699231534,0.034231907390908395,1.0,5030211,5030211,0,0.0,40,cd852a2d7b1680363c785ce76153cb30d12d63ca5e6cc7b517f7395fc276a71f,7d14e6b1a8f5371bef87905443f3728653ddd9ad99e5ddd01f0675fdf6a6e975,exact ranked steps reconstructible from immutable per-pixel caches and full SHA tie rule
PoE,2,1,1,1.0,0.07636148975015432,0.4086050814039989,0.5396275997732684,0.5908430733792827,[0.05],0.357369647540088,0.46299650188969554,0.9914369817712652,0.9999999999999999,530974,530974,0,0.0,40,9c05338a6743b47d35a695bfdbb513d084c0f740bdbc9a5e44fd2591e56aa955,bd6a9784a43585de99c63cf5128a5785d914011587699afa50eb1fe892ecef64,exact ranked steps reconstructible from immutable per-pixel caches and full SHA tie rule
PoE,2,1,2,1.0,0.4389496754835934,0.36043820212751837,0.4891758774045837,0.48014911973695046,"[0.05, 0.1, 0.2, 0.3, 0.4]",0.26054536801702133,0.5085255954671987,1.0231376967559085,1.0000000000000009,337055,337055,0,0.0,40,e78ee66a8bef172709a851921ff2ba24e0099fff638e5621cb6892a5975932ea,d8452f50ec546649a1b4bed9cdda0e40a3ea535a42384cfc65c439515e313560,exact ranked steps reconstructible from immutable per-pixel caches and full SHA tie rule
PoE,2,1,foreground_macro,1.0,,0.38452164176575865,0.514401738588926,0.5354960965581166,[0.05],0.3089575077785547,0.4857610486784471,1.0072873392635868,1.0000000000000004,868029,868029,0,0.0,40,,,equal rim/cup macro; class-specific common-support bounds and raw curve hashes are reported separately
PoE,2,2,overall,0.9999986437100382,0.2950840928813456,0.001097075760958279,0.02630638002532383,0.0105252218920919,"[0.05, 0.1, 0.2]",0.16609122714685662,0.04383830538310044,0.11293969749646461,0.9999986436631985,3686395,3686400,5,1.3563368055555556e-06,25,32251f9cb498b87ef3fd64c9a70f4a7b147d1624d100b9cb18aff60959ee4325,df890c37955fa16799d5f10babf38b85af7e643b76b85ddf7e3b21ea1dee7fcb,exact ranked steps reconstructible from immutable per-pixel caches and full SHA tie rule
PoE,2,2,0,1.0,0.2978308025395069,0.0011486291648645976,0.0005708410214768306,0.002164421830862916,"[0.05, 0.1, 0.2]",0.12011158443639723,0.00983870911252924,0.028524486564038616,1.0000000000000004,3058550,3058550,0,0.0,25,d9d71b1cb8db12c00ffff11977e17efa4a82c722cdc4b086c414bc533610dd30,1e767657ff1a0ab5c98031374d8f8529d5e3c466370e10478f0c3600b423bf89,exact ranked steps reconstructible from immutable per-pixel caches and full SHA tie rule
PoE,2,2,1,0.9999999999996892,0.20186702947453639,0.22714488270975633,0.2214829611161617,0.2811139188599696,"[0.05, 0.1, 0.2]",0.3960691839615169,0.25606297271255607,0.5992194013345726,0.9999999999999998,461325,461325,0,0.0,25,fdd05613ac14c6870b037d22cc08c1dc11aaa7ee46601fc0a3c6c9b41164f244,1f5e7161e8fa6f8cd9c17ec7fbaebc39b1ac3a27d54066b642e7f668d8c5b361,exact ranked steps reconstructible from immutable per-pixel caches and full SHA tie rule
PoE,2,2,2,0.9999999999996054,0.44660332087895077,0.03869250996325335,0.1889415456268946,0.11907151203806829,"[0.05, 0.1, 0.2, 0.3, 0.4]",0.46705497070377044,0.08754559138444554,0.33833127150596654,1.0000000000000004,166520,166520,0,0.0,25,a8f36b424cc2654016e60ec8e84c4580291722a9fe874ccbfd4a1cc6eebd2787,9202809a73fb8f344be7da4c48864c2ddf1c309b2f645836967b4276756bea60,exact ranked steps reconstructible from immutable per-pixel caches and full SHA tie rule
PoE,2,2,foreground_macro,0.9999999999996054,,0.13291869633650483,0.20521225337152815,0.20009271544901897,"[0.05, 0.1, 0.2]",0.4315620773326437,0.1718042820485008,0.4687753364202696,1.0,627845,627845,0,0.0,25,,,equal rim/cup macro; class-specific common-support bounds and raw curve hashes are reported separately
