variant,site,epoch,steps,relation_ess_ratio_mean,relation_ess_ratio_min,rejected_fraction_mean,rejected_fraction_max
R2,Drishti_GS,0,11,0.9816432177423273,0.9672867070525182,0.07507871227277975,0.136002722323049
R2,Drishti_GS,1,11,0.983114863367419,0.9698080522375505,0.06891383497581206,0.12508411843876177
R2,Drishti_GS,2,11,0.9828923506932831,0.9791551660988672,0.06975878426900164,0.0853241363840287
R2,Drishti_GS,3,11,0.9827887554768068,0.9709150640351615,0.07026517603138759,0.12031740690892777
R2,Drishti_GS,4,11,0.9826398143436539,0.9777713968569764,0.07081474945980282,0.09114352262644188
R2,Drishti_GS,5,11,0.982801572997351,0.9779885671999778,0.07012581157122609,0.0902284826974268
R2,Drishti_GS,6,11,0.98277487704779,0.9719135440091597,0.07030907077241016,0.11603225098727513
R2,Drishti_GS,7,11,0.9832543964923031,0.9723426915930781,0.06833105904251736,0.11419482229047828
R2,Drishti_GS,8,11,0.9825733397819569,0.974600493220386,0.07112685274099301,0.10456410825199645
R2,Drishti_GS,9,11,0.983265558518984,0.9769942186128785,0.06824201126276513,0.09442189556823168
R2,Drishti_GS,10,11,0.9832331606334069,0.9753940423115747,0.06836721256388469,0.10119448183041722
R2,Drishti_GS,11,11,0.9830491247406985,0.9743049933055743,0.06915609863849076,0.10582099596231494
R2,Drishti_GS,12,11,0.9809483148985237,0.9529695510864258,0.07840696354601688,0.19986979166666666
R2,Drishti_GS,13,11,0.9824929845364032,0.9772298615200202,0.07142805273896456,0.09342754598474652
R2,Drishti_GS,14,11,0.9825312474592316,0.9775022606830417,0.0712796059730139,0.09227792732166891
R2,Drishti_GS,15,11,0.9819826259069242,0.9708285184607531,0.0736431897609508,0.1206896551724138
R2,Drishti_GS,16,11,0.9832778359843629,0.9750003814697266,0.06819148737159265,0.10286458333333333
R2,Drishti_GS,17,11,0.9823944975064859,0.9764685503167507,0.07185559884245839,0.09664326458973234
R2,Drishti_GS,18,11,0.9814849779196109,0.9658552055566584,0.07577862160083043,0.14224137931034483
R2,Drishti_GS,19,11,0.9833757347084741,0.976479805441061,0.0677766550302303,0.09659600717810678
R2,Drishti_GS,20,11,0.9829879573767617,0.9763921214715505,0.06938394799219462,0.0969665039929015
R2,Drishti_GS,21,11,0.9828101140117532,0.9716448714828324,0.07017589089556774,0.11718407196138657
R2,Drishti_GS,22,11,0.9827992518557888,0.9713525237284096,0.07020998753768809,0.11843876177658143
R2,Drishti_GS,23,11,0.9829804004557253,0.9767529166897737,0.0694160135379031,0.09544143744454303
R2,Drishti_GS,24,11,0.982300294462462,0.9756587833205353,0.07225209670525833,0.10007130320315928
R2,Drishti_GS,25,11,0.9832116262389494,0.9756782213564774,0.06846482678949876,0.09998890860692103
R2,Drishti_GS,26,11,0.9827246635944294,0.9777549218064392,0.07045043363682749,0.09121325142606407
R2,Drishti_GS,27,11,0.9827401287477493,0.9706580662156167,0.07045903706964599,0.12142302573203194
R2,Drishti_GS,28,11,0.9828048332741126,0.9715810242636573,0.07022383411633484,0.11745831505046073
R2,Drishti_GS,29,11,0.9825572697808571,0.9750573632985803,0.07116987750161284,0.10262311446317658
R2,Drishti_GS,30,11,0.982836732367745,0.9731382108038065,0.07003150936744243,0.11079420798595875
R2,Drishti_GS,31,11,0.9829644442707209,0.9750305148398946,0.06949582585714581,0.10273665320771647
R2,Drishti_GS,32,11,0.9827750669224717,0.9766696262066696,0.0702665629551192,0.09579311101360245
R2,Drishti_GS,33,11,0.9829108708936268,0.9726952439392277,0.06974847569871273,0.11268648530057043
R2,Drishti_GS,34,11,0.9808371072966313,0.9529708059210527,0.0788184658620994,0.1998638838475499
R2,Drishti_GS,35,11,0.9829265573765895,0.9725132750110914,0.06965466299914548,0.11346495119787045
R2,Drishti_GS,36,11,0.9830446357664311,0.9754453879168495,0.06917103886873105,0.10097630539710399
R2,Drishti_GS,37,11,0.9825109247799851,0.9732473724084028,0.07139118518389513,0.11032799473453268
R2,Drishti_GS,38,11,0.9817651609990986,0.9708103603786893,0.07451762394166091,0.12076822916666667
R2,Drishti_GS,39,11,0.9831128731096039,0.9769486899750439,0.0688699376126817,0.09461386573058359
R2,Drishti_GS,40,11,0.9822343182351642,0.9780945946893226,0.0724936267057519,0.08978241363840288
R2,Drishti_GS,41,11,0.9813536310331298,0.9635533715332918,0.07638732764153146,0.1523366606170599
R2,Drishti_GS,42,11,0.9826612744557292,0.9771205357142857,0.07073482680267479,0.09388864241348713
R2,Drishti_GS,43,11,0.9831331947681534,0.9772021505800241,0.06879050934619661,0.09354431768319438
R2,Drishti_GS,44,11,0.9831548933406552,0.9739163836431696,0.06873601076383233,0.10747532525796322
R2,Drishti_GS,45,11,0.9827949952965264,0.9768707487318251,0.07015518108022775,0.0949435763888889
R2,Drishti_GS,46,11,0.9826168125394663,0.9759231779595671,0.0709202876060596,0.09895132346343652
R2,Drishti_GS,47,11,0.9829122633943922,0.9750508644354481,0.06970879472781977,0.102650842945874
R2,Drishti_GS,48,11,0.9827423683106399,0.9763669903474091,0.0703983955059815,0.09707267833109018
R2,Drishti_GS,49,11,0.9826320174309567,0.9734025361163487,0.07089494855425232,0.10966614906832298
R2,Drishti_GS,50,11,0.9829078329854675,0.9747896101375333,0.06972625381125334,0.10375998225377107
R2,Drishti_GS,51,11,0.9827827916539879,0.9762151357655834,0.07021834420983365,0.09771517302573203
R2,Drishti_GS,52,11,0.9830995708961734,0.9708849181727183,0.06900772664946743,0.12044756472136903
R2,Drishti_GS,53,11,0.9830806554636881,0.975572465406292,0.06898916960755481,0.10043741588156124
R2,Drishti_GS,54,11,0.9830453734700613,0.9739549410034555,0.0691552195672006,0.10731132075471699
R2,Drishti_GS,55,11,0.9830061435781204,0.9754242109516787,0.06931535160842275,0.10106624319419237
R2,Drishti_GS,56,11,0.9808378094280639,0.9550074527138158,0.07872596131338516,0.19056261343012704
R2,Drishti_GS,57,11,0.9830136728374935,0.9744631534951211,0.06930804674240984,0.10514804845222073
R2,Drishti_GS,58,11,0.9828917337257663,0.9744699743858141,0.06980253880069186,0.105118677905945
R2,Drishti_GS,59,11,0.9828834121780191,0.9786280003907964,0.06979359263443888,0.08753839403247038
R2,Drishti_GS,60,11,0.9828756993078894,0.9768645741762138,0.06981373468454634,0.09496937386569873
R2,Drishti_GS,61,11,0.9829388580300215,0.9756391198632985,0.06956996864256959,0.10015527950310558
R2,Drishti_GS,62,11,0.9819289039749702,0.971398197411956,0.07390313850821317,0.11824248541947062
R2,Drishti_GS,63,11,0.9832731046564736,0.9726259443495009,0.06823846845462499,0.11298285590277778
R2,Drishti_GS,64,11,0.9828274655577668,0.9772931007294866,0.07003533379445114,0.09316037735849056
R2,Drishti_GS,65,11,0.9826991839486275,0.9750107995808098,0.07058698579592658,0.10282077164647824
R2,Drishti_GS,66,11,0.9830696288498957,0.974946341053405,0.06905763407550729,0.10309449866903284
R2,Drishti_GS,67,11,0.9833771414800629,0.9767449756757515,0.06777143765256771,0.09547442799461642
R2,Drishti_GS,68,11,0.9829832373666509,0.9748288199450976,0.06941329990234281,0.10359361135758652
R2,Drishti_GS,69,11,0.9816665850264298,0.9695384723088702,0.07499318144963361,0.12624773139745918
R2,Drishti_GS,70,11,0.9827288002813099,0.9744113763032387,0.07046636103542837,0.10536823425022183
R2,Drishti_GS,71,11,0.9823107299178702,0.9752207013919698,0.07219519696525067,0.1019299023957409
R2,Drishti_GS,72,11,0.9806776068590992,0.9541857489224138,0.07943506919344454,0.19430580762250454
R2,Drishti_GS,73,11,0.9822211668215868,0.9747763078139179,0.07259284345227877,0.10381692377495463
R2,Drishti_GS,74,11,0.9829399475115935,0.9709934075532387,0.06962800464303234,0.11998114463176575
R2,Drishti_GS,75,11,0.9831457816472476,0.971457014601559,0.06875874515798731,0.11799013010318528
R2,Drishti_GS,76,11,0.9828511965626536,0.9777647896794588,0.06991070366556335,0.0911712511091393
R2,Drishti_GS,77,11,0.9829087136135715,0.9782191685267857,0.06967855272365514,0.08925798580301686
R2,Drishti_GS,78,11,0.9818318066897416,0.9710627661810981,0.07426891253821673,0.11968315972222222
R2,Drishti_GS,79,11,0.9826630919712759,0.9754583501878565,0.07073343311522341,0.10092145677928917
R2,Drishti_GS,80,11,0.982566316365816,0.9748768691380539,0.07113341984696742,0.10338964458095656
R2,Drishti_GS,81,11,0.9834534851937863,0.9746346762491588,0.06748236260513038,0.104419021982952
R2,Drishti_GS,82,11,0.9830694476058901,0.9753382225002772,0.069068174388942,0.10143078970718722
R2,Drishti_GS,83,11,0.9819564885552766,0.9710594772643489,0.07377356814980562,0.11969714156079855
R2,Drishti_GS,84,11,0.98191860948277,0.966820270907276,0.07396937680235757,0.1380323868677906
R2,Drishti_GS,85,11,0.9820558102046931,0.9698013333356965,0.07334936449112245,0.12511343012704174
R2,Drishti_GS,86,11,0.981746985990225,0.9717796034908122,0.07464401786785184,0.11660617059891107
R2,Drishti_GS,87,11,0.9827344729620303,0.973219339705305,0.07045272846396504,0.11044751009421265
R2,Drishti_GS,88,11,0.9825352726910913,0.9731555793173248,0.07127215838100795,0.1107198314108252
R2,Drishti_GS,89,11,0.9828354630827392,0.9714020163723124,0.0700553762002256,0.11822619569986836
R2,Drishti_GS,90,11,0.9833856723534968,0.973903240137113,0.06776739419431975,0.10753140421713774
R2,Drishti_GS,91,11,0.9825061599127518,0.9779501057549912,0.07136677656781992,0.0903905221588416
R2,Drishti_GS,92,11,0.9833922685814862,0.9734033487900965,0.06774593324750393,0.1096624046657694
R2,Drishti_GS,93,11,0.9831543336073146,0.9760290927125392,0.06870324850837724,0.09850269179004038
R2,Drishti_GS,94,11,0.9827124613311601,0.9765100758374001,0.07052068842926745,0.09646739130434782
R2,Drishti_GS,95,11,0.9829577317292233,0.9734559228143226,0.06955249730226627,0.10943808882907133
R2,Drishti_GS,96,11,0.9828692024763075,0.9698470446388515,0.06993047281884929,0.12491588156123823
R2,Drishti_GS,97,11,0.983005716740957,0.9734609175701531,0.06933579660868022,0.10941659272404614
R2,Drishti_GS,98,11,0.9830613852398656,0.9739099078708224,0.06910555596580577,0.10750325520833333
R2,Drishti_GS,99,11,0.9828656755124936,0.9770786340637341,0.0698745207479114,0.09406537955243528
R2,Drishti_GS,100,11,0.9829712837208205,0.9747137563439322,0.06945938006942655,0.10408254822790489
R2,Drishti_GS,101,11,0.9832375259360703,0.9703806709847466,0.06840056153452846,0.12261664423508299
R2,Drishti_GS,102,11,0.9831012939591631,0.9777028584699978,0.06890388601515186,0.09143264589732339
R2,Drishti_GS,103,11,0.9826918438620857,0.9765166830149179,0.07059713409526064,0.0964396628216504
R2,Drishti_GS,104,11,0.9830540364115256,0.9737847295241701,0.06910454270191063,0.10803611484970839
R2,Drishti_GS,105,11,0.9830538139403223,0.9757294125027127,0.0691262873735221,0.09977213541666667
R2,Drishti_GS,106,11,0.9828222909178387,0.9735650076946539,0.07009569620866733,0.10897293700088731
R2,Drishti_GS,107,11,0.982994944347012,0.9779162131904392,0.06933480816109472,0.0905334960070985
R2,Drishti_GS,108,11,0.9831370812052029,0.9769563311058119,0.06874302800614691,0.09458185448092281
R2,Drishti_GS,109,11,0.9830999082318137,0.9740334674121007,0.06892038584931756,0.10697648624667258
R2,Drishti_GS,110,11,0.9826433787636873,0.977476033454798,0.07078842583510737,0.0923888384754991
R2,Drishti_GS,111,11,0.9833875927183356,0.9770351839784827,0.06772544626059741,0.09424911268855368
R2,Drishti_GS,112,11,0.982594442927862,0.9788746617737775,0.07098969164482243,0.08650179452669358
R2,Drishti_GS,113,11,0.9828579791758557,0.9742940718237023,0.06994588750192832,0.10586734693877552
R2,Drishti_GS,114,11,0.9830483513713926,0.9756653180191421,0.06913246040074743,0.10004387889425187
R2,Drishti_GS,115,11,0.981937427549743,0.970903073355701,0.07385687173826959,0.12036934338952973
R2,Drishti_GS,116,11,0.9829316981097208,0.9727335685826906,0.06964470431140271,0.11252268602540835
R2,Drishti_GS,117,11,0.9829982437438262,0.9718202795724268,0.06938262881936318,0.11643189884649512
R2,Drishti_GS,118,11,0.9824325350531509,0.9757235946755705,0.07170700127502669,0.09979706011408512
R2,Drishti_GS,119,11,0.9830899112916498,0.9761184618733545,0.0689697970979818,0.09812417727073278
R2,Drishti_GS,120,11,0.983029979465683,0.9758635940654441,0.06920020363265582,0.09920367877972185
R2,Drishti_GS,121,11,0.9826607823419777,0.9772736037598727,0.07072561955595681,0.09324265028521281
R2,Drishti_GS,122,11,0.9828663333974618,0.9711805748114463,0.06995382905914084,0.11917701863354037
R2,Drishti_GS,123,11,0.9835579490315183,0.9787145300583221,0.06700032689814735,0.0871747420367878
R2,Drishti_GS,124,11,0.9817198845720431,0.9695647251800703,0.07478671934999091,0.12613430127041741
R2,Drishti_GS,125,11,0.9832040901001027,0.9748810274789264,0.06851313769993164,0.1033717834960071
R2,Drishti_GS,126,11,0.9829946589779976,0.9777709113226997,0.06934982264086836,0.09114583333333333
R2,Drishti_GS,127,11,0.9829772787194024,0.9728976523945716,0.06951158565258188,0.11182144459398834
R2,Drishti_GS,128,11,0.9828766391210142,0.9749842935102625,0.06983294811665365,0.10293292956482727
R2,Drishti_GS,129,11,0.982602503763509,0.975975984018484,0.07098825726490704,0.09872751206669592
R2,Drishti_GS,130,11,0.9833468040913383,0.975371041759095,0.06791150565529781,0.10129214729370009
R2,Drishti_GS,131,11,0.9829573532306891,0.9722273166684949,0.0695378268741832,0.11468845985081176
R2,Drishti_GS,132,11,0.9827615887143382,0.9760841836734694,0.07030703168942677,0.09826974267968057
R2,Drishti_GS,133,11,0.9830251029409648,0.97671021355523,0.06920583357248376,0.09562174479166667
R2,Drishti_GS,134,11,0.9819908165109905,0.9733710591892581,0.07357308836481956,0.10980036297640654
R2,Drishti_GS,135,11,0.9824921625078747,0.973061836691061,0.07146688562577076,0.11112045760430686
R2,Drishti_GS,136,11,0.9827505945369256,0.9769242750042059,0.07035934880939941,0.09471736204576044
R2,Drishti_GS,137,11,0.9832101704353202,0.9769102974919588,0.06846340892986119,0.09477595385980479
R2,Drishti_GS,138,11,0.9834261393343607,0.9735455111052573,0.06759554273459173,0.1090561224489796
R2,Drishti_GS,139,11,0.9830784467475474,0.9763790154309007,0.06898869719205912,0.09702196095829636
R2,Drishti_GS,140,11,0.9817876937731088,0.968908403400068,0.07448028028120267,0.12897005444646098
R2,Drishti_GS,141,11,0.9826490310393563,0.9717216809730145,0.07084270184582274,0.11685498025449759
R2,Drishti_GS,142,11,0.9825307547677262,0.9757175394784272,0.07128172187460159,0.09982253771073647
R2,Drishti_GS,143,11,0.9827174919791054,0.9729126862735368,0.0705334655801915,0.1117570326678766
R2,Drishti_GS,144,11,0.9829791109981159,0.9767345446879113,0.06940339718045972,0.09551886792452831
R2,Drishti_GS,145,11,0.9827453013992004,0.9774025890954464,0.07038213990669212,0.09269851951547779
R2,Drishti_GS,146,11,0.9820496332741189,0.9708103603786893,0.07334513403188823,0.12076822916666667
R2,Drishti_GS,147,11,0.9829663709245211,0.9779746601965568,0.06944738307467231,0.09028712427097353
R2,Drishti_GS,148,11,0.9834793387313546,0.9776924356699201,0.06733953232079425,0.091476264418811
R2,Drishti_GS,149,11,0.9830822455305213,0.972895949735193,0.06902664566101745,0.11182897071872228
R2,Drishti_GS,150,11,0.9819784152741383,0.9758456969217899,0.0735939774530081,0.09927971869328493
R2,Drishti_GS,151,11,0.982869329820872,0.9732780110381692,0.0699176237539355,0.11019736842105263
R2,Drishti_GS,152,11,0.9827534975581234,0.9745221819196429,0.07036188630588627,0.10489685004436557
R2,Drishti_GS,153,11,0.9831771414849986,0.9763842419921018,0.06859530217431233,0.09699978060552875
R2,Drishti_GS,154,11,0.9827871261141697,0.9716448714828324,0.07024342978735997,0.11718407196138657
R2,Drishti_GS,155,11,0.9829496229710418,0.9735910031471828,0.06956180699548613,0.10886202307009761
R2,Drishti_GS,156,11,0.9827494694429002,0.9771566219421896,0.070346953806941,0.09373628784554629
R2,Drishti_GS,157,11,0.9831627444994915,0.975606300604481,0.06866735311227795,0.10029392191659273
R2,Drishti_GS,158,11,0.9826980787591363,0.9725828654245178,0.07059686525933882,0.11316733961417676
R2,Drishti_GS,159,11,0.9826112472473659,0.9706902355881211,0.07099306335879585,0.12128438331854481
R2,Drishti_GS,160,11,0.9830528051640474,0.9748810274789264,0.0691309535404438,0.1033717834960071
R2,Drishti_GS,161,11,0.9828405038089018,0.973929123587648,0.07002973802317021,0.10742101799034665
R2,Drishti_GS,162,11,0.9820967590453286,0.9711188508464723,0.07318428702316199,0.11944192377495463
R2,Drishti_GS,163,11,0.9830253890050001,0.9773766992360803,0.06921795362157336,0.09280723158828749
R2,Drishti_GS,164,11,0.9830845273247277,0.9773320946687144,0.06899782630940049,0.09299583150504608
R2,Drishti_GS,165,11,0.9828797904678791,0.9739163836431696,0.06985457003792604,0.10747532525796322
R2,Drishti_GS,166,11,0.9822552155432195,0.973830841324585,0.07246263992641878,0.10783983849259758
R2,Drishti_GS,167,11,0.9825442743436926,0.9778996573554145,0.07119882432805417,0.0906032986111111
R2,Drishti_GS,168,11,0.983143099330868,0.9765166830149179,0.06877404643499839,0.0964396628216504
R2,Drishti_GS,169,11,0.9830035761008914,0.9745547845496895,0.06933665843390173,0.10475820763087844
R2,Drishti_GS,170,11,0.9823236539438881,0.9679876833545918,0.07226505629013345,0.1329580745341615
R2,Drishti_GS,171,11,0.9808662278969219,0.9529695510864258,0.07870960414959127,0.19986979166666666
R2,Drishti_GS,172,11,0.9820456527589937,0.9731319032866379,0.07332089022507503,0.11082123411978222
R2,Drishti_GS,173,11,0.9831459513215488,0.9695512015098159,0.06879390374854155,0.12619232475598935
R2,Drishti_GS,174,11,0.9828836006340549,0.9747495010846756,0.06981045397045214,0.10393035390199637
R2,Drishti_GS,175,11,0.9829990062537458,0.9731361910423136,0.06937900784088082,0.11080301685891748
R2,Drishti_GS,176,11,0.9823892054066635,0.9731767762382075,0.07191593683635476,0.11062966213251427
R2,Drishti_GS,177,11,0.981927301760715,0.9689346562712682,0.07387955840595865,0.12885662431941924
R2,Drishti_GS,178,11,0.98203735725597,0.9710627661810981,0.07339000176676802,0.11968315972222222
R2,Drishti_GS,179,11,0.9830905040825108,0.9708849181727183,0.06901144805017267,0.12044756472136903
R2,Drishti_GS,180,11,0.9824852308538735,0.9733836335310116,0.07150714566903514,0.10974652310453117
R2,Drishti_GS,181,11,0.9831123591347398,0.9737926845330523,0.0688980349674273,0.10800244010647737
R2,Drishti_GS,182,11,0.9829834206806113,0.9716263968223159,0.06950038678594732,0.11726375332741792
R2,Drishti_GS,183,11,0.9832013358162658,0.9729738277783939,0.06858317884908335,0.11149622892635315
R2,Drishti_GS,184,11,0.9830503237012064,0.9763272312415882,0.069135251107226,0.09724091520861373
R2,Drishti_GS,185,11,0.9832611127529165,0.9739748693295253,0.06831821497459482,0.10722604259094942
R2,Drishti_GS,186,11,0.9830701598446571,0.9745817736372813,0.06903954415238273,0.10464333781965007
R2,Drishti_GS,187,11,0.9809355746627485,0.9529695510864258,0.07843319558960826,0.19986979166666666
R2,Drishti_GS,188,11,0.9824198596137174,0.9755374060736762,0.07173701816032883,0.1005859375
R2,Drishti_GS,189,11,0.9827542079406548,0.9760821048536339,0.07035581594830895,0.09827837595334231
R2,Drishti_GS,190,11,0.9828610810487473,0.9766347456951531,0.0699128765073979,0.09594055013309671
R2,Drishti_GS,191,11,0.9829915927026083,0.9694906705929136,0.06942588477887332,0.12645348837209303
R2,Drishti_GS,192,11,0.9826608030873523,0.9748060894739794,0.07074807776748084,0.10368999551368327
R2,Drishti_GS,193,11,0.9826016528149409,0.9765690697564019,0.07096433154641504,0.0962185329861111
R2,Drishti_GS,194,11,0.9829058864019536,0.9749230801950998,0.06973733762890778,0.10319305807622504
R2,Drishti_GS,195,11,0.9828462864706246,0.9765176773071289,0.0699595694873021,0.096435546875
R2,Drishti_GS,196,11,0.9813632714050491,0.9636010064019097,0.076359820811449,0.1521267361111111
R2,Drishti_GS,197,11,0.9831632716202112,0.9781976744186046,0.06864336100548728,0.08934839842035981
R2,Drishti_GS,198,11,0.9832861001053655,0.97325956112744,0.06817992955365927,0.11027617568766637
R2,Drishti_GS,199,11,0.9829390423959329,0.9741572707547693,0.06959098522498641,0.10644964507542147
R2,RIM_ONE_r3,0,16,0.9946021435889993,0.9932730098521829,0.021712914277303146,0.027095217200526548
R2,RIM_ONE_r3,1,16,0.9944147661089374,0.9933288086804015,0.022471258178580308,0.026868899733806566
R2,RIM_ONE_r3,2,16,0.9945093308352698,0.9935033840146927,0.022087899538815826,0.026160834454912518
R2,RIM_ONE_r3,3,16,0.9944709397896813,0.9936639333892524,0.022242553549085282,0.025510204081632654
R2,RIM_ONE_r3,4,16,0.9945029780592473,0.9935298984957767,0.022113374751538534,0.026053093462044756
R2,RIM_ONE_r3,5,16,0.9945309284510754,0.9936160584308452,0.022000365265524523,0.02570430346051464
R2,RIM_ONE_r3,6,16,0.9944278932395986,0.9938487177309783,0.022416670610581717,0.02476153504880213
R2,RIM_ONE_r3,7,16,0.9946323296760574,0.9934014541739798,0.02159109509104335,0.02657415533128565
R2,RIM_ONE_r3,8,16,0.9944505243822751,0.9938010730962644,0.02232549907605177,0.0249546279491833
R2,RIM_ONE_r3,9,16,0.9945640666664054,0.9935298984957767,0.021866345778866116,0.026053093462044756
R2,RIM_ONE_r3,10,16,0.994590332886761,0.9933789571126302,0.02175985665053783,0.026665581597222224
R2,RIM_ONE_r3,11,16,0.9944826236351614,0.9936707571955412,0.022195650335440877,0.025482475598935225
R2,RIM_ONE_r3,12,16,0.9943987185869507,0.993643461970386,0.02253531871406237,0.025593389529724935
R2,RIM_ONE_r3,13,16,0.9944688187440143,0.9937396516084357,0.022251908799087047,0.025202939885914873
R2,RIM_ONE_r3,14,16,0.9944851284288821,0.9933927595053835,0.022186211428942768,0.026609466128308657
R2,RIM_ONE_r3,15,16,0.9945849095331479,0.9937178422218483,0.02178170589912812,0.025291610587707493
R2,RIM_ONE_r3,16,16,0.9945396514024298,0.9935795068206034,0.021965653470205116,0.02585240017945267
R2,RIM_ONE_r3,17,16,0.9944947724142303,0.9933903312513864,0.022146933230606295,0.026619343389529725
R2,RIM_ONE_r3,18,16,0.9944810216054728,0.9938075582644743,0.0222020086042971,0.02492790594498669
R2,RIM_ONE_r3,19,16,0.9944743431686746,0.9933014051408607,0.02222932023487676,0.026979813664596272
R2,RIM_ONE_r3,20,16,0.9944916959425352,0.9932331670779725,0.022160342968650593,0.02725709849157054
R2,RIM_ONE_r3,21,16,0.9945282104266948,0.9935841043563515,0.022011229802214708,0.02583369899078543
R2,RIM_ONE_r3,22,16,0.9945158082188515,0.9934450300160825,0.022061592081785663,0.026397515527950312
R2,RIM_ONE_r3,23,16,0.9945476786572008,0.9936160584308452,0.02193294636162367,0.02570430346051464
R2,RIM_ONE_r3,24,16,0.9944224663453737,0.9934284499780606,0.02243942568802431,0.02646445809565599
R2,RIM_ONE_r3,25,16,0.99475496581913,0.9934382062097937,0.02109515028550546,0.026425244010647737
R2,RIM_ONE_r3,26,16,0.9946147677746772,0.9935704993281045,0.021662131049068455,0.025888547608600262
R2,RIM_ONE_r3,27,16,0.9945762056948039,0.993465953403049,0.02181722621142936,0.026312934027777776
R2,RIM_ONE_r3,28,16,0.9945628124105169,0.9935976022583919,0.02187196160549216,0.0257788503729706
R2,RIM_ONE_r3,29,16,0.9945453854864137,0.993622882237134,0.021942060635754636,0.025676574977817213
R2,RIM_ONE_r3,30,16,0.9944690351245021,0.9936934577094184,0.022250541342658223,0.025390625
R2,RIM_ONE_r3,31,16,0.9946355225476596,0.9932822445252916,0.021577288283558163,0.0270580978017048
R2,RIM_ONE_r3,32,16,0.994597306238806,0.9938700878336698,0.0217320730494895,0.024674742036787798
R2,RIM_ONE_r3,33,16,0.9944256606519003,0.9938965926893856,0.022426203404096345,0.024567435669920142
R2,RIM_ONE_r3,34,16,0.9944388339005414,0.9934450300160825,0.02237369000550389,0.026397515527950312
R2,RIM_ONE_r3,35,16,0.9944711615829696,0.9935367545730035,0.022242244172603075,0.02602566915313734
R2,RIM_ONE_r3,36,16,0.9946012986007957,0.9937186321539485,0.021715404310211153,0.025288376220053237
R2,RIM_ONE_r3,37,16,0.9944719215046961,0.9934177347909272,0.022239103464007516,0.026508429458740018
R2,RIM_ONE_r3,38,16,0.9943854847291218,0.9930749057172499,0.022589499674125584,0.027899282189322566
R2,RIM_ONE_r3,39,16,0.9945426733578994,0.9936901313299125,0.021952618604077337,0.025403768506056527
R2,RIM_ONE_r3,40,16,0.9944234166965146,0.9933029455473307,0.02243595109125786,0.026973979362943025
R2,RIM_ONE_r3,41,16,0.9944982665375037,0.9935102843553724,0.022132546126084007,0.02613279497532526
R2,RIM_ONE_r3,42,16,0.9944816929385389,0.9934618724413975,0.022199688496989584,0.02632907133243607
R2,RIM_ONE_r3,43,16,0.9946746966283925,0.9938077657091184,0.021418311655868407,0.02492709735307313
R2,RIM_ONE_r3,44,16,0.9944329026115192,0.9935631726052064,0.02239721937382669,0.025918784029038112
R2,RIM_ONE_r3,45,16,0.9944658749847478,0.9938499602994555,0.022263065316293906,0.024756125226860253
R2,RIM_ONE_r3,46,16,0.9944549074448771,0.993665306021007,0.02230853961409943,0.025504607283896447
R2,RIM_ONE_r3,47,16,0.994511336576344,0.9925706079816438,0.02208161428138955,0.02994676131322094
R2,RIM_ONE_r3,48,16,0.9945674214033122,0.9933236465693697,0.021854333698866066,0.026889860924181247
R2,RIM_ONE_r3,49,16,0.9945696430387523,0.993937643841504,0.021843909473246773,0.024401064773735583
R2,RIM_ONE_r3,50,16,0.9945159674377565,0.9936639333892524,0.02206119331611793,0.025510204081632654
R2,RIM_ONE_r3,51,16,0.9945099039684164,0.9932662609011628,0.022085897059683827,0.027122641509433963
R2,RIM_ONE_r3,52,16,0.9945098764300714,0.9930622469775954,0.022085866954796935,0.027950310559006212
R2,RIM_ONE_r3,53,16,0.9944555584449243,0.9934149520760202,0.02230559836453093,0.02651930671347082
R2,RIM_ONE_r3,54,16,0.9945150403125526,0.9934353060552874,0.022064421547006812,0.026437033786748575
R2,RIM_ONE_r3,55,16,0.9944807552557019,0.9931101219360027,0.02220418418864234,0.027756211180124224
R2,RIM_ONE_r3,56,16,0.994429622673372,0.9933598260345277,0.022410530298142703,0.026743146603098927
R2,RIM_ONE_r3,57,16,0.9944748396619884,0.9933424562929791,0.022227201325794744,0.026813442768411713
R2,RIM_ONE_r3,58,16,0.9945916856738729,0.9936639333892524,0.021754617958055212,0.025510204081632654
R2,RIM_ONE_r3,59,16,0.994484891791901,0.9932134666373639,0.02218717893476358,0.02733666061705989
R2,RIM_ONE_r3,60,16,0.9944802779535543,0.9934549721007178,0.022205094124003465,0.02635711081202333
R2,RIM_ONE_r3,61,16,0.9945281955837821,0.9935165077199429,0.022011615347525385,0.026107942079859586
R2,RIM_ONE_r3,62,16,0.9943894570588119,0.9933203596355309,0.02257344536045515,0.02690324703817464
R2,RIM_ONE_r3,63,16,0.9946446148524618,0.9937323880809117,0.021540871161304775,0.025232919254658384
R2,RIM_ONE_r3,64,16,0.9944449248632943,0.9928607882089184,0.0223488727746486,0.028768100043878895
R2,RIM_ONE_r3,65,16,0.994517262314215,0.9933744583698991,0.022055637550974207,0.026683852566915314
R2,RIM_ONE_r3,66,16,0.9944433220937687,0.9935165077199429,0.022354848267551203,0.026107942079859586
R2,RIM_ONE_r3,67,16,0.9945556404502031,0.9938281379977263,0.02190016851143217,0.024844720496894408
R2,RIM_ONE_r3,68,16,0.9944661431589247,0.9937118083476597,0.022262596631763006,0.025316104702750666
R2,RIM_ONE_r3,69,16,0.9945039077290045,0.9936913369287933,0.022109313019099838,0.025399290150842947
R2,RIM_ONE_r3,70,16,0.9945965947907993,0.9937365126126714,0.021734916360764522,0.025216030989272945
R2,RIM_ONE_r3,71,16,0.9945009650157601,0.9935864071612831,0.022121372489966762,0.02582436069986541
R2,RIM_ONE_r3,72,16,0.9945100139846815,0.9935570014260641,0.022085388493498684,0.025943396226415096
R2,RIM_ONE_r3,73,16,0.9944505328953701,0.9929803613021295,0.022326448577950308,0.02828305235137533
R2,RIM_ONE_r3,74,16,0.9945200350929646,0.9934929049744898,0.022044420166702237,0.026203416149068324
R2,RIM_ONE_r3,75,16,0.9945993226761322,0.9939093866981062,0.02172439227292856,0.02451556077510276
R2,RIM_ONE_r3,76,16,0.9944046313805531,0.993192115925854,0.02251189820407609,0.0274234693877551
R2,RIM_ONE_r3,77,16,0.9945008895115024,0.9935726064799237,0.022121500956237907,0.02588043965903993
R2,RIM_ONE_r3,78,16,0.994529132869643,0.9939612282647027,0.022007491865202074,0.024305555555555556
R2,RIM_ONE_r3,79,16,0.9945184845362808,0.9933570955895845,0.0220512488374431,0.02675425719318849
R2,RIM_ONE_r3,80,16,0.9946538148026285,0.993239265097082,0.021504337793047768,0.027232338745063624
R2,RIM_ONE_r3,81,16,0.9944978456418321,0.9934726291232638,0.02213374361670401,0.026285807291666668
R2,RIM_ONE_r3,82,16,0.9944893441939651,0.9938691891498447,0.02216862633163068,0.02467834960070985
R2,RIM_ONE_r3,83,16,0.9944238094112576,0.9928436685475821,0.02243406058108293,0.02883762200532387
R2,RIM_ONE_r3,84,16,0.9945417190278277,0.9938007344581854,0.021956445450503678,0.024955634427684118
R2,RIM_ONE_r3,85,16,0.9945168414437073,0.9936279187345783,0.022057523114190236,0.025656123822341857
R2,RIM_ONE_r3,86,16,0.9945531568508857,0.9935637503770842,0.021910796569224105,0.02591597191750768
R2,RIM_ONE_r3,87,16,0.9945420225843377,0.9935448955879879,0.02195530531433686,0.025992597577388962
R2,RIM_ONE_r3,88,16,0.9944447678891352,0.9936639333892524,0.022348864560800548,0.025510204081632654
R2,RIM_ONE_r3,89,16,0.9946487008208059,0.9933932220942822,0.02152489579775168,0.026607457428068117
R2,RIM_ONE_r3,90,16,0.9946189444323519,0.9935933075019627,0.021645046035095625,0.02579632122027815
R2,RIM_ONE_r3,91,16,0.9944962142912421,0.9934556600345547,0.022141037861453022,0.026354760860026326
R2,RIM_ONE_r3,92,16,0.9944934035315411,0.9935933075019627,0.02215289535148311,0.02579632122027815
R2,RIM_ONE_r3,93,16,0.9945986600233613,0.9938073553710509,0.021726172435246254,0.02492869679684072
R2,RIM_ONE_r3,94,16,0.9944762639636265,0.9930690707838842,0.022221997254949895,0.027922582076308784
R2,RIM_ONE_r3,95,16,0.994592055048553,0.9928952778011441,0.021753964410685746,0.028628308658591298
R2,RIM_ONE_r3,96,16,0.9944525243954986,0.9933947052229596,0.022317913092273812,0.026601579640193065
R2,RIM_ONE_r3,97,16,0.9945832894431568,0.9939021620639535,0.021788030230769254,0.024544756472136903
R2,RIM_ONE_r3,98,16,0.9945065206628345,0.9938623653435559,0.022098815057270273,0.024706078083407277
R2,RIM_ONE_r3,99,16,0.9945873680825681,0.9935203085140306,0.02177207827574658,0.026092502218278617
R2,RIM_ONE_r3,100,16,0.9945332511416568,0.9931515587700738,0.021991306172197703,0.027587890625
R2,RIM_ONE_r3,101,16,0.9945674184881242,0.9936924089512944,0.02185263490559866,0.025394910048266783
R2,RIM_ONE_r3,102,16,0.9944443345390327,0.9938907888557088,0.022350622266827797,0.02459062359802602
R2,RIM_ONE_r3,103,16,0.9944301925698379,0.9932407329519964,0.022408420372934203,0.027226334679228352
R2,RIM_ONE_r3,104,16,0.9944810603517469,0.9933014051408607,0.022202028307154596,0.026979813664596272
R2,RIM_ONE_r3,105,16,0.9945126257379648,0.9935841043563515,0.02207470732581427,0.02583369899078543
R2,RIM_ONE_r3,106,16,0.9944920135259235,0.9935476037391859,0.02215778793068103,0.025981588287488908
R2,RIM_ONE_r3,107,16,0.994526207155863,0.9933997693752804,0.02201957627354137,0.0265814266487214
R2,RIM_ONE_r3,108,16,0.9945000931312582,0.9934884436224299,0.02212563861738267,0.026221692491060787
R2,RIM_ONE_r3,109,16,0.9944737406786919,0.9932600645606473,0.022231960340497074,0.027147610405323656
R2,RIM_ONE_r3,110,16,0.9946034458637325,0.993604351209412,0.02170729055019406,0.025751426064063186
R2,RIM_ONE_r3,111,16,0.9944886615342918,0.9935517959286676,0.022171398429068623,0.025964558097801706
R2,RIM_ONE_r3,112,16,0.9944540213774864,0.9933203596355309,0.022312325996054254,0.02690324703817464
R2,RIM_ONE_r3,113,16,0.9945002323779633,0.9933512479320884,0.022125045623182897,0.026777703005832213
R2,RIM_ONE_r3,114,16,0.9944224822018863,0.9931025070799686,0.02243957574333901,0.02778712427097353
R2,RIM_ONE_r3,115,16,0.9944868352898187,0.9933541043906319,0.022179484803193168,0.02676612549363756
R2,RIM_ONE_r3,116,16,0.9944426044607795,0.992968162227503,0.022359245515555827,0.028332354668232532
R2,RIM_ONE_r3,117,16,0.9944933282919878,0.9933947052229596,0.022152877619215222,0.026601579640193065
R2,RIM_ONE_r3,118,16,0.9945123912998743,0.9939856271142968,0.02207468800614668,0.024206965394853595
R2,RIM_ONE_r3,119,16,0.9945671557970303,0.9933151610678239,0.02185419626458881,0.02692435669920142
R2,RIM_ONE_r3,120,16,0.9944125017439164,0.9934511825090744,0.022479727284594943,0.02637250453720508
R2,RIM_ONE_r3,121,16,0.9944711941025015,0.9936502857766748,0.02224221867553521,0.025565661047027507
R2,RIM_ONE_r3,122,16,0.9946187358763409,0.9937240129806602,0.02164534210620253,0.025266560798548093
R2,RIM_ONE_r3,123,16,0.9944339932301491,0.9935339561266082,0.022393258673746145,0.02603704525288376
R2,RIM_ONE_r3,124,16,0.9945015968832748,0.9934480717600381,0.022119368284265823,0.02638515029161059
R2,RIM_ONE_r3,125,16,0.994499432188115,0.9931156553071121,0.022128647158073188,0.027733666061705988
R2,RIM_ONE_r3,126,16,0.9946242251111173,0.9936366381640972,0.021623749779522913,0.02562111801242236
R2,RIM_ONE_r3,127,16,0.9944300168987773,0.9935097587689228,0.02240901554866964,0.026135366388767
R2,RIM_ONE_r3,128,16,0.994532247801369,0.9931784174116938,0.02199522309174632,0.027479157525230363
R2,RIM_ONE_r3,129,16,0.9946236655345124,0.9938144903851486,0.021625130185783447,0.024900177462289265
R2,RIM_ONE_r3,130,16,0.9945282475778664,0.9935955870119787,0.022011311507106078,0.02578748890860692
R2,RIM_ONE_r3,131,16,0.9944299385343776,0.993486081168201,0.02240867739523216,0.02623114463176575
R2,RIM_ONE_r3,132,16,0.9944537771887476,0.9931715949693739,0.022312879900173513,0.027506805807622506
R2,RIM_ONE_r3,133,16,0.9945479348193844,0.9936625299671938,0.021931738004808167,0.025515926424405564
R2,RIM_ONE_r3,134,16,0.994538941889531,0.9929778840806749,0.021968616658503748,0.028293185763888888
R2,RIM_ONE_r3,135,16,0.9944809868179706,0.9934488039573278,0.022202842219019647,0.026382185168933744
R2,RIM_ONE_r3,136,16,0.9946759809818876,0.994044318540204,0.021413643545484657,0.023968845985081175
R2,RIM_ONE_r3,137,16,0.9944416608748616,0.9935231495447565,0.022361729721718973,0.02608051777095217
R2,RIM_ONE_r3,138,16,0.9945781396117314,0.9934723252412379,0.021809656512505136,0.026286601597160602
R2,RIM_ONE_r3,139,16,0.9946343366444037,0.9937460356934894,0.0215825364382517,0.02517746228926353
R2,RIM_ONE_r3,140,16,0.994404245924707,0.9932269322706371,0.022513268419803577,0.02728241363840287
R2,RIM_ONE_r3,141,16,0.994553204931139,0.9938965926893856,0.021910131749725465,0.024567435669920142
R2,RIM_ONE_r3,142,16,0.9945222480068652,0.9930513170030382,0.022036068894847563,0.027994791666666668
R2,RIM_ONE_r3,143,16,0.9944842332865295,0.9933219848741127,0.02218947370052232,0.026896628216503994
R2,RIM_ONE_r3,144,16,0.9944787498818032,0.9935748989643411,0.022211617579862526,0.0258706743566992
R2,RIM_ONE_r3,145,16,0.9945024263784581,0.9932920667860243,0.022116255300247207,0.027018229166666668
R2,RIM_ONE_r3,146,16,0.9944852399219327,0.9935134847077418,0.022186127650837422,0.026120230700976042
R2,RIM_ONE_r3,147,16,0.9945116116776348,0.9934962608668824,0.022079136865681435,0.026190215006581835
R2,RIM_ONE_r3,148,16,0.9945653569027878,0.993366127215759,0.02186164797454301,0.026717557251908396
R2,RIM_ONE_r3,149,16,0.9944997606930687,0.9936788039230474,0.022126110167353327,0.025449758666081616
R2,RIM_ONE_r3,150,16,0.9946206463254107,0.99336985983252,0.021638109469278095,0.026702528837622006
R2,RIM_ONE_r3,151,16,0.9944179640548277,0.9935930040147569,0.022457860492355437,0.025797526041666668
R2,RIM_ONE_r3,152,16,0.99448696781057,0.9932407329519964,0.022179327613695125,0.027226334679228352
R2,RIM_ONE_r3,153,16,0.9945400712860923,0.9940375695891839,0.02196330697907957,0.02399627029398859
R2,RIM_ONE_r3,154,16,0.9945942888878331,0.9931578193346231,0.021745509585254254,0.02756280843427546
R2,RIM_ONE_r3,155,16,0.9945323939150141,0.9936092346245563,0.021994399021115135,0.025732031943212066
R2,RIM_ONE_r3,156,16,0.9944217681931148,0.9931851663627139,0.022443129071858112,0.027451733216322948
R2,RIM_ONE_r3,157,16,0.9944859390447602,0.993408203125,0.022182737835252986,0.026546731022378235
R2,RIM_ONE_r3,158,16,0.994485114554185,0.9933001127824704,0.022185823736485165,0.026985519964896884
R2,RIM_ONE_r3,159,16,0.9944213914972245,0.9932407329519964,0.02244368548030363,0.027226334679228352
R2,RIM_ONE_r3,160,16,0.9944933408286551,0.9933492800992679,0.022153122435237677,0.026785714285714284
R2,RIM_ONE_r3,161,16,0.9944606135729891,0.9932407329519964,0.022285004722264766,0.027226334679228352
R2,RIM_ONE_r3,162,16,0.9945531767816987,0.9933406064885915,0.02191087022166043,0.02682097411145239
R2,RIM_ONE_r3,163,16,0.9944259917409459,0.993540779932897,0.022425228899207457,0.026009316770186336
R2,RIM_ONE_r3,164,16,0.9945935185671848,0.9939650473810449,0.021746702347968203,0.024290150842945873
R2,RIM_ONE_r3,165,16,0.9945053973088602,0.9934342710786788,0.02210400591057138,0.026441229250785105
R2,RIM_ONE_r3,166,16,0.994449033084015,0.9934997287807786,0.022331363766009277,0.026175687666370896
R2,RIM_ONE_r3,167,16,0.994519662171959,0.9932673944238021,0.02204687472749433,0.027118456078083407
R2,RIM_ONE_r3,168,16,0.9945849890123114,0.9940013885498047,0.021781144709976753,0.024142795138888888
R2,RIM_ONE_r3,169,16,0.9944569931773724,0.993540779932897,0.02229954123148583,0.026009316770186336
R2,RIM_ONE_r3,170,16,0.9946023961796372,0.9931990480465284,0.02171205030144788,0.027395740905057676
R2,RIM_ONE_r3,171,16,0.9944422862133993,0.9933743070128176,0.022359366346898828,0.02668443738656987
R2,RIM_ONE_r3,172,16,0.9945200174830093,0.993287757528283,0.022044959041742775,0.027035270629991125
R2,RIM_ONE_r3,173,16,0.9944608589861456,0.9936024108182675,0.022284250642403972,0.025759760425909495
R2,RIM_ONE_r3,174,16,0.9944470851067355,0.9933971550576752,0.02233963511210614,0.0265916149068323
R2,RIM_ONE_r3,175,16,0.9944364341898232,0.9933720584833445,0.022383223940931774,0.026693584567070435
R2,RIM_ONE_r3,176,16,0.9944970816224964,0.9939102403019632,0.022137358811969213,0.02451197870452529
R2,RIM_ONE_r3,177,16,0.9944271530189682,0.9932037826374404,0.022420364512158005,0.027376340882002383
R2,RIM_ONE_r3,178,16,0.9944780502267605,0.9936571095829636,0.02221456124175568,0.02553793256433008
R2,RIM_ONE_r3,179,16,0.9944489663978747,0.9933288086804015,0.022332402432019286,0.026868899733806566
R2,RIM_ONE_r3,180,16,0.9944904934288417,0.9935097587689228,0.022164471430068635,0.026135366388767
R2,RIM_ONE_r3,181,16,0.9945294550623286,0.9937455531137842,0.02200605796960217,0.025179452669358456
R2,RIM_ONE_r3,182,16,0.9944650240175659,0.9935864071612831,0.022267116985956667,0.02582436069986541
R2,RIM_ONE_r3,183,16,0.9945021007660357,0.9932545336333558,0.022118010108011316,0.027170255720053837
R2,RIM_ONE_r3,184,16,0.9945151094054399,0.9933630360262311,0.022064737877994282,0.02673025732031943
R2,RIM_ONE_r3,185,16,0.9944277751080377,0.9929324863437222,0.022418287691995956,0.02847715173025732
R2,RIM_ONE_r3,186,16,0.9944186644356423,0.993274218230091,0.022454815990260956,0.027090727595385982
R2,RIM_ONE_r3,187,16,0.9945433848640262,0.9938007344581854,0.021949972599697748,0.024955634427684118
R2,RIM_ONE_r3,188,16,0.9944980401105108,0.9931578885800244,0.022133823881257918,0.027562111801242236
R2,RIM_ONE_r3,189,16,0.9945172755348641,0.9934420550063076,0.022056296959961027,0.02640960947784116
R2,RIM_ONE_r3,190,16,0.9945369694871374,0.9933744583698991,0.02197639276666937,0.026683852566915314
R2,RIM_ONE_r3,191,16,0.9944869344672616,0.9936755851463035,0.022178885901159632,0.02546296296296296
R2,RIM_ONE_r3,192,16,0.9946441478924368,0.9933720584833445,0.021542496600177482,0.026693584567070435
R2,RIM_ONE_r3,193,16,0.9944554385378174,0.9935802509730706,0.022305691561757265,0.0258492252681764
R2,RIM_ONE_r3,194,16,0.9945976210076006,0.9938272900051541,0.021731144772154466,0.024848090277777776
R2,RIM_ONE_r3,195,16,0.9944985196676827,0.9933602390185459,0.02213173356777365,0.026741152450090743
R2,RIM_ONE_r3,196,16,0.9945816770564011,0.9932730098521829,0.021795784669282187,0.027095217200526548
R2,RIM_ONE_r3,197,16,0.9944154844848412,0.992968162227503,0.022468102341926994,0.028332354668232532
R2,RIM_ONE_r3,198,16,0.994480526738092,0.9933271085865512,0.022204230105128585,0.026875822729267224
R2,RIM_ONE_r3,199,16,0.9946001193973719,0.9936466217041016,0.021720037847991102,0.025580512152777776
R3,Drishti_GS,0,11,0.9795020524558701,0.9636563891291402,0.08406482946611563,0.15188294010889292
R3,Drishti_GS,1,11,0.9812306191277266,0.9701919521436182,0.07676569679240924,0.1234297891431135
R3,Drishti_GS,2,11,0.9804719595630721,0.976613892449273,0.07982957670103343,0.09602864583333333
R3,Drishti_GS,3,11,0.9811960893168091,0.9710586568388291,0.07688929509051072,0.11970053835800808
R3,Drishti_GS,4,11,0.9801672191821581,0.967696295844184,0.08125365481359782,0.1342230902777778
R3,Drishti_GS,5,11,0.9808621618625132,0.9752336991182342,0.07823443200045238,0.10187444543034606
R3,Drishti_GS,6,11,0.9812174375548001,0.9743735902191202,0.07679476333347783,0.10552874067573498
R3,Drishti_GS,7,11,0.9811560192157938,0.9689195807851579,0.07709867191657947,0.1289216761737604
R3,Drishti_GS,8,11,0.9813357892061003,0.9763003791870009,0.07625485866939473,0.09735470275066549
R3,Drishti_GS,9,11,0.9808914109601902,0.9751985337999132,0.07814072206421058,0.1020236545138889
R3,Drishti_GS,10,11,0.9814164550704053,0.974160944698881,0.07595376476616388,0.10643374286967969
R3,Drishti_GS,11,11,0.9812207252876831,0.9732719137295311,0.07677948474176563,0.11022319425751458
R3,Drishti_GS,12,11,0.9794437916399388,0.9529695510864258,0.08466151110406828,0.19986979166666666
R3,Drishti_GS,13,11,0.9808752378259565,0.9669606211796209,0.07827327501012428,0.13742148945715568
R3,Drishti_GS,14,11,0.9809653602290317,0.9738440943598586,0.07782929991097723,0.10778375953342306
R3,Drishti_GS,15,11,0.9806935796555013,0.9730485836557874,0.0789800251953567,0.11117653656348138
R3,Drishti_GS,16,11,0.980008237556889,0.9670781241138271,0.08189010867255053,0.13691016333938294
R3,Drishti_GS,17,11,0.9800211278942552,0.967696295844184,0.0818585503174356,0.1342230902777778
R3,Drishti_GS,18,11,0.9795263069474842,0.9618325345961888,0.08405667992307074,0.1599364791288566
R3,Drishti_GS,19,11,0.981192575870238,0.9709216357881898,0.07693844588067533,0.12028936742934052
R3,Drishti_GS,20,11,0.9808725882889561,0.9732280896912023,0.07821083435813768,0.11041026766125493
R3,Drishti_GS,21,11,0.9813459353755148,0.9689259012313515,0.07635565045588609,0.128894251864853
R3,Drishti_GS,22,11,0.9812671778782295,0.9708564659039928,0.07664649595212064,0.1205697622252131
R3,Drishti_GS,23,11,0.9811548359196217,0.9740074719595718,0.07701938900381872,0.1070874001774623
R3,Drishti_GS,24,11,0.9811269224089475,0.9714978943272817,0.0771696450522328,0.11781483106625713
R3,Drishti_GS,25,11,0.9808175947083385,0.9761758176436336,0.0784332515293496,0.09788154392191659
R3,Drishti_GS,26,11,0.9796661417887293,0.9637488259209527,0.08336490348775205,0.15147569444444445
R3,Drishti_GS,27,11,0.981246643305823,0.9701557040954969,0.07670119217855097,0.12358584738243124
R3,Drishti_GS,28,11,0.981415227102923,0.9748057373368254,0.07597051945210885,0.10369131197893813
R3,Drishti_GS,29,11,0.9806206769682249,0.9709999064163709,0.07929727979745373,0.11995341614906832
R3,Drishti_GS,30,11,0.9815088797380057,0.9744058352073278,0.07556582079687921,0.10539161913119789
R3,Drishti_GS,31,11,0.9812612755984059,0.967919343393484,0.07669744398840903,0.1332547169811321
R3,Drishti_GS,32,11,0.9809528728335806,0.9727927234045536,0.07791498441979561,0.11227007626738447
R3,Drishti_GS,33,11,0.9807193766328282,0.9690274568752743,0.07893164982702766,0.12845546292233437
R3,Drishti_GS,34,11,0.9789195519576069,0.9529708059210527,0.08681229820606348,0.1998638838475499
R3,Drishti_GS,35,11,0.9811374947631125,0.9699948572329747,0.07713565618798736,0.1242790594498669
R3,Drishti_GS,36,11,0.9818922922562863,0.9728877497326129,0.07402109120790225,0.11186375603334796
R3,Drishti_GS,37,11,0.981345164960845,0.9713444895993308,0.07625470628799112,0.1184730144800351
R3,Drishti_GS,38,11,0.9805315219276569,0.9753096590129992,0.07962559728998136,0.10155221588415972
R3,Drishti_GS,39,11,0.9814835237421295,0.9728557189968188,0.07568799201123028,0.11200087757788504
R3,Drishti_GS,40,11,0.9808634360266708,0.9759894431359354,0.07820703636600233,0.09867092866756393
R3,Drishti_GS,41,11,0.9792561934461976,0.9603768848896892,0.08520848381459337,0.16640199637023592
R3,Drishti_GS,42,11,0.9810401095333906,0.9740546095151974,0.07752834066583794,0.10688649618663078
R3,Drishti_GS,43,11,0.9816710135177971,0.9673385051009215,0.074974833541472,0.1357777534006143
R3,Drishti_GS,44,11,0.9813722609327914,0.974298421552546,0.0761571287449963,0.1058490354419022
R3,Drishti_GS,45,11,0.9810142784539294,0.9770119984944662,0.0775800285443064,0.09434678819444445
R3,Drishti_GS,46,11,0.9800245184070822,0.9720144872656943,0.08179065235604537,0.11560004436557232
R3,Drishti_GS,47,11,0.9814770823412539,0.9758679881599379,0.07568603299797325,0.09918478260869565
R3,Drishti_GS,48,11,0.9812246014295518,0.9756391198632985,0.07671028568134947,0.10015527950310558
R3,Drishti_GS,49,11,0.9814733164315494,0.9754689579636202,0.07568984900200582,0.10087622005323868
R3,Drishti_GS,50,11,0.9811935338585646,0.975314743158367,0.07684028731659587,0.10153095558546434
R3,Drishti_GS,51,11,0.9810314160774326,0.9715875119579082,0.07759066126100424,0.11743012422360248
R3,Drishti_GS,52,11,0.9797483969310318,0.9664187194904563,0.083108289854288,0.13978170250109698
R3,Drishti_GS,53,11,0.9810303458409497,0.9764642588523181,0.07752618522557027,0.09666149068322981
R3,Drishti_GS,54,11,0.9812935806687796,0.9654266236904893,0.07659558426610137,0.14411474330846863
R3,Drishti_GS,55,11,0.9802794798471233,0.9747348197880101,0.08069604461424061,0.1039929793769197
R3,Drishti_GS,56,11,0.9787511647256841,0.9529708059210527,0.08752230288559402,0.1998638838475499
R3,Drishti_GS,57,11,0.9815651408702476,0.9722159425471063,0.07538843535424983,0.11473755047106325
R3,Drishti_GS,58,11,0.9812343046818899,0.9757960674079414,0.07670216903472492,0.09948979591836735
R3,Drishti_GS,59,11,0.9808183512509353,0.9756014082166884,0.07841457696502652,0.1003146701388889
R3,Drishti_GS,60,11,0.9812929064539154,0.9719821012644189,0.07646772355875768,0.11573868677905945
R3,Drishti_GS,61,11,0.9812186996647569,0.9741572707547693,0.07676441516761255,0.10644964507542147
R3,Drishti_GS,62,11,0.980735732901589,0.9718820974932705,0.0788087463188955,0.11616756393001346
R3,Drishti_GS,63,11,0.9815669907023399,0.9698024325900607,0.07536046701024059,0.12510850694444445
R3,Drishti_GS,64,11,0.9806597108857698,0.9727013087843833,0.07912557938982182,0.11266082519964507
R3,Drishti_GS,65,11,0.9800194427118849,0.9711132049560547,0.08183392388117376,0.11946614583333333
R3,Drishti_GS,66,11,0.9811220122708962,0.9720864457067244,0.07721009541370866,0.1152917946467749
R3,Drishti_GS,67,11,0.9812762416403138,0.9764839720704858,0.07647970333769015,0.09657830523513754
R3,Drishti_GS,68,11,0.981267334599767,0.96874295956494,0.07663171485454967,0.12968611357586513
R3,Drishti_GS,69,11,0.9792765239084944,0.9597154676156987,0.08517346061380185,0.16935117967332122
R3,Drishti_GS,70,11,0.9810272920810047,0.974450586110803,0.07755676902806635,0.10520186335403726
R3,Drishti_GS,71,11,0.9808745792586548,0.9744316526231351,0.07819367309510729,0.10528192189556823
R3,Drishti_GS,72,11,0.9788922445200295,0.9529708059210527,0.08692596852932145,0.1998638838475499
R3,Drishti_GS,73,11,0.9806955494834836,0.9769989401372504,0.07891430984966669,0.09440222323049002
R3,Drishti_GS,74,11,0.981584952649387,0.9689159376386424,0.07530302808496211,0.1289374445430346
R3,Drishti_GS,75,11,0.9803982239215451,0.9663249121771919,0.08031694538210071,0.1401909722222222
R3,Drishti_GS,76,11,0.9803668539174537,0.9708813565179787,0.08034196062444117,0.12046279491833031
R3,Drishti_GS,77,11,0.9813879603417874,0.9723706249653394,0.07607845126861187,0.11407497781721385
R3,Drishti_GS,78,11,0.9793267537578246,0.9624941084120009,0.08482094190135138,0.1570095486111111
R3,Drishti_GS,79,11,0.9810098993388401,0.9781976744186046,0.07757488930591677,0.08934839842035981
R3,Drishti_GS,80,11,0.9809144102647064,0.9693763669303971,0.07809416597327691,0.1269471259324265
R3,Drishti_GS,81,11,0.9815005267367162,0.9720980891094662,0.07561373046403348,0.11524226110363392
R3,Drishti_GS,82,11,0.9812653146839305,0.9731490804541926,0.07659098926776775,0.11074755989352263
R3,Drishti_GS,83,11,0.9810969299484998,0.9708086903428426,0.07733111879149433,0.1207747277676951
R3,Drishti_GS,84,11,0.980724858131608,0.9682114608751109,0.07888615567014408,0.13198757763975155
R3,Drishti_GS,85,11,0.9793942937999003,0.9581702036779719,0.0846983597666798,0.1762704174228675
R3,Drishti_GS,86,11,0.9804565196744396,0.9673731082113616,0.08000231417135883,0.1356269627635711
R3,Drishti_GS,87,11,0.9813440111282933,0.9753080618761216,0.07625720250845029,0.10155899506505159
R3,Drishti_GS,88,11,0.9805455080504792,0.9737080909979481,0.07959771374561753,0.10836291038154393
R3,Drishti_GS,89,11,0.9813619136244075,0.9695289146486946,0.07623538326985208,0.12628894251864853
R3,Drishti_GS,90,11,0.9816208952727379,0.9741007213156124,0.07509685770211155,0.10669021982951997
R3,Drishti_GS,91,11,0.9812986944493233,0.9770396401245064,0.07639886394460507,0.09422992540587977
R3,Drishti_GS,92,11,0.9812116888725263,0.970699948652703,0.07686969891538534,0.12124270973530732
R3,Drishti_GS,93,11,0.9811193696947971,0.9745542050035652,0.07714126832022546,0.10476086002632734
R3,Drishti_GS,94,11,0.9812756892690104,0.9744833840264214,0.07652296131361509,0.10506184895833333
R3,Drishti_GS,95,11,0.981531933286514,0.9713589859522207,0.07555705143972223,0.11841072229699416
R3,Drishti_GS,96,11,0.9811693871159385,0.9731734469633243,0.0769508158001428,0.11064378645132346
R3,Drishti_GS,97,11,0.9813788925898469,0.9704905038611912,0.07615778509199377,0.12214396628216503
R3,Drishti_GS,98,11,0.9805328599919476,0.9731959518292014,0.07963353816552908,0.11054738920579202
R3,Drishti_GS,99,11,0.9815332641444776,0.9766216396545031,0.07545124615183106,0.09599600709849157
R3,Drishti_GS,100,11,0.9806640001907312,0.9687177984101615,0.07915072341727532,0.12979475100942126
R3,Drishti_GS,101,11,0.9813915676975798,0.9691131988840287,0.07614351555235421,0.12808434275459848
R3,Drishti_GS,102,11,0.9803147045957009,0.9742640001096973,0.08054508475508354,0.10599495392716103
R3,Drishti_GS,103,11,0.9813108982029598,0.9752838415971917,0.07640419419418444,0.10166191311978938
R3,Drishti_GS,104,11,0.9805522822595595,0.9680512035946612,0.07962328896537035,0.13268281740690893
R3,Drishti_GS,105,11,0.9813414578134108,0.9746173222859701,0.07626021878190428,0.1044921875
R3,Drishti_GS,106,11,0.9813725007196517,0.9732381332591311,0.07617067076777949,0.11036751361161524
R3,Drishti_GS,107,11,0.9816522866695951,0.9755735896600488,0.07494691061346063,0.10043256433007985
R3,Drishti_GS,108,11,0.981053097229011,0.973474023610803,0.07744725683084772,0.10936113575865129
R3,Drishti_GS,109,11,0.980606456893483,0.9743201755906167,0.07930911926519048,0.1057564330079858
R3,Drishti_GS,110,11,0.9813055086529626,0.973291303631182,0.07642839364628107,0.11014065335753176
R3,Drishti_GS,111,11,0.9812711496315902,0.976490470933618,0.07652343141257704,0.09655057675244011
R3,Drishti_GS,112,11,0.9807378923353604,0.9751825413932818,0.07875487401903654,0.10209174517720951
R3,Drishti_GS,113,11,0.9801059592561429,0.9699771653488112,0.08157366416322921,0.12435509196949304
R3,Drishti_GS,114,11,0.9812002071459083,0.9731800187163526,0.07691548598983229,0.1106157469717362
R3,Drishti_GS,115,11,0.9795707310388202,0.9598793453640408,0.083906947174738,0.16861979166666666
R3,Drishti_GS,116,11,0.9806905029664609,0.9746295354327359,0.07895947385808494,0.10444078947368421
R3,Drishti_GS,117,11,0.9806827460439237,0.9696861612341947,0.0790771435953439,0.1256100266193434
R3,Drishti_GS,118,11,0.9811756379990579,0.9729070324498135,0.07699894412056724,0.11178148310662571
R3,Drishti_GS,119,11,0.9809065114678804,0.9740321789984643,0.07806508516639167,0.10698222904782799
R3,Drishti_GS,120,11,0.9810917259095221,0.97033675337319,0.07734109209140755,0.12280605528740676
R3,Drishti_GS,121,11,0.980065378824914,0.9682272687797754,0.0816664176858864,0.13191923774954628
R3,Drishti_GS,122,11,0.9810601979368351,0.9681028215464175,0.07748333729313905,0.13245896184560782
R3,Drishti_GS,123,11,0.9806672507627799,0.9757294125027127,0.07905528510004906,0.09977213541666667
R3,Drishti_GS,124,11,0.9807082796065124,0.9737861856699201,0.07889026834946632,0.1080301685891748
R3,Drishti_GS,125,11,0.9815027681601985,0.973162078180457,0.07559838981227623,0.11069210292812777
R3,Drishti_GS,126,11,0.9807391051505033,0.9744570849739352,0.07877225897372955,0.10517413487133984
R3,Drishti_GS,127,11,0.9814291003312289,0.9727401493803275,0.07595106726432294,0.11249439210408255
R3,Drishti_GS,128,11,0.9808270807113992,0.9714635863545873,0.0784132307935031,0.11796209062359803
R3,Drishti_GS,129,11,0.9813634752439064,0.9757753366333919,0.07614802196648494,0.0995776656428258
R3,Drishti_GS,130,11,0.980877449755191,0.9709039866375054,0.07823416687540317,0.12036529179464678
R3,Drishti_GS,131,11,0.9816512715856046,0.9688370936060223,0.07504599744830037,0.12927819218955683
R3,Drishti_GS,132,11,0.9812791560600448,0.9756391198632985,0.0764878308192685,0.10015527950310558
R3,Drishti_GS,133,11,0.9814791704574596,0.9734072155422635,0.07570863716091317,0.1096462673611111
R3,Drishti_GS,134,11,0.9806728217884476,0.9742576796635037,0.07901949605473295,0.10602237823606846
R3,Drishti_GS,135,11,0.9808867727235921,0.9723665452206707,0.07814689877730802,0.11409264244055631
R3,Drishti_GS,136,11,0.9811513367467136,0.9706087108148272,0.07708135751339562,0.12163526244952894
R3,Drishti_GS,137,11,0.9809801115065263,0.9755801968375666,0.07777297697973704,0.10040483584738243
R3,Drishti_GS,138,11,0.9816707052188568,0.9735780054209183,0.07488881987182314,0.10891748003549245
R3,Drishti_GS,139,11,0.97970154396873,0.9637488259209527,0.0832389382474586,0.15147569444444445
R3,Drishti_GS,140,11,0.9807025599430595,0.9737634658813477,0.07891933116787984,0.1081271701388889
R3,Drishti_GS,141,11,0.9810512006431822,0.973562430582218,0.0774541689874828,0.10898420359806933
R3,Drishti_GS,142,11,0.980719784906208,0.9675023265930013,0.07896962333487756,0.13506543921916592
R3,Drishti_GS,143,11,0.9814499765580792,0.9700709514306375,0.07586146765749156,0.12395077132486389
R3,Drishti_GS,144,11,0.9811489267328596,0.9747606372038174,0.07706545042028681,0.10388328214129004
R3,Drishti_GS,145,11,0.9809028763069899,0.9744962056477865,0.07810937368648038,0.1050075954861111
R3,Drishti_GS,146,11,0.98103000541605,0.9715942547106325,0.07757479382268727,0.11740130103185285
R3,Drishti_GS,147,11,0.9817047127512359,0.9745547845496895,0.07474519460916297,0.10475820763087844
R3,Drishti_GS,148,11,0.9810020824466507,0.9725003855992125,0.07767961746251652,0.11352040816326531
R3,Drishti_GS,149,11,0.9810295918630723,0.9705162826849489,0.07759137472513178,0.12203305235137533
R3,Drishti_GS,150,11,0.9807631510717834,0.9725828654245178,0.07869109478033062,0.11316733961417676
R3,Drishti_GS,151,11,0.9807057515791212,0.9756586164526952,0.0789016540559151,0.10007209405501331
R3,Drishti_GS,152,11,0.9808766150636661,0.9751944893106699,0.07818678126635124,0.10204081632653061
R3,Drishti_GS,153,11,0.9813292142984621,0.9719757107156721,0.07634459845596052,0.11576641526175688
R3,Drishti_GS,154,11,0.9795738850730333,0.9645597315959619,0.08376964764047277,0.14791288566243194
R3,Drishti_GS,155,11,0.9807745277131251,0.9750704693392303,0.0786133875617702,0.10256765749778173
R3,Drishti_GS,156,11,0.981430660373842,0.9732603346794099,0.07593895584812825,0.11027314611671786
R3,Drishti_GS,157,11,0.9815888519923797,0.9764117263753327,0.07522673827740166,0.09688331854480922
R3,Drishti_GS,158,11,0.9817037792173869,0.9720980891094662,0.07479224598776407,0.11524226110363392
R3,Drishti_GS,159,11,0.9805614096371823,0.9691725344179791,0.07957662651261856,0.12782830523513752
R3,Drishti_GS,160,11,0.9812787760482151,0.971548735407886,0.07657639332233726,0.11759649511978705
R3,Drishti_GS,161,11,0.9800444059565738,0.967696295844184,0.08175058787797986,0.1342230902777778
R3,Drishti_GS,162,11,0.9808476515924043,0.968613529378403,0.07842987336327417,0.13024614337568058
R3,Drishti_GS,163,11,0.9818294647413299,0.9756717224933452,0.07425697802276474,0.10001663708961846
R3,Drishti_GS,164,11,0.9809972352449399,0.9745356618368664,0.07767646216913587,0.10483961417676088
R3,Drishti_GS,165,11,0.98063140324466,0.9706902355881211,0.07926423649428284,0.12128438331854481
R3,Drishti_GS,166,11,0.9802412939059647,0.9759100344535105,0.08081973428093925,0.09900740242261104
R3,Drishti_GS,167,11,0.9808101932723571,0.9752794077889307,0.07844503472113745,0.10168034605146406
R3,Drishti_GS,168,11,0.9814365275328256,0.9742921193440756,0.07588038592950726,0.10587565104166667
R3,Drishti_GS,169,11,0.981138862790391,0.974946341053405,0.07711496068801552,0.10309449866903284
R3,Drishti_GS,170,11,0.9806466185001181,0.9642902634899069,0.07926594992794624,0.14909605146406388
R3,Drishti_GS,171,11,0.9791110450440833,0.9529695510864258,0.08612796244800537,0.19986979166666666
R3,Drishti_GS,172,11,0.9809248679555336,0.9750641257473124,0.07799322462860367,0.10259433962264151
R3,Drishti_GS,173,11,0.9815076885226919,0.9674257483224268,0.0756882754307321,0.13539818101153506
R3,Drishti_GS,174,11,0.9801639591868523,0.9730131361219618,0.08120099129532095,0.111328125
R3,Drishti_GS,175,11,0.9811793392395038,0.972183083781965,0.07698107478982959,0.11487774786899956
R3,Drishti_GS,176,11,0.9814900556579413,0.9665445927832931,0.07571879119158592,0.13923321632294866
R3,Drishti_GS,177,11,0.9798618306697704,0.9635275617485254,0.08256685709974915,0.15245009074410162
R3,Drishti_GS,178,11,0.9797910931252425,0.9624941084120009,0.08289035905711845,0.1570095486111111
R3,Drishti_GS,179,11,0.9814502935145253,0.9741139743508861,0.0758365765055356,0.10663414087034545
R3,Drishti_GS,180,11,0.9806809206220155,0.9715551527801144,0.07905975415482223,0.1175695379093764
R3,Drishti_GS,181,11,0.9815319026312243,0.9749071312458407,0.07545302364840997,0.10326086956521739
R3,Drishti_GS,182,11,0.9812900508810746,0.9745476703049584,0.07649502269784393,0.10478828433523475
R3,Drishti_GS,183,11,0.9803736923551369,0.9706902355881211,0.08033194520067423,0.12128438331854481
R3,Drishti_GS,184,11,0.9810529316533423,0.9753741079940557,0.07742367643700222,0.10127860026917901
R3,Drishti_GS,185,11,0.98104928890132,0.9747401528852625,0.07747986933892675,0.10397039030955585
R3,Drishti_GS,186,11,0.9811901149902552,0.9738440943598586,0.07688504013495384,0.10778375953342306
R3,Drishti_GS,187,11,0.9792663916420963,0.9529459211561415,0.08540240476646056,0.1999782986111111
R3,Drishti_GS,188,11,0.9809213602394607,0.9755812239469065,0.0780000783899434,0.10040039491004826
R3,Drishti_GS,189,11,0.9800264488348218,0.9678573368803275,0.08187946390022183,0.1335240017945267
R3,Drishti_GS,190,11,0.9804459795510522,0.9716005096841726,0.08006134592111137,0.11737466725820764
R3,Drishti_GS,191,11,0.9796437609408741,0.9640943739149306,0.08351642542356445,0.1499565972222222
R3,Drishti_GS,192,11,0.9813444984824983,0.9736334696753028,0.07623116472334517,0.10868102288021535
R3,Drishti_GS,193,11,0.9809024721423435,0.9735661612616645,0.07806022463792262,0.10896809895833333
R3,Drishti_GS,194,11,0.9812620846609176,0.9713633237862976,0.07668172149677797,0.1183926950998185
R3,Drishti_GS,195,11,0.9813951770899418,0.9763958189222548,0.07601435130493911,0.0969509548611111
R3,Drishti_GS,196,11,0.9799015279324377,0.9612935384114584,0.082482336403201,0.1623263888888889
R3,Drishti_GS,197,11,0.9814473891437749,0.9764555880457437,0.07580980402826737,0.09669811320754718
R3,Drishti_GS,198,11,0.9814795583903614,0.9740725689052795,0.07570860438662583,0.10681011535048802
R3,Drishti_GS,199,11,0.9815286610211014,0.9718074984749334,0.07548725571522637,0.11648735581188997
R3,RIM_ONE_r3,0,16,0.9936272096473737,0.9921723952048596,0.02566008304549551,0.031565379552435276
R3,RIM_ONE_r3,1,16,0.9936080401771651,0.992442353245667,0.02573866785461906,0.030468407196138657
R3,RIM_ONE_r3,2,16,0.9936320680608348,0.9922331357640413,0.025641090615515002,0.031318560772268536
R3,RIM_ONE_r3,3,16,0.9934911208862094,0.9927413114532497,0.02621162221400773,0.02925354924578527
R3,RIM_ONE_r3,4,16,0.9936287803544107,0.9925365972645852,0.025653883534402788,0.030085403726708076
R3,RIM_ONE_r3,5,16,0.9935862880163582,0.9924547115891194,0.02582633471804411,0.030418145519077195
R3,RIM_ONE_r3,6,16,0.9936061901310589,0.9925775401023181,0.02574535812666526,0.029919032830523513
R3,RIM_ONE_r3,7,16,0.9937411978772701,0.9925639519193024,0.025198640288307986,0.02997420367877972
R3,RIM_ONE_r3,8,16,0.9936111505500332,0.9925911877148957,0.02572619089410798,0.02986357586512866
R3,RIM_ONE_r3,9,16,0.9936526279765092,0.9924489950704805,0.02555782510369309,0.03044098288723124
R3,RIM_ONE_r3,10,16,0.99361407358076,0.9922396359073575,0.02571399354207532,0.031292059219380886
R3,RIM_ONE_r3,11,16,0.9935521477963098,0.9918260535834454,0.025965274564968804,0.03297442799461642
R3,RIM_ONE_r3,12,16,0.9935299714095794,0.9924341318558674,0.02605477473113964,0.030501330967169477
R3,RIM_ONE_r3,13,16,0.993548363246628,0.9927595539436156,0.025979873916296373,0.02917946467749013
R3,RIM_ONE_r3,14,16,0.9935533148559207,0.9926191546447398,0.025960223149551407,0.02974988784208165
R3,RIM_ONE_r3,15,16,0.9936118418789643,0.9926053539633805,0.025722442460962437,0.02980596680125617
R3,RIM_ONE_r3,16,16,0.9936276867717784,0.9926380728252523,0.025658523619514356,0.029673102237823608
R3,RIM_ONE_r3,17,16,0.9935801229702408,0.9924018595395458,0.02585124571781773,0.03063295304958315
R3,RIM_ONE_r3,18,16,0.9935900873421263,0.9925911877148957,0.025810764187865144,0.02986357586512866
R3,RIM_ONE_r3,19,16,0.9935910593009553,0.9927082266369934,0.025806328067287235,0.02938766388557807
R3,RIM_ONE_r3,20,16,0.9935968340038432,0.9920590391387534,0.025784495491072014,0.03202639751552795
R3,RIM_ONE_r3,21,16,0.993524863321833,0.992442353245667,0.026075563497859215,0.030468407196138657
R3,RIM_ONE_r3,22,16,0.993553106631537,0.9920863343639086,0.02596190518400198,0.031915483584738245
R3,RIM_ONE_r3,23,16,0.9936907252920273,0.9921126428179008,0.02540447196827816,0.03180870083432658
R3,RIM_ONE_r3,24,16,0.9936477755204435,0.9926456698508208,0.025576635905593958,0.029641748003549247
R3,RIM_ONE_r3,25,16,0.9938092398488,0.9927526978663888,0.024923008263308694,0.029206888986397544
R3,RIM_ONE_r3,26,16,0.9937097240021634,0.9928436685475821,0.02532613158678683,0.02883762200532387
R3,RIM_ONE_r3,27,16,0.9935971368792487,0.9922977640444764,0.025782887812809255,0.031055900621118012
R3,RIM_ONE_r3,28,16,0.9936724037006203,0.9926380728252523,0.025476939899753734,0.029673102237823608
R3,RIM_ONE_r3,29,16,0.993641714147042,0.9926867210029392,0.025602218109291478,0.029475377107364684
R3,RIM_ONE_r3,30,16,0.9934888211910159,0.9916910951710848,0.026222711996515234,0.033523735581189
R3,RIM_ONE_r3,31,16,0.9936993538050052,0.9921656462538394,0.025369109235205255,0.031592803861342694
R3,RIM_ONE_r3,32,16,0.9936743084438802,0.992550151237943,0.025469907504968775,0.03003028263795424
R3,RIM_ONE_r3,33,16,0.9936137709361633,0.9927890780972716,0.025714958641153925,0.029059449866903283
R3,RIM_ONE_r3,34,16,0.9935259663866556,0.9924962377276217,0.026070455724720405,0.030249012724879332
R3,RIM_ONE_r3,35,16,0.9935803654723498,0.9923923633716725,0.0258506230855316,0.030671296296296297
R3,RIM_ONE_r3,36,16,0.9937207507646484,0.9927502611176536,0.02528126899869768,0.029217137729923733
R3,RIM_ONE_r3,37,16,0.993599971326327,0.9925502448771628,0.0257713272921075,0.030029946761313223
R3,RIM_ONE_r3,38,16,0.9934961942128581,0.9922120345446388,0.02619178194181343,0.03140421713772992
R3,RIM_ONE_r3,39,16,0.9936510682413958,0.9925362410273665,0.02556430490651522,0.03008636159712876
R3,RIM_ONE_r3,40,16,0.9935699211016744,0.9919768898776876,0.02589365510788064,0.03236068451075033
R3,RIM_ONE_r3,41,16,0.9936200968410743,0.9926583196783129,0.025689444342648367,0.02959082931110136
R3,RIM_ONE_r3,42,16,0.9936099268073294,0.9926389543589175,0.025730817069550035,0.02966947648624667
R3,RIM_ONE_r3,43,16,0.9937178059112632,0.992294838632795,0.025293202829237423,0.031067743382682818
R3,RIM_ONE_r3,44,16,0.9935710441182094,0.9925093020394299,0.0258879766764946,0.030196317657497782
R3,RIM_ONE_r3,45,16,0.9935233207952734,0.9925163658800646,0.026081460914675884,0.030167351732237228
R3,RIM_ONE_r3,46,16,0.9934937999335763,0.9925093020394299,0.02620167514289408,0.030196317657497782
R3,RIM_ONE_r3,47,16,0.993675581459354,0.9921844331819202,0.025465615856080922,0.03151637505607896
R3,RIM_ONE_r3,48,16,0.9936984677450038,0.9923616329684665,0.025373192379081373,0.030796279491833032
R3,RIM_ONE_r3,49,16,0.9937122857436792,0.9929120149248558,0.02531516438246407,0.0285603371783496
R3,RIM_ONE_r3,50,16,0.9936485709443885,0.9926839404635959,0.025574218973310043,0.029486762152777776
R3,RIM_ONE_r3,51,16,0.9936871824862211,0.9925365972645852,0.02541743928723758,0.030085403726708076
R3,RIM_ONE_r3,52,16,0.9936805307143601,0.9921408164998337,0.025444758212720794,0.031693655723158826
R3,RIM_ONE_r3,53,16,0.993550792251324,0.9927071924218057,0.02597051678040921,0.029392191659272406
R3,RIM_ONE_r3,54,16,0.9937157023346855,0.9924903445773654,0.0253021594771878,0.0302734375
R3,RIM_ONE_r3,55,16,0.9936366849074308,0.9930007244066105,0.025621558867018234,0.028199866903283053
R3,RIM_ONE_r3,56,16,0.9935736333366716,0.9921136295890639,0.02587837071661441,0.03180456965394854
R3,RIM_ONE_r3,57,16,0.9935318426525053,0.992093266484583,0.026047708814678844,0.03188775510204082
R3,RIM_ONE_r3,58,16,0.9936535915901129,0.99227729262561,0.025553580431588837,0.031139086069210294
R3,RIM_ONE_r3,59,16,0.993656024581774,0.9925777526006617,0.025544250713879408,0.029918124719605203
R3,RIM_ONE_r3,60,16,0.9936069520158568,0.9926919539048321,0.025742711429347264,0.029454022988505746
R3,RIM_ONE_r3,61,16,0.9935917973410087,0.9926312167480255,0.025804666122368727,0.029700526546731023
R3,RIM_ONE_r3,62,16,0.993579847455557,0.9926389543589175,0.02585259115474254,0.02966947648624667
R3,RIM_ONE_r3,63,16,0.9937370728928144,0.9921723952048596,0.0252156898356697,0.031565379552435276
R3,RIM_ONE_r3,64,16,0.9935587285880312,0.9922977640444764,0.025938438386560857,0.031055900621118012
R3,RIM_ONE_r3,65,16,0.9935684050850706,0.9922061399599605,0.025899418664940922,0.031428258007898204
R3,RIM_ONE_r3,66,16,0.9935543387897918,0.9926447146500659,0.025955403385394284,0.029645677928916193
R3,RIM_ONE_r3,67,16,0.9936475555277947,0.9927238888210721,0.025577645544142116,0.029324001736111112
R3,RIM_ONE_r3,68,16,0.9935906128185008,0.9926048353274733,0.025808727191207782,0.029808118899733806
R3,RIM_ONE_r3,69,16,0.9936216864579579,0.992529450215904,0.02568326259565979,0.030114401076716014
R3,RIM_ONE_r3,70,16,0.9935783211781708,0.9923815055602786,0.025859071429310498,0.030715225976305396
R3,RIM_ONE_r3,71,16,0.9936190160494096,0.9920673464487999,0.02569407140915488,0.03199304620906236
R3,RIM_ONE_r3,72,16,0.9935509911535942,0.9920982638698442,0.025969839182028658,0.03186704695041685
R3,RIM_ONE_r3,73,16,0.9935693686801685,0.9921204533953527,0.02589586683901639,0.03177684117125111
R3,RIM_ONE_r3,74,16,0.9936372915386411,0.9922977640444764,0.025619870009481523,0.031055900621118012
R3,RIM_ONE_r3,75,16,0.9936861507716916,0.9927693230925205,0.025421631840725833,0.029139753376394597
R3,RIM_ONE_r3,76,16,0.9935492599116182,0.9926704830593533,0.025976919123223592,0.029541015625
R3,RIM_ONE_r3,77,16,0.9936063002805344,0.9926807280803039,0.025744545672006094,0.029499404052443386
R3,RIM_ONE_r3,78,16,0.9935775492712875,0.9927526978663888,0.025861253092687136,0.029206888986397544
R3,RIM_ONE_r3,79,16,0.9936298507019,0.99160942612439,0.025651064347669904,0.03385647737355812
R3,RIM_ONE_r3,80,16,0.9937572094345282,0.9926447146500659,0.025133647653619154,0.029645677928916193
R3,RIM_ONE_r3,81,16,0.9936264363958225,0.9923410118541576,0.025664192930287866,0.03087977182974989
R3,RIM_ONE_r3,82,16,0.9936103152955941,0.9926109698949649,0.025729043014219233,0.02978279947345327
R3,RIM_ONE_r3,83,16,0.9935662647045082,0.9921885831438554,0.02590782906930257,0.03149955634427684
R3,RIM_ONE_r3,84,16,0.993617944036025,0.9922568212067435,0.025698526544551785,0.03122227151730257
R3,RIM_ONE_r3,85,16,0.9935686030076878,0.9926260549854194,0.025897341116866666,0.02972184836249439
R3,RIM_ONE_r3,86,16,0.9937069206376432,0.9923545097561979,0.025339317599146236,0.03082492321193506
R3,RIM_ONE_r3,87,16,0.9935812444026898,0.9926789351512038,0.025846497984659836,0.029506752789195536
R3,RIM_ONE_r3,88,16,0.9936221949677315,0.9927122041602676,0.02568036643097045,0.029371434839842035
R3,RIM_ONE_r3,89,16,0.9937413303675515,0.9924453763044465,0.02519876449066749,0.030455989110707803
R3,RIM_ONE_r3,90,16,0.9936402820924349,0.9921293399856999,0.025607542522102678,0.03174069089277703
R3,RIM_ONE_r3,91,16,0.9936130387842502,0.9920268811677632,0.025718101909967088,0.032157441016333936
R3,RIM_ONE_r3,92,16,0.9935312793575146,0.9929486316983874,0.026048619888712345,0.02841158402808249
R3,RIM_ONE_r3,93,16,0.9936738543627532,0.9929554877756143,0.025470984110844953,0.028384159719175076
R3,RIM_ONE_r3,94,16,0.9935949825222015,0.9927959019035604,0.0257908180728832,0.029031721384205855
R3,RIM_ONE_r3,95,16,0.9937504592727959,0.9926467560074586,0.025160902787396546,0.029637729923732616
R3,RIM_ONE_r3,96,16,0.9936071076430985,0.992334370029344,0.025742583274281677,0.030907196138657306
R3,RIM_ONE_r3,97,16,0.9936985995851855,0.9930297262368364,0.025370548571514762,0.028082492321193506
R3,RIM_ONE_r3,98,16,0.9935487549403508,0.9924136604370009,0.025978590757319814,0.030584516415261758
R3,RIM_ONE_r3,99,16,0.9936325710074225,0.9922568212067435,0.02563950243825971,0.03122227151730257
R3,RIM_ONE_r3,100,16,0.9937091076504225,0.9923967785305448,0.025328268720563415,0.030653211805555556
R3,RIM_ONE_r3,101,16,0.9935907926208634,0.9923234515719943,0.02580867523590745,0.030951605902777776
R3,RIM_ONE_r3,102,16,0.9935758261569284,0.9924811478311463,0.025868892282478975,0.03031067743382683
R3,RIM_ONE_r3,103,16,0.9935220838704332,0.9919569409979251,0.026087274158251156,0.032441677882458504
R3,RIM_ONE_r3,104,16,0.9935024509659848,0.9923660021073647,0.02616629522613137,0.030778615794143746
R3,RIM_ONE_r3,105,16,0.9935368316484439,0.9925569603690662,0.02602689322501142,0.030002218278615794
R3,RIM_ONE_r3,106,16,0.9935900035423498,0.9929461339562999,0.025811018472214585,0.028421694764862466
R3,RIM_ONE_r3,107,16,0.9935602444003757,0.9927295600956146,0.025931544767812464,0.029301256168685508
R3,RIM_ONE_r3,108,16,0.9936485477508158,0.992439636257851,0.02557430470645144,0.030478914311350382
R3,RIM_ONE_r3,109,16,0.9936368484017947,0.9921068057827751,0.025622227405298046,0.03183229813664596
R3,RIM_ONE_r3,110,16,0.9936970429715696,0.9927258091885147,0.025377388889336126,0.029316586222027204
R3,RIM_ONE_r3,111,16,0.9935073220173126,0.9926329553260992,0.02614570039607501,0.029693808882907135
R3,RIM_ONE_r3,112,16,0.9935487600185319,0.9922568212067435,0.02597880899826633,0.03122227151730257
R3,RIM_ONE_r3,113,16,0.993505669036807,0.992447779468445,0.02615339168820649,0.030445874001774623
R3,RIM_ONE_r3,114,16,0.9935547010696474,0.9918811467796658,0.02595541406154093,0.03275011215791835
R3,RIM_ONE_r3,115,16,0.9935895303742031,0.9924204842432897,0.02581312408263834,0.03055678793256433
R3,RIM_ONE_r3,116,16,0.993583501441856,0.9923989547397974,0.02583779055145914,0.03064445096887845
R3,RIM_ONE_r3,117,16,0.9936228149278157,0.9923895474137931,0.025680058334870918,0.03068284936479129
R3,RIM_ONE_r3,118,16,0.9936567952476574,0.9927208400343833,0.025540046734291676,0.029336734693877552
R3,RIM_ONE_r3,119,16,0.9936790683273301,0.9929394184643966,0.025450062809711686,0.028449423247559894
R3,RIM_ONE_r3,120,16,0.9935491981143342,0.9921663426227881,0.025976929235596163,0.03159029038112523
R3,RIM_ONE_r3,121,16,0.9936082051902424,0.9925638924897404,0.025737778719790147,0.029974489795918366
R3,RIM_ONE_r3,122,16,0.9936921835680528,0.9924731799781648,0.025397886746301772,0.03034255898366606
R3,RIM_ONE_r3,123,16,0.9934912480652296,0.9923522461804015,0.026212002611177513,0.0308340727595386
R3,RIM_ONE_r3,124,16,0.993610639661922,0.9923660021073647,0.025728018469969804,0.030778615794143746
R3,RIM_ONE_r3,125,16,0.9935775358983712,0.992447779468445,0.025862474043086885,0.030445874001774623
R3,RIM_ONE_r3,126,16,0.9937439234138236,0.9919977331965395,0.02518874919116424,0.03227595385980479
R3,RIM_ONE_r3,127,16,0.9935050499988983,0.9926115508193767,0.026155953221605497,0.02978039041703638
R3,RIM_ONE_r3,128,16,0.9936670986385473,0.9924820068142747,0.025498732731709346,0.03030723158828749
R3,RIM_ONE_r3,129,16,0.9936184568526856,0.9920121437233625,0.025696251929809358,0.03221736204576043
R3,RIM_ONE_r3,130,16,0.9935512965977478,0.9921750438456632,0.025968446612578647,0.0315550133096717
R3,RIM_ONE_r3,131,16,0.9935238513305025,0.9925433127564884,0.026078951928465533,0.030057675244010647
R3,RIM_ONE_r3,132,16,0.9936684030008796,0.9920250284216947,0.02549428758861406,0.032165039929015087
R3,RIM_ONE_r3,133,16,0.99369033874558,0.9927541303123137,0.025404607837630825,0.029201430274135878
R3,RIM_ONE_r3,134,16,0.9937052388272299,0.9923166698879666,0.025343919280644625,0.030978732638888888
R3,RIM_ONE_r3,135,16,0.9936210618801383,0.9927595539436156,0.025685218225026014,0.02917946467749013
R3,RIM_ONE_r3,136,16,0.9936917651966765,0.9930964743234251,0.0253980136528663,0.027811668145519077
R3,RIM_ONE_r3,137,16,0.9935407421067146,0.9928811421881856,0.026009820566866702,0.028685827117156646
R3,RIM_ONE_r3,138,16,0.9935703857923447,0.9922704688193212,0.025890810982659704,0.03116681455190772
R3,RIM_ONE_r3,139,16,0.9936720587610621,0.9928574244745453,0.025478203015449497,0.028782165039929013
R3,RIM_ONE_r3,140,16,0.9935489827699264,0.9917571597058659,0.02597779342336442,0.03325482279048901
R3,RIM_ONE_r3,141,16,0.9936857948817618,0.9921036458924115,0.025423034627104706,0.03184550816696915
R3,RIM_ONE_r3,142,16,0.9935379591443305,0.9919232262505425,0.02602365231476863,0.03257921006944445
R3,RIM_ONE_r3,143,16,0.9936567396802926,0.9925299824827227,0.025542007425843477,0.030111891180342257
R3,RIM_ONE_r3,144,16,0.9935751107026259,0.9927157594142553,0.025871942412624162,0.029357335127860026
R3,RIM_ONE_r3,145,16,0.993590272341134,0.9921877119276259,0.025810485237591885,0.03150318287037037
R3,RIM_ONE_r3,146,16,0.9935626099179612,0.9924879386426088,0.025922850637710382,0.03028263795423957
R3,RIM_ONE_r3,147,16,0.9935523950032178,0.9925705833150504,0.02596385489977334,0.029947345326897763
R3,RIM_ONE_r3,148,16,0.9935406230382366,0.9925163658800646,0.02601146217999665,0.030167351732237228
R3,RIM_ONE_r3,149,16,0.9935409491061621,0.9921086389636609,0.02601087996898214,0.031824809331538806
R3,RIM_ONE_r3,150,16,0.9936167256369358,0.9924466461277479,0.02570376003943322,0.030450874831763123
R3,RIM_ONE_r3,151,16,0.9935756167476018,0.9925502293357832,0.02586993650835809,0.030029618253620008
R3,RIM_ONE_r3,152,16,0.9935672297860306,0.9925970501369901,0.02590347319940053,0.029839409722222224
R3,RIM_ONE_r3,153,16,0.9936428854119148,0.9922466336660816,0.02559711483111954,0.031263712154453706
R3,RIM_ONE_r3,154,16,0.9937031203249727,0.9916774475585071,0.02535370571399568,0.03357919254658385
R3,RIM_ONE_r3,155,16,0.99353815649395,0.9922465362480373,0.02602146869877621,0.031264019739793626
R3,RIM_ONE_r3,156,16,0.9935638082016331,0.992617515383961,0.025918194109265037,0.029756503327283728
R3,RIM_ONE_r3,157,16,0.9935782701463235,0.9926649615031263,0.025858597444814103,0.029563405002193944
R3,RIM_ONE_r3,158,16,0.993654421569044,0.9929758615372618,0.025549312374195533,0.0283008166969147
R3,RIM_ONE_r3,159,16,0.9935527073225361,0.9926971859402127,0.02596249329489626,0.029432508680555556
R3,RIM_ONE_r3,160,16,0.9936564512720618,0.9927344876469609,0.025542242517287768,0.029281277728482696
R3,RIM_ONE_r3,161,16,0.9934906850668742,0.9923637325103746,0.026213988299364322,0.030787348586810228
R3,RIM_ONE_r3,162,16,0.9936330408499898,0.9921750438456632,0.02563698125076972,0.0315550133096717
R3,RIM_ONE_r3,163,16,0.9935198100253029,0.9929394184643966,0.02609500076970269,0.028449423247559894
R3,RIM_ONE_r3,164,16,0.9936310836729491,0.9926389543589175,0.025644435171067917,0.02966947648624667
R3,RIM_ONE_r3,165,16,0.9935597655084737,0.9924635357326932,0.025934765358864922,0.030381944444444444
R3,RIM_ONE_r3,166,16,0.9936399261898534,0.9923613658334247,0.02560930591883665,0.030797498903027645
R3,RIM_ONE_r3,167,16,0.9935755247411651,0.9926184829400511,0.02586949894928236,0.029752661934338953
R3,RIM_ONE_r3,168,16,0.9935893324122242,0.993036453607078,0.025813109949342727,0.028055051421657592
R3,RIM_ONE_r3,169,16,0.9934824310839382,0.9925775401023181,0.02624735346400219,0.029919032830523513
R3,RIM_ONE_r3,170,16,0.9937227423739114,0.9915053203159281,0.025274844805863863,0.03428038613426942
R3,RIM_ONE_r3,171,16,0.9934575627134222,0.9921802998454514,0.026349220691152617,0.031533575317604354
R3,RIM_ONE_r3,172,16,0.9935748261723125,0.9925569603690662,0.02587370599852341,0.030002218278615794
R3,RIM_ONE_r3,173,16,0.9935750134421647,0.9926919573072072,0.025872397568225968,0.029453707766564283
R3,RIM_ONE_r3,174,16,0.9935502739187673,0.9926447146500659,0.025971989976075364,0.029645677928916193
R3,RIM_ONE_r3,175,16,0.9935872021515467,0.992123179965549,0.025823006148699777,0.03176540798611111
R3,RIM_ONE_r3,176,16,0.9935410248199965,0.9927258091885147,0.026009625905033997,0.029316586222027204
R3,RIM_ONE_r3,177,16,0.9935466074327061,0.9921068057827751,0.025987408607055586,0.03183229813664596
R3,RIM_ONE_r3,178,16,0.9935600598773269,0.992743360776974,0.025932532314135177,0.029245177209510993
R3,RIM_ONE_r3,179,16,0.9936607079065601,0.9920038856817683,0.02552656562952626,0.032250987275120664
R3,RIM_ONE_r3,180,16,0.9935660016135774,0.9926674570294975,0.025908364699629108,0.029553611484970838
R3,RIM_ONE_r3,181,16,0.9935607475600027,0.9927549590658274,0.025929654480221682,0.029198092280390418
R3,RIM_ONE_r3,182,16,0.9936210979119224,0.9926547346443966,0.025685103532044666,0.029605263157894735
R3,RIM_ONE_r3,183,16,0.9936005708452341,0.9918471144265867,0.025771211776484892,0.0328888557806913
R3,RIM_ONE_r3,184,16,0.9936384175903791,0.9925502448771628,0.025615527104806923,0.030029946761313223
R3,RIM_ONE_r3,185,16,0.993552650336328,0.992093266484583,0.025962788279157895,0.03188775510204082
R3,RIM_ONE_r3,186,16,0.9935127450013875,0.9926881580515365,0.026124872746228323,0.029469493046209064
R3,RIM_ONE_r3,187,16,0.9936765278759906,0.9920522153324645,0.02546188901193055,0.03205412599822538
R3,RIM_ONE_r3,188,16,0.993635441746776,0.9926115508193767,0.025627526569913343,0.02978039041703638
R3,RIM_ONE_r3,189,16,0.9935895029714602,0.9928192645244505,0.02581318445086464,0.028936742934051143
R3,RIM_ONE_r3,190,16,0.9936809716625813,0.9928877840129992,0.025442127119105765,0.02865840280824923
R3,RIM_ONE_r3,191,16,0.9935834187244214,0.9926785665313734,0.025838201970630165,0.029508556384379114
R3,RIM_ONE_r3,192,16,0.9936837676611869,0.992529450215904,0.025431927675536443,0.030114401076716014
R3,RIM_ONE_r3,193,16,0.9936275032850326,0.9924624929725209,0.025659671305539675,0.03038613426941641
R3,RIM_ONE_r3,194,16,0.9935872421318838,0.9922841164318988,0.02582270831744963,0.031111357586512865
R3,RIM_ONE_r3,195,16,0.993550595960998,0.9921871676851747,0.025971012992074785,0.03150521778584392
R3,RIM_ONE_r3,196,16,0.9936042502989194,0.9923545097561979,0.025753841656417618,0.03082492321193506
R3,RIM_ONE_r3,197,16,0.9935157406560073,0.991974755027892,0.026113013062420583,0.032369348209042866
R3,RIM_ONE_r3,198,16,0.9936153388587151,0.9925569420494056,0.025708204561420086,0.03000224315836698
R3,RIM_ONE_r3,199,16,0.993636817846036,0.9925035900539823,0.02562173238224647,0.030219184027777776
