seed,transition,variant,class_id,region,pixel_count,top1_top2_margin_abs_error,all_pair_margin_abs_error,margin_agreement,hidden_gt_usage
0,REFUGE->RIM_ONE_r3,static,ALL,all,921600,0.02869046754307217,1.195297016567654,0.9713095304701064,post_hoc_visible_previous_val_only
0,REFUGE->RIM_ONE_r3,static,ALL,boundary,45157,0.20222779489464796,0.654166950417,0.7977721953060988,post_hoc_visible_previous_val_only
0,REFUGE->RIM_ONE_r3,static,ALL,interior,876443,0.01974929812234028,1.223177662437831,0.9802506855123494,post_hoc_visible_previous_val_only
0,REFUGE->RIM_ONE_r3,static,0,all,811026,0.007268887733252723,1.3182154841521727,0.9927311184189841,post_hoc_visible_previous_val_only
0,REFUGE->RIM_ONE_r3,static,0,boundary,15392,0.1320082769572363,0.9749232706557688,0.8679917111466183,post_hoc_visible_previous_val_only
0,REFUGE->RIM_ONE_r3,static,0,interior,795634,0.0048557321068255395,1.3248566895629774,0.9951442639808317,post_hoc_visible_previous_val_only
0,REFUGE->RIM_ONE_r3,static,1,all,81062,0.18576209617076955,0.308938992196704,0.8142379004409819,post_hoc_visible_previous_val_only
0,REFUGE->RIM_ONE_r3,static,1,boundary,22539,0.22058427244447298,0.5124029373391676,0.7794157255245422,post_hoc_visible_previous_val_only
0,REFUGE->RIM_ONE_r3,static,1,interior,58523,0.17235100783651233,0.2305787885971047,0.8276490044178677,post_hoc_visible_previous_val_only
0,REFUGE->RIM_ONE_r3,static,2,all,29512,0.18594574094561905,0.25194704438910376,0.8140542600884545,post_hoc_visible_previous_val_only
0,REFUGE->RIM_ONE_r3,static,2,boundary,7226,0.29454473362977307,0.4131122222739905,0.7054552742889176,post_hoc_visible_previous_val_only
0,REFUGE->RIM_ONE_r3,static,2,interior,22286,0.15073366960246334,0.19969093937596974,0.8492663363884908,post_hoc_visible_previous_val_only
0,REFUGE->RIM_ONE_r3,global,ALL,all,921600,0.039357778231302896,1.2035096995035808,0.9606422381930881,post_hoc_visible_previous_val_only
0,REFUGE->RIM_ONE_r3,global,ALL,boundary,45157,0.21349117866078696,0.6813218235259414,0.7865088172843496,post_hoc_visible_previous_val_only
0,REFUGE->RIM_ONE_r3,global,ALL,interior,876443,0.030385897684411592,1.2304143932135347,0.9696140928446003,post_hoc_visible_previous_val_only
0,REFUGE->RIM_ONE_r3,global,0,all,811026,0.010141572633064429,1.3167792102611384,0.9898584357768739,post_hoc_visible_previous_val_only
0,REFUGE->RIM_ONE_r3,global,0,boundary,15392,0.13227038670974064,0.9730159616767741,0.867729619238332,post_hoc_visible_previous_val_only
0,REFUGE->RIM_ONE_r3,global,0,interior,795634,0.007778919968407638,1.3234295159976195,0.9922210817096806,post_hoc_visible_previous_val_only
0,REFUGE->RIM_ONE_r3,global,1,all,81062,0.2752863497688305,0.4036559908004926,0.7247136457135048,post_hoc_visible_previous_val_only
0,REFUGE->RIM_ONE_r3,global,1,boundary,22539,0.2376160747098692,0.5491345450979587,0.7623839327370752,post_hoc_visible_previous_val_only
0,REFUGE->RIM_ONE_r3,global,1,interior,58523,0.2897943266250055,0.3476277311894869,0.710205674678652,post_hoc_visible_previous_val_only
0,REFUGE->RIM_ONE_r3,global,2,all,29512,0.19421887417154993,0.2877199849516242,0.8057811320328913,post_hoc_visible_previous_val_only
0,REFUGE->RIM_ONE_r3,global,2,boundary,7226,0.3112491939723112,0.47230072190416444,0.6887508110428595,post_hoc_visible_previous_val_only
0,REFUGE->RIM_ONE_r3,global,2,interior,22286,0.1562730281151658,0.22787162695519,0.8437269714569089,post_hoc_visible_previous_val_only
0,REFUGE->RIM_ONE_r3,class,ALL,all,921600,0.03442843059698741,0.05320834822124905,0.9655715603298611,post_hoc_visible_previous_val_only
0,REFUGE->RIM_ONE_r3,class,ALL,boundary,45157,0.22638205384586174,0.4188789654726323,0.7736179468299489,post_hoc_visible_previous_val_only
0,REFUGE->RIM_ONE_r3,class,ALL,interior,876443,0.024538397632176308,0.034367888778201884,0.9754616190813321,post_hoc_visible_previous_val_only
0,REFUGE->RIM_ONE_r3,class,0,all,811026,0.01183407640734545,0.016988187217782485,0.9881659205823857,post_hoc_visible_previous_val_only
0,REFUGE->RIM_ONE_r3,class,0,boundary,15392,0.15732329947537046,0.31530332763576707,0.8426767000289568,post_hoc_visible_previous_val_only
0,REFUGE->RIM_ONE_r3,class,0,interior,795634,0.009019503203181435,0.011217108401319132,0.9909804952913337,post_hoc_visible_previous_val_only
0,REFUGE->RIM_ONE_r3,class,1,all,81062,0.21267348419819668,0.3484037616281076,0.7873265120370827,post_hoc_visible_previous_val_only
0,REFUGE->RIM_ONE_r3,class,1,boundary,22539,0.2614958500913954,0.5028594587523986,0.7385041546475692,post_hoc_visible_previous_val_only
0,REFUGE->RIM_ONE_r3,class,1,interior,58523,0.19387049528570766,0.2889181428810908,0.8061295015855144,post_hoc_visible_previous_val_only
0,REFUGE->RIM_ONE_r3,class,2,all,29512,0.16575494798808668,0.23775570177392089,0.834245048392656,post_hoc_visible_previous_val_only
0,REFUGE->RIM_ONE_r3,class,2,boundary,7226,0.2639578384538783,0.37755596700415467,0.736042161018209,post_hoc_visible_previous_val_only
0,REFUGE->RIM_ONE_r3,class,2,interior,22286,0.13391369659853808,0.1924269413547949,0.8660863010050802,post_hoc_visible_previous_val_only
0,RIM_ONE_r3->Drishti_GS,static,ALL,all,368640,0.03678950203789605,0.10896342198053996,0.9632105085584852,post_hoc_visible_previous_val_only
0,RIM_ONE_r3->Drishti_GS,static,ALL,boundary,16684,0.22195800034955834,0.6569198465724553,0.7780420106253558,post_hoc_visible_previous_val_only
0,RIM_ONE_r3->Drishti_GS,static,ALL,interior,351956,0.02801183902093763,0.08298828227662869,0.9719881644474025,post_hoc_visible_previous_val_only
0,RIM_ONE_r3->Drishti_GS,static,0,all,331166,0.018589508664290294,0.030359188534672756,0.9814104982471027,post_hoc_visible_previous_val_only
0,RIM_ONE_r3->Drishti_GS,static,0,boundary,5646,0.2135793839284726,0.45748680025560823,0.7864206106663595,post_hoc_visible_previous_val_only
0,RIM_ONE_r3->Drishti_GS,static,0,interior,325520,0.015207495774939184,0.02295084934792433,0.9847925110688284,post_hoc_visible_previous_val_only
0,RIM_ONE_r3->Drishti_GS,static,1,all,25934,0.21184998311707423,0.9615797553404797,0.7881500133527054,post_hoc_visible_previous_val_only
0,RIM_ONE_r3->Drishti_GS,static,1,boundary,8291,0.23791169872934978,0.7711207700744783,0.7620882810262068,post_hoc_visible_previous_val_only
0,RIM_ONE_r3->Drishti_GS,static,1,interior,17643,0.19960275723645932,1.0510824162734513,0.8003972401689498,post_hoc_visible_previous_val_only
0,RIM_ONE_r3->Drishti_GS,static,2,all,11540,0.16566304251474154,0.44859056852925794,0.8343369535185022,post_hoc_visible_previous_val_only
0,RIM_ONE_r3->Drishti_GS,static,2,boundary,2747,0.1910273791834967,0.722139929961325,0.808972609012744,post_hoc_visible_previous_val_only
0,RIM_ONE_r3->Drishti_GS,static,2,interior,8793,0.15773903278310483,0.3631316746486463,0.8422609656984782,post_hoc_visible_previous_val_only
0,RIM_ONE_r3->Drishti_GS,global,ALL,all,368640,0.05830231077141232,0.0737636665503184,0.9416977034674751,post_hoc_visible_previous_val_only
0,RIM_ONE_r3->Drishti_GS,global,ALL,boundary,16684,0.32625846890230253,0.45462415681929075,0.6737415548766783,post_hoc_visible_previous_val_only
0,RIM_ONE_r3->Drishti_GS,global,ALL,interior,351956,0.04560021053823578,0.055709488738249595,0.9543997731605656,post_hoc_visible_previous_val_only
0,RIM_ONE_r3->Drishti_GS,global,0,all,331166,0.018125970385373433,0.020919973649258298,0.9818740473999444,post_hoc_visible_previous_val_only
0,RIM_ONE_r3->Drishti_GS,global,0,boundary,5646,0.2317349578824991,0.3191281169008964,0.7682650407662089,post_hoc_visible_previous_val_only
0,RIM_ONE_r3->Drishti_GS,global,0,interior,325520,0.01442101723030411,0.015747685923450962,0.9855789810821916,post_hoc_visible_previous_val_only
0,RIM_ONE_r3->Drishti_GS,global,1,all,25934,0.4488181405954779,0.6100738894887021,0.5511818641114825,post_hoc_visible_previous_val_only
0,RIM_ONE_r3->Drishti_GS,global,1,boundary,8291,0.3686088237180423,0.5291798069054076,0.6313911707607458,post_hoc_visible_previous_val_only
0,RIM_ONE_r3->Drishti_GS,global,1,interior,17643,0.4865110090636602,0.6480885673081437,0.5134889805579762,post_hoc_visible_previous_val_only
0,RIM_ONE_r3->Drishti_GS,global,2,all,11540,0.33364034418010213,0.3849738083017967,0.6663596538365197,post_hoc_visible_previous_val_only
0,RIM_ONE_r3->Drishti_GS,global,2,boundary,2747,0.3927138057412952,0.5080896633774487,0.6072861900926722,post_hoc_visible_previous_val_only
0,RIM_ONE_r3->Drishti_GS,global,2,interior,8793,0.3151853473116266,0.34651148030474016,0.6848146370703703,post_hoc_visible_previous_val_only
0,RIM_ONE_r3->Drishti_GS,class,ALL,all,368640,0.044046247833304936,0.06049763494067722,0.9559537569681803,post_hoc_visible_previous_val_only
0,RIM_ONE_r3->Drishti_GS,class,ALL,boundary,16684,0.2650747324345181,0.3918489407246932,0.7349252748820914,post_hoc_visible_previous_val_only
0,RIM_ONE_r3->Drishti_GS,class,ALL,interior,351956,0.033568690305981516,0.044790373923804576,0.9664313063990954,post_hoc_visible_previous_val_only
0,RIM_ONE_r3->Drishti_GS,class,0,all,331166,0.017457825386375102,0.01948586205309658,0.9825421590399528,post_hoc_visible_previous_val_only
0,RIM_ONE_r3->Drishti_GS,class,0,boundary,5646,0.22397127330535446,0.305830661937188,0.7760287537204852,post_hoc_visible_previous_val_only
0,RIM_ONE_r3->Drishti_GS,class,0,interior,325520,0.013875942014599057,0.014519338720288374,0.9861240584775897,post_hoc_visible_previous_val_only
0,RIM_ONE_r3->Drishti_GS,class,1,all,25934,0.3023110356834296,0.48066603518712764,0.6976889760839716,post_hoc_visible_previous_val_only
0,RIM_ONE_r3->Drishti_GS,class,1,boundary,8291,0.2902937523203813,0.4530202975794772,0.7097062550412345,post_hoc_visible_previous_val_only
0,RIM_ONE_r3->Drishti_GS,class,1,interior,17643,0.30795833555430313,0.49365762287761084,0.6920416514727423,post_hoc_visible_previous_val_only
0,RIM_ONE_r3->Drishti_GS,class,2,all,11540,0.22665822576195568,0.29317161255940616,0.773341768949036,post_hoc_visible_previous_val_only
0,RIM_ONE_r3->Drishti_GS,class,2,boundary,2747,0.2734399496272212,0.38401764854761655,0.7265600337086481,post_hoc_visible_previous_val_only
0,RIM_ONE_r3->Drishti_GS,class,2,interior,8793,0.2120432632985978,0.26479063855087365,0.7879567453780706,post_hoc_visible_previous_val_only
1,REFUGE->RIM_ONE_r3,static,ALL,all,921600,0.039010622898737586,1.2611020872328016,0.960989367167155,post_hoc_visible_previous_val_only
1,REFUGE->RIM_ONE_r3,static,ALL,boundary,44098,0.1493495557252942,1.0436016897467715,0.8506504439286858,post_hoc_visible_previous_val_only
1,REFUGE->RIM_ONE_r3,static,ALL,interior,877502,0.0334656480506063,1.2720323571912087,0.9665343488889484,post_hoc_visible_previous_val_only
1,REFUGE->RIM_ONE_r3,static,0,all,814355,0.025258744827554285,1.316821916386281,0.9747412613932191,post_hoc_visible_previous_val_only
1,REFUGE->RIM_ONE_r3,static,0,boundary,15130,0.13277437118056273,1.2571823533607176,0.8672256278109252,post_hoc_visible_previous_val_only
1,REFUGE->RIM_ONE_r3,static,0,interior,799225,0.023223384036341846,1.3179509202274078,0.9767766112288467,post_hoc_visible_previous_val_only
1,REFUGE->RIM_ONE_r3,static,1,all,79920,0.14719850465700074,0.7893497944355489,0.852801489233374,post_hoc_visible_previous_val_only
1,REFUGE->RIM_ONE_r3,static,1,boundary,22041,0.15400078761686317,0.9828588851680179,0.8459992068448077,post_hoc_visible_previous_val_only
1,REFUGE->RIM_ONE_r3,static,1,interior,57879,0.1446081157643397,0.7156592815129408,0.855391887399251,post_hoc_visible_previous_val_only
1,REFUGE->RIM_ONE_r3,static,2,all,27325,0.13242454144895785,0.9802870048390325,0.8675754646936471,post_hoc_visible_previous_val_only
1,REFUGE->RIM_ONE_r3,static,2,boundary,6927,0.17075344430982112,0.7703747193810226,0.8292465551394791,post_hoc_visible_previous_val_only
1,REFUGE->RIM_ONE_r3,static,2,interior,20398,0.11940834486948554,1.051571569696152,0.8805916602266268,post_hoc_visible_previous_val_only
1,REFUGE->RIM_ONE_r3,global,ALL,all,921600,0.23634437825944687,1.1219855414496527,0.7636556137932672,post_hoc_visible_previous_val_only
1,REFUGE->RIM_ONE_r3,global,ALL,boundary,44098,0.21099477876335093,0.968984178017746,0.7890052157003293,post_hoc_visible_previous_val_only
1,REFUGE->RIM_ONE_r3,global,ALL,interior,877502,0.2376182985640631,1.1296744640610505,0.7623816980972693,post_hoc_visible_previous_val_only
1,REFUGE->RIM_ONE_r3,global,0,all,814355,0.2436934458242643,1.1695631579209926,0.7563065655679956,post_hoc_visible_previous_val_only
1,REFUGE->RIM_ONE_r3,global,0,boundary,15130,0.22754308293374736,1.157241548990778,0.772456919587533,post_hoc_visible_previous_val_only
1,REFUGE->RIM_ONE_r3,global,0,interior,799225,0.24399918549024055,1.1697963994416467,0.756000810844099,post_hoc_visible_previous_val_only
1,REFUGE->RIM_ONE_r3,global,1,all,79920,0.19937470391228632,0.6809281586884737,0.8006252987606748,post_hoc_visible_previous_val_only
1,REFUGE->RIM_ONE_r3,global,1,boundary,22041,0.21229159724371094,0.9057061831545826,0.7877084089869093,post_hoc_visible_previous_val_only
1,REFUGE->RIM_ONE_r3,global,1,interior,57879,0.1944557980443644,0.5953300733247783,0.8055442045919613,post_hoc_visible_previous_val_only
1,REFUGE->RIM_ONE_r3,global,2,all,27325,0.1254520630552915,0.9940531096323193,0.8745479556517326,post_hoc_visible_previous_val_only
1,REFUGE->RIM_ONE_r3,global,2,boundary,6927,0.17072350524179825,0.7591352037352987,0.8292764977870505,post_hoc_visible_previous_val_only
1,REFUGE->RIM_ONE_r3,global,2,interior,20398,0.11007823629909455,1.0738293643745327,0.8899217596801196,post_hoc_visible_previous_val_only
1,REFUGE->RIM_ONE_r3,class,ALL,all,921600,0.034121881458494395,0.06452473441759746,0.9658781051635742,post_hoc_visible_previous_val_only
1,REFUGE->RIM_ONE_r3,class,ALL,boundary,44098,0.21805140365413042,0.486964352628618,0.7819486004981093,post_hoc_visible_previous_val_only
1,REFUGE->RIM_ONE_r3,class,ALL,interior,877502,0.024878684560245303,0.04329544731951555,0.975121312935754,post_hoc_visible_previous_val_only
1,REFUGE->RIM_ONE_r3,class,0,all,814355,0.012931642943924467,0.017102391087537742,0.9870683508727767,post_hoc_visible_previous_val_only
1,REFUGE->RIM_ONE_r3,class,0,boundary,15130,0.1745893504866999,0.3679779758692891,0.8254106560686292,post_hoc_visible_previous_val_only
1,REFUGE->RIM_ONE_r3,class,0,interior,799225,0.009871327088381763,0.01046002145144515,0.9901286793456161,post_hoc_visible_previous_val_only
1,REFUGE->RIM_ONE_r3,class,1,all,79920,0.18219426052945034,0.4078891612865307,0.817805739088698,post_hoc_visible_previous_val_only
1,REFUGE->RIM_ONE_r3,class,1,boundary,22041,0.23923902994902432,0.5433035115354977,0.7607609790507606,post_hoc_visible_previous_val_only
1,REFUGE->RIM_ONE_r3,class,1,interior,57879,0.1604709439712725,0.3563217964265294,0.8395290507560762,post_hoc_visible_previous_val_only
1,REFUGE->RIM_ONE_r3,class,2,all,27325,0.23256405061685156,0.4735618157138109,0.7674359493831484,post_hoc_visible_previous_val_only
1,REFUGE->RIM_ONE_r3,class,2,boundary,6927,0.2455646613467836,0.5675897814416259,0.7544353425081147,post_hoc_visible_previous_val_only
1,REFUGE->RIM_ONE_r3,class,2,interior,20398,0.2281491413971106,0.44163065997394046,0.7718508567327564,post_hoc_visible_previous_val_only
1,RIM_ONE_r3->Drishti_GS,static,ALL,all,368640,0.3036027431488037,1.2100458886888292,0.6963972780439589,post_hoc_visible_previous_val_only
1,RIM_ONE_r3->Drishti_GS,static,ALL,boundary,15968,0.292690837072705,1.1512035836198764,0.7073091610161241,post_hoc_visible_previous_val_only
1,RIM_ONE_r3->Drishti_GS,static,ALL,interior,352672,0.3040968003068361,1.2127100836613056,0.6959032024622028,post_hoc_visible_previous_val_only
1,RIM_ONE_r3->Drishti_GS,static,0,all,332481,0.3121888743736484,1.219020856642936,0.6878111373751432,post_hoc_visible_previous_val_only
1,RIM_ONE_r3->Drishti_GS,static,0,boundary,5544,0.31499130832512484,1.213710096835402,0.6850086889225683,post_hoc_visible_previous_val_only
1,RIM_ONE_r3->Drishti_GS,static,0,interior,326937,0.3121413592536559,1.219110937753298,0.6878586437333493,post_hoc_visible_previous_val_only
1,RIM_ONE_r3->Drishti_GS,static,1,all,26698,0.2047089352323032,1.1944513414511386,0.7952910579093003,post_hoc_visible_previous_val_only
1,RIM_ONE_r3->Drishti_GS,static,1,boundary,7943,0.277143585731442,1.1584857401342967,0.722856421952702,post_hoc_visible_previous_val_only
1,RIM_ONE_r3->Drishti_GS,static,1,interior,18755,0.17403186786908909,1.2096832446243502,0.8259681337580812,post_hoc_visible_previous_val_only
1,RIM_ONE_r3->Drishti_GS,static,2,all,9461,0.2809352554210005,0.9386508329992452,0.7190647429661902,post_hoc_visible_previous_val_only
1,RIM_ONE_r3->Drishti_GS,static,2,boundary,2481,0.29263367166638327,0.9882136463686517,0.7073663283336168,post_hoc_visible_previous_val_only
1,RIM_ONE_r3->Drishti_GS,static,2,interior,6980,0.2767771264543506,0.921034026487509,0.7232228910342329,post_hoc_visible_previous_val_only
1,RIM_ONE_r3->Drishti_GS,global,ALL,all,368640,0.5416456487443712,1.0894661585489909,0.45835434330834285,post_hoc_visible_previous_val_only
1,RIM_ONE_r3->Drishti_GS,global,ALL,boundary,15968,0.41780970617382224,0.9109959115007359,0.5821903052932036,post_hoc_visible_previous_val_only
1,RIM_ONE_r3->Drishti_GS,global,ALL,interior,352672,0.5472525861494533,1.0975468175812086,0.4527474083124688,post_hoc_visible_previous_val_only
1,RIM_ONE_r3->Drishti_GS,global,0,all,332481,0.5555711971135193,1.1077565099584639,0.4444287999492828,post_hoc_visible_previous_val_only
1,RIM_ONE_r3->Drishti_GS,global,0,boundary,5544,0.45274074218661925,0.8907056591039441,0.5472592660703012,post_hoc_visible_previous_val_only
1,RIM_ONE_r3->Drishti_GS,global,0,interior,326937,0.55731492946271,1.1114371327656398,0.4426850675502849,post_hoc_visible_previous_val_only
1,RIM_ONE_r3->Drishti_GS,global,1,all,26698,0.4711996729038692,0.8587203934912611,0.5288003362406594,post_hoc_visible_previous_val_only
1,RIM_ONE_r3->Drishti_GS,global,1,boundary,7943,0.42082372456732736,0.8782578235036943,0.5791762754326726,post_hoc_visible_previous_val_only
1,RIM_ONE_r3->Drishti_GS,global,1,interior,18755,0.4925345656522844,0.8504460008581045,0.5074654441107371,post_hoc_visible_previous_val_only
1,RIM_ONE_r3->Drishti_GS,global,2,all,9461,0.25106167770593796,1.097843722956413,0.748938319874848,post_hoc_visible_previous_val_only
1,RIM_ONE_r3->Drishti_GS,global,2,boundary,2481,0.33010389304170684,1.0611480934299897,0.6698961238715015,post_hoc_visible_previous_val_only
1,RIM_ONE_r3->Drishti_GS,global,2,interior,6980,0.22296659475069674,1.11088694924953,0.7770334282030691,post_hoc_visible_previous_val_only
1,RIM_ONE_r3->Drishti_GS,class,ALL,all,368640,0.042302549216482375,0.07142567700809903,0.9576974550882975,post_hoc_visible_previous_val_only
1,RIM_ONE_r3->Drishti_GS,class,ALL,boundary,15968,0.2753343027913738,0.46500799603357107,0.7246656933862843,post_hoc_visible_previous_val_only
1,RIM_ONE_r3->Drishti_GS,class,ALL,interior,352672,0.031751523832586476,0.053605370659564694,0.9682484605915695,post_hoc_visible_previous_val_only
1,RIM_ONE_r3->Drishti_GS,class,0,all,332481,0.02018016651218768,0.030206859484134527,0.9798198113670405,post_hoc_visible_previous_val_only
1,RIM_ONE_r3->Drishti_GS,class,0,boundary,5544,0.25956597816720495,0.42620133183907294,0.7404340163281814,post_hoc_visible_previous_val_only
1,RIM_ONE_r3->Drishti_GS,class,0,interior,326937,0.01612080700945442,0.02349182475585534,0.9838791989645559,post_hoc_visible_previous_val_only
1,RIM_ONE_r3->Drishti_GS,class,1,all,26698,0.24734133346686785,0.49444493205103146,0.7526586848221894,post_hoc_visible_previous_val_only
1,RIM_ONE_r3->Drishti_GS,class,1,boundary,7943,0.27673540592013507,0.4794314866040165,0.723264599842973,post_hoc_visible_previous_val_only
1,RIM_ONE_r3->Drishti_GS,class,1,interior,18755,0.2348925377711777,0.5008033372090359,0.7651074589744818,post_hoc_visible_previous_val_only
1,RIM_ONE_r3->Drishti_GS,class,2,all,9461,0.24113418954886137,0.3262301405594296,0.7588658160959713,post_hoc_visible_previous_val_only
1,RIM_ONE_r3->Drishti_GS,class,2,boundary,2481,0.30608424963560954,0.5055474139470719,0.6939157426765685,post_hoc_visible_previous_val_only
1,RIM_ONE_r3->Drishti_GS,class,2,interior,6980,0.2180480715196932,0.2624928655460434,0.7819519152272396,post_hoc_visible_previous_val_only
2,REFUGE->RIM_ONE_r3,static,ALL,all,921600,0.12330548233456082,1.1878179719713,0.8766945139567057,post_hoc_visible_previous_val_only
2,REFUGE->RIM_ONE_r3,static,ALL,boundary,44105,0.32699044771089586,0.7545883325746089,0.6730095550568246,post_hoc_visible_previous_val_only
2,REFUGE->RIM_ONE_r3,static,ALL,interior,877495,0.11306778919279811,1.2095931591846678,0.886932219432162,post_hoc_visible_previous_val_only
2,REFUGE->RIM_ONE_r3,static,0,all,815841,0.10399098282860876,1.266481933022182,0.8960090171713913,post_hoc_visible_previous_val_only
2,REFUGE->RIM_ONE_r3,static,0,boundary,15039,0.3616440364183981,0.920845494909849,0.6383559666254457,post_hoc_visible_previous_val_only
2,REFUGE->RIM_ONE_r3,static,0,interior,800802,0.09915227708831272,1.272972951061873,0.9008477253506485,post_hoc_visible_previous_val_only
2,REFUGE->RIM_ONE_r3,static,1,all,77567,0.2853487680093802,0.46737835551014567,0.71465123277749,post_hoc_visible_previous_val_only
2,REFUGE->RIM_ONE_r3,static,1,boundary,22013,0.3307320590411951,0.6315633782208419,0.6692679562085827,post_hoc_visible_previous_val_only
2,REFUGE->RIM_ONE_r3,static,1,interior,55554,0.26736586237329685,0.4023208472591139,0.732634137901369,post_hoc_visible_previous_val_only
2,REFUGE->RIM_ONE_r3,static,2,all,28192,0.2363996186402545,0.8935879697594009,0.763600385148463,post_hoc_visible_previous_val_only
2,REFUGE->RIM_ONE_r3,static,2,boundary,7053,0.2414212829252346,0.7840519424669965,0.7585787127478721,post_hoc_visible_previous_val_only
2,REFUGE->RIM_ONE_r3,static,2,interior,21139,0.23472414323953023,0.930134515605782,0.765275853151314,post_hoc_visible_previous_val_only
2,REFUGE->RIM_ONE_r3,global,ALL,all,921600,0.10496953037050036,1.203293974134657,0.8950304667154948,post_hoc_visible_previous_val_only
2,REFUGE->RIM_ONE_r3,global,ALL,boundary,44105,0.32604913282334946,0.796000926189987,0.6739508678685806,post_hoc_visible_previous_val_only
2,REFUGE->RIM_ONE_r3,global,ALL,interior,877495,0.09385754073251486,1.223765488870307,0.9061424584328116,post_hoc_visible_previous_val_only
2,REFUGE->RIM_ONE_r3,global,0,all,815841,0.07653736833539523,1.2799041447337778,0.9234626231359726,post_hoc_visible_previous_val_only
2,REFUGE->RIM_ONE_r3,global,0,boundary,15039,0.32339354973618073,0.9774213712641403,0.6766064543222777,post_hoc_visible_previous_val_only
2,REFUGE->RIM_ONE_r3,global,0,interior,800802,0.07190142666278813,1.285584751091718,0.9280985826357514,post_hoc_visible_previous_val_only
2,REFUGE->RIM_ONE_r3,global,1,all,77567,0.33575595410787007,0.5611374273360047,0.6642440340890778,post_hoc_visible_previous_val_only
2,REFUGE->RIM_ONE_r3,global,1,boundary,22013,0.3453501633467475,0.693439899372317,0.6546498338805656,post_hoc_visible_previous_val_only
2,REFUGE->RIM_ONE_r3,global,1,interior,55554,0.33195429795520603,0.5087132338387116,0.6680457014954622,post_hoc_visible_previous_val_only
2,REFUGE->RIM_ONE_r3,global,2,all,28192,0.2927786651723907,0.753111141087925,0.7072213277914197,post_hoc_visible_previous_val_only
2,REFUGE->RIM_ONE_r3,global,2,boundary,7053,0.2714714770720696,0.7292625527846361,0.7285285213053455,post_hoc_visible_previous_val_only
2,REFUGE->RIM_ONE_r3,global,2,interior,21139,0.2998877828994939,0.761068193885099,0.7001122181832529,post_hoc_visible_previous_val_only
2,REFUGE->RIM_ONE_r3,class,ALL,all,921600,0.032809184789657594,0.056150278515285916,0.9671908060709635,post_hoc_visible_previous_val_only
2,REFUGE->RIM_ONE_r3,class,ALL,boundary,44105,0.23442903835883475,0.4606297059551603,0.7655709685604665,post_hoc_visible_previous_val_only
2,REFUGE->RIM_ONE_r3,class,ALL,interior,877495,0.022675287860547816,0.03582017494579741,0.9773247238944381,post_hoc_visible_previous_val_only
2,REFUGE->RIM_ONE_r3,class,0,all,815841,0.00620021514575934,0.009613532723902056,0.9937997957207655,post_hoc_visible_previous_val_only
2,REFUGE->RIM_ONE_r3,class,0,boundary,15039,0.1650198522943537,0.33503476897566326,0.8349801441544952,post_hoc_visible_previous_val_only
2,REFUGE->RIM_ONE_r3,class,0,interior,800802,0.003217594497586421,0.003502147042269385,0.9967824126430441,post_hoc_visible_previous_val_only
2,REFUGE->RIM_ONE_r3,class,1,all,77567,0.2574245604304182,0.47718478838254347,0.7425754490120234,post_hoc_visible_previous_val_only
2,REFUGE->RIM_ONE_r3,class,1,boundary,22013,0.26730596776043913,0.5661075221020853,0.7326940363985912,post_hoc_visible_previous_val_only
2,REFUGE->RIM_ONE_r3,class,1,interior,55554,0.25350909794956683,0.4419495874790744,0.7464908971064471,post_hoc_visible_previous_val_only
2,REFUGE->RIM_ONE_r3,class,2,all,28192,0.18483626423033628,0.2444378239072005,0.8151637433470987,post_hoc_visible_previous_val_only
2,REFUGE->RIM_ONE_r3,class,2,boundary,7053,0.2798175003179401,0.3992287816856662,0.720182491569135,post_hoc_visible_previous_val_only
2,REFUGE->RIM_ONE_r3,class,2,interior,21139,0.15314589751759836,0.1927920139875231,0.8468540963468367,post_hoc_visible_previous_val_only
2,RIM_ONE_r3->Drishti_GS,static,ALL,all,368640,0.044638290007909136,1.2851069026523165,0.9553616947597927,post_hoc_visible_previous_val_only
2,RIM_ONE_r3->Drishti_GS,static,ALL,boundary,16449,0.26732016435922684,1.04043131421363,0.7326798300749191,post_hoc_visible_previous_val_only
2,RIM_ONE_r3->Drishti_GS,static,ALL,interior,352191,0.03423798518900034,1.2965344532512189,0.9657620194901346,post_hoc_visible_previous_val_only
2,RIM_ONE_r3->Drishti_GS,static,0,all,331483,0.01633854033014608,1.3232098488082344,0.98366146298415,post_hoc_visible_previous_val_only
2,RIM_ONE_r3->Drishti_GS,static,0,boundary,5638,0.24077767774372838,1.09663493415911,0.7592223222562716,post_hoc_visible_previous_val_only
2,RIM_ONE_r3->Drishti_GS,static,0,interior,325845,0.012455135989875842,1.3271302546072519,0.9875448713153493,post_hoc_visible_previous_val_only
2,RIM_ONE_r3->Drishti_GS,static,1,all,26442,0.32302993325456425,0.8582968553520441,0.6769700667454358,post_hoc_visible_previous_val_only
2,RIM_ONE_r3->Drishti_GS,static,1,boundary,8187,0.28539011372712647,0.9746459424168079,0.7146099011831353,post_hoc_visible_previous_val_only
2,RIM_ONE_r3->Drishti_GS,static,1,interior,18255,0.33991063958290535,0.8061166120208932,0.6600893537301424,post_hoc_visible_previous_val_only
2,RIM_ONE_r3->Drishti_GS,static,2,all,10715,0.2331268125419243,1.1596033050921606,0.766873176065606,post_hoc_visible_previous_val_only
2,RIM_ONE_r3->Drishti_GS,static,2,boundary,2624,0.2679710402721312,1.124923950288354,0.7320289669967279,post_hoc_visible_previous_val_only
2,RIM_ONE_r3->Drishti_GS,static,2,interior,8091,0.2218264479702563,1.170850218896768,0.7781735708887093,post_hoc_visible_previous_val_only
2,RIM_ONE_r3->Drishti_GS,global,ALL,all,368640,0.07631652222739325,1.2560467825995552,0.9236834632025824,post_hoc_visible_previous_val_only
2,RIM_ONE_r3->Drishti_GS,global,ALL,boundary,16449,0.27516668100430686,0.9101725542419942,0.7248333004428461,post_hoc_visible_previous_val_only
2,RIM_ONE_r3->Drishti_GS,global,ALL,interior,352191,0.06702927162014893,1.2722007554139658,0.9329707193681838,post_hoc_visible_previous_val_only
2,RIM_ONE_r3->Drishti_GS,global,0,all,331483,0.05853867118621562,1.299738339711237,0.9414613173978756,post_hoc_visible_previous_val_only
2,RIM_ONE_r3->Drishti_GS,global,0,boundary,5638,0.29564214234827424,0.9264028440260981,0.704357865770982,post_hoc_visible_previous_val_only
2,RIM_ONE_r3->Drishti_GS,global,0,interior,325845,0.054436139939402745,1.3061980557281836,0.9455638596859703,post_hoc_visible_previous_val_only
2,RIM_ONE_r3->Drishti_GS,global,1,all,26442,0.25177723516919104,0.7333875101711411,0.7482227740638709,post_hoc_visible_previous_val_only
2,RIM_ONE_r3->Drishti_GS,global,1,boundary,8187,0.27599271254995533,0.824197264312897,0.7240072986327409,post_hoc_visible_previous_val_only
2,RIM_ONE_r3->Drishti_GS,global,1,interior,18255,0.2409170810570948,0.6926611769463845,0.7590829373320238,post_hoc_visible_previous_val_only
2,RIM_ONE_r3->Drishti_GS,global,2,all,10715,0.19330421550998161,1.1941848049973751,0.8066957759456661,post_hoc_visible_previous_val_only
2,RIM_ONE_r3->Drishti_GS,global,2,boundary,2624,0.22859530187234645,1.1435465405626994,0.7714046908587944,post_hoc_visible_previous_val_only
2,RIM_ONE_r3->Drishti_GS,global,2,interior,8091,0.1818589260132907,1.2106073323175441,0.8181410598424851,post_hoc_visible_previous_val_only
2,RIM_ONE_r3->Drishti_GS,class,ALL,all,368640,0.036959521306885616,0.07748572892612882,0.9630404790242513,post_hoc_visible_previous_val_only
2,RIM_ONE_r3->Drishti_GS,class,ALL,boundary,16449,0.2407158621974075,0.5745279406173532,0.7592841192497454,post_hoc_visible_previous_val_only
2,RIM_ONE_r3->Drishti_GS,class,ALL,interior,352191,0.02744312841428506,0.05427148712286533,0.9725569053794674,post_hoc_visible_previous_val_only
2,RIM_ONE_r3->Drishti_GS,class,0,all,331483,0.017641550776436168,0.0319556042481463,0.9823584526299237,post_hoc_visible_previous_val_only
2,RIM_ONE_r3->Drishti_GS,class,0,boundary,5638,0.2498054775036409,0.5562127023015558,0.7501945103174746,post_hoc_visible_previous_val_only
2,RIM_ONE_r3->Drishti_GS,class,0,interior,325845,0.013624486425812718,0.022884538567363076,0.98637551980236,post_hoc_visible_previous_val_only
2,RIM_ONE_r3->Drishti_GS,class,1,all,26442,0.21231884686220667,0.4777429469747466,0.7876811369799348,post_hoc_visible_previous_val_only
2,RIM_ONE_r3->Drishti_GS,class,1,boundary,8187,0.23735918637027928,0.5599377535340899,0.7626407931281108,post_hoc_visible_previous_val_only
2,RIM_ONE_r3->Drishti_GS,class,1,interior,18255,0.2010887628710456,0.44088024263739817,0.7989112438159066,post_hoc_visible_previous_val_only
2,RIM_ONE_r3->Drishti_GS,class,2,all,10715,0.2018431200249085,0.4982846985005687,0.7981568721427686,post_hoc_visible_previous_val_only
2,RIM_ONE_r3->Drishti_GS,class,2,boundary,2624,0.23165866768941645,0.6594026350393528,0.7683413261320533,post_hoc_visible_previous_val_only
2,RIM_ONE_r3->Drishti_GS,class,2,interior,8091,0.19217361140908276,0.44603237500519,0.8078263786899603,post_hoc_visible_previous_val_only
