seed,transition,update_batch,variant,virtual_step_norm,previous_val_loss_before,previous_val_loss_after,previous_val_loss_delta,previous_val_dice_before,previous_val_dice_after,previous_val_dice_delta,current_val_loss_before,current_val_loss_after,current_val_loss_delta,current_val_dice_before,current_val_dice_after,current_val_dice_delta,old_model_gradient_nonnull,checkpoint_or_model_mutated,hidden_gt_usage
1,REFUGE->RIM_ONE_r3,0,B0,0.001,0.8373872507363558,0.8353326413780451,-0.0020546093583106995,0.6578316576778889,0.658549077808857,0.0007174201309680939,0.5367860458791256,0.5366929266601801,-9.311921894550323e-05,0.7522060461342335,0.7522766403853893,7.059425115585327e-05,0,False,none_visible_update_and_val_only
1,REFUGE->RIM_ONE_r3,0,B1,0.001,0.8373872507363558,0.8355758171528578,-0.001811433583498001,0.6578316576778889,0.6584138534963131,0.0005821958184242249,0.5367860458791256,0.5365545246750116,-0.00023152120411396027,0.7522060461342335,0.7523064091801643,0.00010036304593086243,0,False,none_visible_update_and_val_only
1,REFUGE->RIM_ONE_r3,0,B2,0.001,0.8373872507363558,0.8355726525187492,-0.0018145982176065445,0.6578316576778889,0.6584146209061146,0.000582963228225708,0.5367860458791256,0.5365526154637337,-0.000233430415391922,0.7522060461342335,0.7523073740303516,0.00010132789611816406,0,False,none_visible_update_and_val_only
1,REFUGE->RIM_ONE_r3,0,B3,0.001,0.8373872507363558,0.8353391867130995,-0.002048064023256302,0.6578316576778889,0.658509649336338,0.000677991658449173,0.5367860458791256,0.5365712475031614,-0.00021479837596416473,0.7522060461342335,0.7523096315562725,0.00010358542203903198,0,False,none_visible_update_and_val_only
1,REFUGE->RIM_ONE_r3,1,B0,0.001,0.8373872507363558,0.8406237661838531,0.003236515447497368,0.6578316576778889,0.6567830331623554,-0.0010486245155334473,0.5367860458791256,0.536829112097621,4.306621849536896e-05,0.7522060461342335,0.7522502988576889,4.425272345542908e-05,0,False,none_visible_update_and_val_only
1,REFUGE->RIM_ONE_r3,1,B1,0.001,0.8373872507363558,0.8365949541330338,-0.0007922966033220291,0.6578316576778889,0.6580750569701195,0.00024339929223060608,0.5367860458791256,0.5364104397594929,-0.00037560611963272095,0.7522060461342335,0.7524114325642586,0.0002053864300251007,0,False,none_visible_update_and_val_only
1,REFUGE->RIM_ONE_r3,1,B2,0.001,0.8373872507363558,0.8365574944764376,-0.0008297562599182129,0.6578316576778889,0.6580932885408401,0.0002616308629512787,0.5367860458791256,0.536402978003025,-0.00038306787610054016,0.7522060461342335,0.7524191699922085,0.0002131238579750061,0,False,none_visible_update_and_val_only
1,REFUGE->RIM_ONE_r3,1,B3,0.001,0.8373872507363558,0.8378257025033236,0.00043845176696777344,0.6578316576778889,0.6576898582279682,-0.0001417994499206543,0.5367860458791256,0.5365149900317192,-0.00027105584740638733,0.7522060461342335,0.7523848153650761,0.00017876923084259033,0,False,none_visible_update_and_val_only
1,REFUGE->RIM_ONE_r3,2,B0,0.001,0.8373872507363558,0.8365552853792906,-0.0008319653570652008,0.6578316576778889,0.6582054570317268,0.0003737993538379669,0.5367860458791256,0.5366137996315956,-0.00017224624752998352,0.7522060461342335,0.7522080801427364,2.034008502960205e-06,0,False,none_visible_update_and_val_only
1,REFUGE->RIM_ONE_r3,2,B1,0.001,0.8373872507363558,0.8336480781435966,-0.0037391725927591324,0.6578316576778889,0.6590172611176968,0.0011856034398078918,0.5367860458791256,0.5362954698503017,-0.0004905760288238525,0.7522060461342335,0.7524780221283436,0.0002719759941101074,0,False,none_visible_update_and_val_only
1,REFUGE->RIM_ONE_r3,2,B2,0.001,0.8373872507363558,0.8335603550076485,-0.0038268957287073135,0.6578316576778889,0.6590441577136517,0.0012125000357627869,0.5367860458791256,0.5363010633736849,-0.000484982505440712,0.7522060461342335,0.7524770610034466,0.00027101486921310425,0,False,none_visible_update_and_val_only
1,REFUGE->RIM_ONE_r3,2,B3,0.001,0.8373872507363558,0.8342514410614967,-0.003135809674859047,0.6578316576778889,0.6588684730231762,0.001036815345287323,0.5367860458791256,0.5362626872956753,-0.0005233585834503174,0.7522060461342335,0.7524551972746849,0.0002491511404514313,0,False,none_visible_update_and_val_only
1,REFUGE->RIM_ONE_r3,3,B0,0.001,0.8373872507363558,0.836919017136097,-0.0004682336002588272,0.6578316576778889,0.6579804942011833,0.00014883652329444885,0.5367860458791256,0.5360194724053144,-0.0007665734738111496,0.7522060461342335,0.7525961846113205,0.0003901384770870209,0,False,none_visible_update_and_val_only
1,REFUGE->RIM_ONE_r3,3,B1,0.001,0.8373872507363558,0.8357825390994549,-0.0016047116369009018,0.6578316576778889,0.6583458669483662,0.0005142092704772949,0.5367860458791256,0.5361894723027945,-0.0005965735763311386,0.7522060461342335,0.7524999231100082,0.000293876975774765,0,False,none_visible_update_and_val_only
1,REFUGE->RIM_ONE_r3,3,B2,0.001,0.8373872507363558,0.8356773238629103,-0.0017099268734455109,0.6578316576778889,0.6583787091076374,0.0005470514297485352,0.5367860458791256,0.5361796673387289,-0.0006063785403966904,0.7522060461342335,0.7525066062808037,0.0003005601465702057,0,False,none_visible_update_and_val_only
1,REFUGE->RIM_ONE_r3,3,B3,0.001,0.8373872507363558,0.8356612287461758,-0.0017260219901800156,0.6578316576778889,0.6583765186369419,0.0005448609590530396,0.5367860458791256,0.5360189005732536,-0.0007671453058719635,0.7522060461342335,0.7525910809636116,0.00038503482937812805,0,False,none_visible_update_and_val_only
1,REFUGE->RIM_ONE_r3,4,B0,0.001,0.8373872507363558,0.8356777187436819,-0.001709531992673874,0.6578316576778889,0.658313225954771,0.00048156827688217163,0.5367860458791256,0.5368162710219622,3.022514283657074e-05,0.7522060461342335,0.7521014548838139,-0.0001045912504196167,0,False,none_visible_update_and_val_only
1,REFUGE->RIM_ONE_r3,4,B1,0.001,0.8373872507363558,0.8350482489913702,-0.0023390017449855804,0.6578316576778889,0.6585199311375618,0.0006882734596729279,0.5367860458791256,0.5366060175001621,-0.00018002837896347046,0.7522060461342335,0.7522629424929619,5.6896358728408813e-05,0,False,none_visible_update_and_val_only
1,REFUGE->RIM_ONE_r3,4,B2,0.001,0.8373872507363558,0.8350578378885984,-0.0023294128477573395,0.6578316576778889,0.6585171967744827,0.0006855390965938568,0.5367860458791256,0.5366060230880976,-0.00018002279102802277,0.7522060461342335,0.7522628605365753,5.681440234184265e-05,0,False,none_visible_update_and_val_only
1,REFUGE->RIM_ONE_r3,4,B3,0.001,0.8373872507363558,0.8350763563066721,-0.0023108944296836853,0.6578316576778889,0.6585091054439545,0.0006774477660655975,0.5367860458791256,0.5366496574133635,-0.00013638846576213837,0.7522060461342335,0.7522255554795265,1.9509345293045044e-05,0,False,none_visible_update_and_val_only
1,REFUGE->RIM_ONE_r3,5,B0,0.001,0.8373872507363558,0.8344069793820381,-0.002980271354317665,0.6578316576778889,0.6587061509490013,0.000874493271112442,0.5367860458791256,0.5360922291874886,-0.0006938166916370392,0.7522060461342335,0.7526817843317986,0.00047573819756507874,0,False,none_visible_update_and_val_only
1,REFUGE->RIM_ONE_r3,5,B1,0.001,0.8373872507363558,0.8356033284217119,-0.0017839223146438599,0.6578316576778889,0.6583972200751305,0.0005655623972415924,0.5367860458791256,0.5355485994368792,-0.001237446442246437,0.7522060461342335,0.7528770714998245,0.0006710253655910492,0,False,none_visible_update_and_val_only
1,REFUGE->RIM_ONE_r3,5,B2,0.001,0.8373872507363558,0.8354697600007057,-0.0019174907356500626,0.6578316576778889,0.6584380716085434,0.0006064139306545258,0.5367860458791256,0.5355492979288101,-0.0012367479503154755,0.7522060461342335,0.7528820298612118,0.000675983726978302,0,False,none_visible_update_and_val_only
1,REFUGE->RIM_ONE_r3,5,B3,0.001,0.8373872507363558,0.8356700129806995,-0.0017172377556562424,0.6578316576778889,0.6583677232265472,0.000536065548658371,0.5367860458791256,0.5355798080563545,-0.0012062378227710724,0.7522060461342335,0.752867728471756,0.0006616823375225067,0,False,none_visible_update_and_val_only
1,REFUGE->RIM_ONE_r3,6,B0,0.001,0.8373872507363558,0.8386166393756866,0.001229388639330864,0.6578316576778889,0.657460629940033,-0.00037102773785591125,0.5367860458791256,0.5370479114353657,0.0002618655562400818,0.7522060461342335,0.7520898766815662,-0.00011616945266723633,0,False,none_visible_update_and_val_only
1,REFUGE->RIM_ONE_r3,6,B1,0.001,0.8373872507363558,0.836190976202488,-0.001196274533867836,0.6578316576778889,0.6582120135426521,0.0003803558647632599,0.5367860458791256,0.5362118985503912,-0.0005741473287343979,0.7522060461342335,0.7524706572294235,0.0002646110951900482,0,False,none_visible_update_and_val_only
1,REFUGE->RIM_ONE_r3,6,B2,0.001,0.8373872507363558,0.8361143283545971,-0.0012729223817586899,0.6578316576778889,0.6582320034503937,0.0004003457725048065,0.5367860458791256,0.5362179540097713,-0.000568091869354248,0.7522060461342335,0.7524721138179302,0.0002660676836967468,0,False,none_visible_update_and_val_only
1,REFUGE->RIM_ONE_r3,6,B3,0.001,0.8373872507363558,0.8361845500767231,-0.0012027006596326828,0.6578316576778889,0.6582134887576103,0.0003818310797214508,0.5367860458791256,0.5365021415054798,-0.00028390437364578247,0.7522060461342335,0.7523882761597633,0.00018223002552986145,0,False,none_visible_update_and_val_only
1,REFUGE->RIM_ONE_r3,7,B0,0.001,0.8373872507363558,0.8380545638501644,0.0006673131138086319,0.6578316576778889,0.6576351374387741,-0.00019652023911476135,0.5367860458791256,0.5367211848497391,-6.486102938652039e-05,0.7522060461342335,0.7521773912012577,-2.8654932975769043e-05,0,False,none_visible_update_and_val_only
1,REFUGE->RIM_ONE_r3,7,B1,0.001,0.8373872507363558,0.8360461723059416,-0.0013410784304141998,0.6578316576778889,0.6582822240889072,0.0004505664110183716,0.5367860458791256,0.5358394850045443,-0.000946560874581337,0.7522060461342335,0.7526801824569702,0.0004741363227367401,0,False,none_visible_update_and_val_only
1,REFUGE->RIM_ONE_r3,7,B2,0.001,0.8373872507363558,0.836045391857624,-0.0013418588787317276,0.6578316576778889,0.6582830287516117,0.00045137107372283936,0.5367860458791256,0.5358288362622261,-0.0009572096168994904,0.7522060461342335,0.7526883743703365,0.00048232823610305786,0,False,none_visible_update_and_val_only
1,REFUGE->RIM_ONE_r3,7,B3,0.001,0.8373872507363558,0.8364645857363939,-0.000922664999961853,0.6578316576778889,0.6581486351788044,0.00031697750091552734,0.5367860458791256,0.5359595566987991,-0.0008264891803264618,0.7522060461342335,0.7525980845093727,0.00039203837513923645,0,False,none_visible_update_and_val_only
1,REFUGE->RIM_ONE_r3,8,B0,0.001,0.8373872507363558,0.8401550427079201,0.002767791971564293,0.6578316576778889,0.656919289380312,-0.0009123682975769043,0.5367860458791256,0.5365354157984257,-0.00025063008069992065,0.7522060461342335,0.7523416690528393,0.00013562291860580444,0,False,none_visible_update_and_val_only
1,REFUGE->RIM_ONE_r3,8,B1,0.001,0.8373872507363558,0.8361745942384005,-0.0012126564979553223,0.6578316576778889,0.6581675484776497,0.0003358907997608185,0.5367860458791256,0.5361221376806498,-0.0006639081984758377,0.7522060461342335,0.7525484263896942,0.00034238025546073914,0,False,none_visible_update_and_val_only
1,REFUGE->RIM_ONE_r3,8,B2,0.001,0.8373872507363558,0.8362957257777452,-0.0010915249586105347,0.6578316576778889,0.6581284292042255,0.0002967715263366699,0.5367860458791256,0.5361174903810024,-0.0006685554981231689,0.7522060461342335,0.7525485120713711,0.00034246593713760376,0,False,none_visible_update_and_val_only
1,REFUGE->RIM_ONE_r3,8,B3,0.001,0.8373872507363558,0.8378846496343613,0.0004973988980054855,0.6578316576778889,0.6576262265443802,-0.00020543113350868225,0.5367860458791256,0.5362281017005444,-0.0005579441785812378,0.7522060461342335,0.7524953559041023,0.0002893097698688507,0,False,none_visible_update_and_val_only
1,REFUGE->RIM_ONE_r3,9,B0,0.001,0.8373872507363558,0.8378783147782087,0.000491064041852951,0.6578316576778889,0.6577210240066051,-0.00011063367128372192,0.5367860458791256,0.5354104656726122,-0.0013755802065134048,0.7522060461342335,0.7529001422226429,0.0006940960884094238,0,False,none_visible_update_and_val_only
1,REFUGE->RIM_ONE_r3,9,B1,0.001,0.8373872507363558,0.8380115199834108,0.0006242692470550537,0.6578316576778889,0.6577193103730679,-0.0001123473048210144,0.5367860458791256,0.5357821024954319,-0.001003943383693695,0.7522060461342335,0.7526897192001343,0.0004836730659008026,0,False,none_visible_update_and_val_only
1,REFUGE->RIM_ONE_r3,9,B2,0.001,0.8373872507363558,0.8379189930856228,0.0005317423492670059,0.6578316576778889,0.6577472127974033,-8.444488048553467e-05,0.5367860458791256,0.5357648488134146,-0.0010211970657110214,0.7522060461342335,0.7526968270540237,0.0004907809197902679,0,False,none_visible_update_and_val_only
1,REFUGE->RIM_ONE_r3,9,B3,0.001,0.8373872507363558,0.8381563629955053,0.0007691122591495514,0.6578316576778889,0.6576717831194401,-0.0001598745584487915,0.5367860458791256,0.5356827639043331,-0.0011032819747924805,0.7522060461342335,0.7527361251413822,0.0005300790071487427,0,False,none_visible_update_and_val_only
1,REFUGE->RIM_ONE_r3,10,B0,0.001,0.8373872507363558,0.8344375174492598,-0.0029497332870960236,0.6578316576778889,0.6587681211531162,0.000936463475227356,0.5367860458791256,0.5369636677205563,0.00017762184143066406,0.7522060461342335,0.7520787678658962,-0.00012727826833724976,0,False,none_visible_update_and_val_only
1,REFUGE->RIM_ONE_r3,10,B1,0.001,0.8373872507363558,0.8349036909639835,-0.002483559772372246,0.6578316576778889,0.6586485654115677,0.0008169077336788177,0.5367860458791256,0.5366826355457306,-0.00010341033339500427,0.7522060461342335,0.752239279448986,3.3233314752578735e-05,0,False,none_visible_update_and_val_only
1,REFUGE->RIM_ONE_r3,10,B2,0.001,0.8373872507363558,0.8346624542027712,-0.0027247965335845947,0.6578316576778889,0.6587203405797482,0.0008886829018592834,0.5367860458791256,0.5366932079195976,-9.283795952796936e-05,0.7522060461342335,0.7522368356585503,3.078952431678772e-05,0,False,none_visible_update_and_val_only
1,REFUGE->RIM_ONE_r3,10,B3,0.001,0.8373872507363558,0.8347271718084812,-0.002660078927874565,0.6578316576778889,0.658702664077282,0.0008710063993930817,0.5367860458791256,0.536786712706089,6.668269634246826e-07,0.7522060461342335,0.75217654556036,-2.9500573873519897e-05,0,False,none_visible_update_and_val_only
1,REFUGE->RIM_ONE_r3,11,B0,0.001,0.8373872507363558,0.836361076682806,-0.0010261740535497665,0.6578316576778889,0.6581846587359905,0.00035300105810165405,0.5367860458791256,0.535596739500761,-0.001189306378364563,0.7522060461342335,0.752633024007082,0.00042697787284851074,0,False,none_visible_update_and_val_only
1,REFUGE->RIM_ONE_r3,11,B1,0.001,0.8373872507363558,0.8365362994372845,-0.000850951299071312,0.6578316576778889,0.6581222489476204,0.0002905912697315216,0.5367860458791256,0.536139965057373,-0.0006460808217525482,0.7522060461342335,0.7524712011218071,0.00026515498757362366,0,False,none_visible_update_and_val_only
1,REFUGE->RIM_ONE_r3,11,B2,0.001,0.8373872507363558,0.836058983579278,-0.0013282671570777893,0.6578316576778889,0.6582623459398746,0.0004306882619857788,0.5367860458791256,0.5360401663929224,-0.0007458794862031937,0.7522060461342335,0.7525196261703968,0.0003135800361633301,0,False,none_visible_update_and_val_only
1,REFUGE->RIM_ONE_r3,11,B3,0.001,0.8373872507363558,0.8367704283446074,-0.0006168223917484283,0.6578316576778889,0.6580256968736649,0.00019403919577598572,0.5367860458791256,0.5359758958220482,-0.0008101500570774078,0.7522060461342335,0.7525475807487965,0.0003415346145629883,0,False,none_visible_update_and_val_only
1,REFUGE->RIM_ONE_r3,12,B0,0.001,0.8373872507363558,0.8355391789227724,-0.001848071813583374,0.6578316576778889,0.6583168096840382,0.000485152006149292,0.5367860458791256,0.5364176463335752,-0.0003683995455503464,0.7522060461342335,0.7525043338537216,0.0002982877194881439,0,False,none_visible_update_and_val_only
1,REFUGE->RIM_ONE_r3,12,B1,0.001,0.8373872507363558,0.8346500508487225,-0.0027371998876333237,0.6578316576778889,0.6586687713861465,0.0008371137082576752,0.5367860458791256,0.5363399032503366,-0.00044614262878894806,0.7522060461342335,0.7524950169026852,0.0002889707684516907,0,False,none_visible_update_and_val_only
1,REFUGE->RIM_ONE_r3,12,B2,0.001,0.8373872507363558,0.8346451912075281,-0.0027420595288276672,0.6578316576778889,0.6586698442697525,0.0008381865918636322,0.5367860458791256,0.5363419819623232,-0.0004440639168024063,0.7522060461342335,0.752495639026165,0.0002895928919315338,0,False,none_visible_update_and_val_only
1,REFUGE->RIM_ONE_r3,12,B3,0.001,0.8373872507363558,0.8348096180707216,-0.0025776326656341553,0.6578316576778889,0.6586006432771683,0.0007689855992794037,0.5367860458791256,0.5363422427326441,-0.000443803146481514,0.7522060461342335,0.7525144033133984,0.0003083571791648865,0,False,none_visible_update_and_val_only
1,REFUGE->RIM_ONE_r3,13,B0,0.001,0.8373872507363558,0.8368412647396326,-0.000545985996723175,0.6578316576778889,0.6580212451517582,0.00018958747386932373,0.5367860458791256,0.5367579665035009,-2.8079375624656677e-05,0.7522060461342335,0.7522178143262863,1.1768192052841187e-05,0,False,none_visible_update_and_val_only
1,REFUGE->RIM_ONE_r3,13,B1,0.001,0.8373872507363558,0.835790604352951,-0.0015966463834047318,0.6578316576778889,0.6583641804754734,0.0005325227975845337,0.5367860458791256,0.5363032631576061,-0.0004827827215194702,0.7522060461342335,0.7524265833199024,0.0002205371856689453,0,False,none_visible_update_and_val_only
1,REFUGE->RIM_ONE_r3,13,B2,0.001,0.8373872507363558,0.8356073424220085,-0.0017799083143472672,0.6578316576778889,0.6584242731332779,0.0005926154553890228,0.5367860458791256,0.5363833755254745,-0.00040267035365104675,0.7522060461342335,0.7523990757763386,0.00019302964210510254,0,False,none_visible_update_and_val_only
1,REFUGE->RIM_ONE_r3,13,B3,0.001,0.8373872507363558,0.8360575512051582,-0.001329699531197548,0.6578316576778889,0.6582783795893192,0.0004467219114303589,0.5367860458791256,0.5364017467945814,-0.0003842990845441818,0.7522060461342335,0.7523749433457851,0.00016889721155166626,0,False,none_visible_update_and_val_only
1,REFUGE->RIM_ONE_r3,14,B0,0.001,0.8373872507363558,0.837999714538455,0.0006124638020992279,0.6578316576778889,0.6575369499623775,-0.000294707715511322,0.5367860458791256,0.5369675476104021,0.00018150173127651215,0.7522060461342335,0.7521154284477234,-9.061768651008606e-05,0,False,none_visible_update_and_val_only
1,REFUGE->RIM_ONE_r3,14,B1,0.001,0.8373872507363558,0.8364965803921223,-0.0008906703442335129,0.6578316576778889,0.6580426879227161,0.0002110302448272705,0.5367860458791256,0.5365490857511759,-0.00023696012794971466,0.7522060461342335,0.7522933483123779,8.730217814445496e-05,0,False,none_visible_update_and_val_only
1,REFUGE->RIM_ONE_r3,14,B2,0.001,0.8373872507363558,0.836488725617528,-0.0008985251188278198,0.6578316576778889,0.6580443792045116,0.00021272152662277222,0.5367860458791256,0.5365481115877628,-0.00023793429136276245,0.7522060461342335,0.7522945068776608,8.846074342727661e-05,0,False,none_visible_update_and_val_only
1,REFUGE->RIM_ONE_r3,14,B3,0.001,0.8373872507363558,0.8371027931571007,-0.00028445757925510406,0.6578316576778889,0.6578278057277203,-3.851950168609619e-06,0.5367860458791256,0.53671870008111,-6.734579801559448e-05,0.7522060461342335,0.7522257417440414,1.969560980796814e-05,0,False,none_visible_update_and_val_only
1,REFUGE->RIM_ONE_r3,15,B0,0.001,0.8373872507363558,0.836808392778039,-0.000578857958316803,0.6578316576778889,0.6579790413379669,0.0001473836600780487,0.5367860458791256,0.5359466206282377,-0.0008394252508878708,0.7522060461342335,0.7525913342833519,0.00038528814911842346,0,False,none_visible_update_and_val_only
1,REFUGE->RIM_ONE_r3,15,B1,0.001,0.8373872507363558,0.8365300577133894,-0.0008571930229663849,0.6578316576778889,0.65806969627738,0.00023803859949111938,0.5367860458791256,0.5360247977077961,-0.0007612481713294983,0.7522060461342335,0.7525702975690365,0.00036425143480300903,0,False,none_visible_update_and_val_only
1,REFUGE->RIM_ONE_r3,15,B2,0.001,0.8373872507363558,0.8364802896976471,-0.0009069610387086868,0.6578316576778889,0.6580851413309574,0.0002534836530685425,0.5367860458791256,0.5359937492758036,-0.0007922966033220291,0.7522060461342335,0.7525853589177132,0.00037931278347969055,0,False,none_visible_update_and_val_only
1,REFUGE->RIM_ONE_r3,15,B3,0.001,0.8373872507363558,0.8364791795611382,-0.0009080711752176285,0.6578316576778889,0.6580778285861015,0.00024617090821266174,0.5367860458791256,0.5359034761786461,-0.0008825697004795074,0.7522060461342335,0.7526259124279022,0.00041986629366874695,0,False,none_visible_update_and_val_only
1,REFUGE->RIM_ONE_r3,16,B0,0.001,0.8373872507363558,0.8363695684820414,-0.0010176822543144226,0.6578316576778889,0.6581595912575722,0.00032793357968330383,0.5367860458791256,0.5374859496951103,0.000699903815984726,0.7522060461342335,0.7517978064715862,-0.0004082396626472473,0,False,none_visible_update_and_val_only
1,REFUGE->RIM_ONE_r3,16,B1,0.001,0.8373872507363558,0.8340895920991898,-0.0032976586371660233,0.6578316576778889,0.6588579155504704,0.001026257872581482,0.5367860458791256,0.5368865672498941,0.00010052137076854706,0.7522060461342335,0.7521143034100533,-9.174272418022156e-05,0,False,none_visible_update_and_val_only
1,REFUGE->RIM_ONE_r3,16,B2,0.001,0.8373872507363558,0.834102813154459,-0.003284437581896782,0.6578316576778889,0.6588598191738129,0.001028161495923996,0.5367860458791256,0.5368290673941374,4.3021515011787415e-05,0.7522060461342335,0.7521323934197426,-7.36527144908905e-05,0,False,none_visible_update_and_val_only
1,REFUGE->RIM_ONE_r3,16,B3,0.001,0.8373872507363558,0.8346365131437778,-0.0027507375925779343,0.6578316576778889,0.6586997732520103,0.0008681155741214752,0.5367860458791256,0.5369951371103525,0.00020909123122692108,0.7522060461342335,0.7520334385335445,-0.00017260760068893433,0,False,none_visible_update_and_val_only
1,REFUGE->RIM_ONE_r3,17,B0,0.001,0.8373872507363558,0.8389289267361164,0.0015416759997606277,0.6578316576778889,0.6574895828962326,-0.00034207478165626526,0.5367860458791256,0.5368529427796602,6.689690053462982e-05,0.7522060461342335,0.752233449369669,2.740323543548584e-05,0,False,none_visible_update_and_val_only
1,REFUGE->RIM_ONE_r3,17,B1,0.001,0.8373872507363558,0.8359875306487083,-0.001399720087647438,0.6578316576778889,0.6583545804023743,0.0005229227244853973,0.5367860458791256,0.5366674102842808,-0.00011863559484481812,0.7522060461342335,0.7523527927696705,0.00014674663543701172,0,False,none_visible_update_and_val_only
1,REFUGE->RIM_ONE_r3,17,B2,0.001,0.8373872507363558,0.8357905503362417,-0.0015967004001140594,0.6578316576778889,0.6584154404699802,0.0005837827920913696,0.5367860458791256,0.5367091316729784,-7.691420614719391e-05,0.7522060461342335,0.7523411437869072,0.0001350976526737213,0,False,none_visible_update_and_val_only
1,REFUGE->RIM_ONE_r3,17,B3,0.001,0.8373872507363558,0.8377412930130959,0.00035404227674007416,0.6578316576778889,0.6578507013618946,1.9043684005737305e-05,0.5367860458791256,0.5367263630032539,-5.9682875871658325e-05,0.7522060461342335,0.7523022778332233,9.623169898986816e-05,0,False,none_visible_update_and_val_only
1,REFUGE->RIM_ONE_r3,18,B0,0.001,0.8373872507363558,0.8395560290664434,0.0021687783300876617,0.6578316576778889,0.6571532003581524,-0.0006784573197364807,0.5367860458791256,0.5366641581058502,-0.00012188777327537537,0.7522060461342335,0.7522968649864197,9.0818852186203e-05,0,False,none_visible_update_and_val_only
1,REFUGE->RIM_ONE_r3,18,B1,0.001,0.8373872507363558,0.8378357216715813,0.00044847093522548676,0.6578316576778889,0.6577211171388626,-0.00011054053902626038,0.5367860458791256,0.5359936822205782,-0.0007923636585474014,0.7522060461342335,0.7526168078184128,0.00041076168417930603,0,False,none_visible_update_and_val_only
1,REFUGE->RIM_ONE_r3,18,B2,0.001,0.8373872507363558,0.8377746157348156,0.000387364998459816,0.6578316576778889,0.6577429585158825,-8.869916200637817e-05,0.5367860458791256,0.5359845887869596,-0.000801457092165947,0.7522060461342335,0.7526237852871418,0.0004177391529083252,0,False,none_visible_update_and_val_only
1,REFUGE->RIM_ONE_r3,18,B3,0.001,0.8373872507363558,0.838408563286066,0.0010213125497102737,0.6578316576778889,0.6575370207428932,-0.00029463693499565125,0.5367860458791256,0.5361219234764576,-0.0006641224026679993,0.7522060461342335,0.7525550201535225,0.0003489740192890167,0,False,none_visible_update_and_val_only
1,REFUGE->RIM_ONE_r3,19,B0,0.001,0.8373872507363558,0.8360597230494022,-0.0013275276869535446,0.6578316576778889,0.6583059877157211,0.00047433003783226013,0.5367860458791256,0.5363506693392992,-0.00043537653982639313,0.7522060461342335,0.7523988969624043,0.00019285082817077637,0,False,none_visible_update_and_val_only
1,REFUGE->RIM_ONE_r3,19,B1,0.001,0.8373872507363558,0.8355751503258944,-0.0018121004104614258,0.6578316576778889,0.6584157943725586,0.0005841366946697235,0.5367860458791256,0.5363826956599951,-0.00040335021913051605,0.7522060461342335,0.752428624778986,0.00022257864475250244,0,False,none_visible_update_and_val_only
1,REFUGE->RIM_ONE_r3,19,B2,0.001,0.8373872507363558,0.8355795405805111,-0.0018077101558446884,0.6578316576778889,0.6584148332476616,0.0005831755697727203,0.5367860458791256,0.5363871976733208,-0.00039884820580482483,0.7522060461342335,0.7524255886673927,0.00021954253315925598,0,False,none_visible_update_and_val_only
1,REFUGE->RIM_ONE_r3,19,B3,0.001,0.8373872507363558,0.8355730567127466,-0.0018141940236091614,0.6578316576778889,0.6584296822547913,0.0005980245769023895,0.5367860458791256,0.5363290086388588,-0.0004570372402667999,0.7522060461342335,0.7524465881288052,0.0002405419945716858,0,False,none_visible_update_and_val_only
1,REFUGE->RIM_ONE_r3,20,B0,0.001,0.8373872507363558,0.8419382572174072,0.004551006481051445,0.6578316576778889,0.6564498543739319,-0.0013818033039569855,0.5367860458791256,0.5369371324777603,0.00015108659863471985,0.7522060461342335,0.7520839869976044,-0.00012205913662910461,0,False,none_visible_update_and_val_only
1,REFUGE->RIM_ONE_r3,20,B1,0.001,0.8373872507363558,0.8378570508211851,0.00046980008482933044,0.6578316576778889,0.6577336080372334,-9.804964065551758e-05,0.5367860458791256,0.5365265645086765,-0.00025948137044906616,0.7522060461342335,0.7523210532963276,0.00011500716209411621,0,False,none_visible_update_and_val_only
1,REFUGE->RIM_ONE_r3,20,B2,0.001,0.8373872507363558,0.8379252292215824,0.0005379784852266312,0.6578316576778889,0.6577207483351231,-0.0001109093427658081,0.5367860458791256,0.5365295391529799,-0.0002565067261457443,0.7522060461342335,0.7523290924727917,0.00012304633855819702,0,False,none_visible_update_and_val_only
1,REFUGE->RIM_ONE_r3,20,B3,0.001,0.8373872507363558,0.8394089322537184,0.0020216815173625946,0.6578316576778889,0.657257791608572,-0.000573866069316864,0.5367860458791256,0.5366449970752001,-0.00014104880392551422,0.7522060461342335,0.7522496059536934,4.355981945991516e-05,0,False,none_visible_update_and_val_only
1,REFUGE->RIM_ONE_r3,21,B0,0.001,0.8373872507363558,0.8333939798176289,-0.003993270918726921,0.6578316576778889,0.6590035818517208,0.0011719241738319397,0.5367860458791256,0.5371683742851019,0.00038232840597629547,0.7522060461342335,0.7522295527160168,2.3506581783294678e-05,0,False,none_visible_update_and_val_only
1,REFUGE->RIM_ONE_r3,21,B1,0.001,0.8373872507363558,0.8328478261828423,-0.004539424553513527,0.6578316576778889,0.6591611243784428,0.001329466700553894,0.5367860458791256,0.5370089933276176,0.00022294744849205017,0.7522060461342335,0.7522805370390415,7.449090480804443e-05,0,False,none_visible_update_and_val_only
1,REFUGE->RIM_ONE_r3,21,B2,0.001,0.8373872507363558,0.8328492436558008,-0.004538007080554962,0.6578316576778889,0.6591608449816704,0.0013291873037815094,0.5367860458791256,0.5370188225060701,0.00023277662694454193,0.7522060461342335,0.7522765286266804,7.048249244689941e-05,0,False,none_visible_update_and_val_only
1,REFUGE->RIM_ONE_r3,21,B3,0.001,0.8373872507363558,0.8331105709075928,-0.004276679828763008,0.6578316576778889,0.6590866781771183,0.0012550204992294312,0.5367860458791256,0.5370906963944435,0.00030465051531791687,0.7522060461342335,0.7522568926215172,5.0846487283706665e-05,0,False,none_visible_update_and_val_only
1,REFUGE->RIM_ONE_r3,22,B0,0.001,0.8373872507363558,0.8365482892841101,-0.0008389614522457123,0.6578316576778889,0.6581170819699764,0.00028542429208755493,0.5367860458791256,0.5366624072194099,-0.00012363865971565247,0.7522060461342335,0.7523610293865204,0.000154983252286911,0,False,none_visible_update_and_val_only
1,REFUGE->RIM_ONE_r3,22,B1,0.001,0.8373872507363558,0.8370804637670517,-0.0003067869693040848,0.6578316576778889,0.657974224537611,0.00014256685972213745,0.5367860458791256,0.5363540984690189,-0.00043194741010665894,0.7522060461342335,0.7524821422994137,0.0002760961651802063,0,False,none_visible_update_and_val_only
1,REFUGE->RIM_ONE_r3,22,B2,0.001,0.8373872507363558,0.8370576221495867,-0.000329628586769104,0.6578316576778889,0.6579815410077572,0.00014988332986831665,0.5367860458791256,0.5363624151796103,-0.0004236306995153427,0.7522060461342335,0.7524792775511742,0.0002732314169406891,0,False,none_visible_update_and_val_only
1,REFUGE->RIM_ONE_r3,22,B3,0.001,0.8373872507363558,0.8367531485855579,-0.0006341021507978439,0.6578316576778889,0.6580806896090508,0.0002490319311618805,0.5367860458791256,0.5363879222422838,-0.000398123636841774,0.7522060461342335,0.7524884715676308,0.0002824254333972931,0,False,none_visible_update_and_val_only
1,REFUGE->RIM_ONE_r3,23,B0,0.001,0.8373872507363558,0.8371542952954769,-0.0002329554408788681,0.6578316576778889,0.6579511538147926,0.00011949613690376282,0.5367860458791256,0.537694912403822,0.0009088665246963501,0.7522060461342335,0.7518810220062733,-0.0003250241279602051,0,False,none_visible_update_and_val_only
1,REFUGE->RIM_ONE_r3,23,B1,0.001,0.8373872507363558,0.8357743490487337,-0.0016129016876220703,0.6578316576778889,0.6583527326583862,0.0005210749804973602,0.5367860458791256,0.5366446934640408,-0.00014135241508483887,0.7522060461342335,0.7523430548608303,0.00013700872659683228,0,False,none_visible_update_and_val_only
1,REFUGE->RIM_ONE_r3,23,B2,0.001,0.8373872507363558,0.8357676025480032,-0.0016196481883525848,0.6578316576778889,0.6583538949489594,0.0005222372710704803,0.5367860458791256,0.5366670079529285,-0.000119037926197052,0.7522060461342335,0.7523324936628342,0.00012644752860069275,0,False,none_visible_update_and_val_only
1,REFUGE->RIM_ONE_r3,23,B3,0.001,0.8373872507363558,0.8359330855309963,-0.001454165205359459,0.6578316576778889,0.6583163104951382,0.0004846528172492981,0.5367860458791256,0.5369393061846495,0.00015326030552387238,0.7522060461342335,0.7522314079105854,2.536177635192871e-05,0,False,none_visible_update_and_val_only
1,REFUGE->RIM_ONE_r3,24,B0,0.001,0.8373872507363558,0.8360575288534164,-0.0013297218829393387,0.6578316576778889,0.6582251526415348,0.00039349496364593506,0.5367860458791256,0.5370233543217182,0.00023730844259262085,0.7522060461342335,0.7520016320049763,-0.00020441412925720215,0,False,none_visible_update_and_val_only
1,REFUGE->RIM_ONE_r3,24,B1,0.001,0.8373872507363558,0.8350401483476162,-0.002347102388739586,0.6578316576778889,0.658576000481844,0.0007443428039550781,0.5367860458791256,0.5367700774222612,-1.5968456864356995e-05,0.7522060461342335,0.7521407008171082,-6.534531712532043e-05,0,False,none_visible_update_and_val_only
1,REFUGE->RIM_ONE_r3,24,B2,0.001,0.8373872507363558,0.8347085956484079,-0.0026786550879478455,0.6578316576778889,0.6586868092417717,0.0008551515638828278,0.5367860458791256,0.5367638934403658,-2.2152438759803772e-05,0.7522060461342335,0.7521557658910751,-5.0280243158340454e-05,0,False,none_visible_update_and_val_only
1,REFUGE->RIM_ONE_r3,24,B3,0.001,0.8373872507363558,0.8352375645190477,-0.0021496862173080444,0.6578316576778889,0.6585061177611351,0.0006744600832462311,0.5367860458791256,0.5368109419941902,2.489611506462097e-05,0.7522060461342335,0.7520969025790691,-0.00010914355516433716,0,False,none_visible_update_and_val_only
1,REFUGE->RIM_ONE_r3,25,B0,0.001,0.8373872507363558,0.8384700156748295,0.0010827649384737015,0.6578316576778889,0.6574676670134068,-0.0003639906644821167,0.5367860458791256,0.536883782595396,9.773671627044678e-05,0.7522060461342335,0.752039261162281,-0.00016678497195243835,0,False,none_visible_update_and_val_only
1,REFUGE->RIM_ONE_r3,25,B1,0.001,0.8373872507363558,0.8360274452716112,-0.0013598054647445679,0.6578316576778889,0.6582015156745911,0.0003698579967021942,0.5367860458791256,0.5369790457189083,0.00019299983978271484,0.7522060461342335,0.7521557547152042,-5.029141902923584e-05,0,False,none_visible_update_and_val_only
1,REFUGE->RIM_ONE_r3,25,B2,0.001,0.8373872507363558,0.8355278801172972,-0.001859370619058609,0.6578316576778889,0.6583578959107399,0.0005262382328510284,0.5367860458791256,0.5369156915694475,0.0001296456903219223,0.7522060461342335,0.7521896064281464,-1.6439706087112427e-05,0,False,none_visible_update_and_val_only
1,REFUGE->RIM_ONE_r3,25,B3,0.001,0.8373872507363558,0.8362884446978569,-0.0010988060384988785,0.6578316576778889,0.6580792106688023,0.0002475529909133911,0.5367860458791256,0.5369818694889545,0.00019582360982894897,0.7522060461342335,0.7521502040326595,-5.584210157394409e-05,0,False,none_visible_update_and_val_only
1,REFUGE->RIM_ONE_r3,26,B0,0.001,0.8373872507363558,0.834250133484602,-0.003137117251753807,0.6578316576778889,0.6587652340531349,0.000933576375246048,0.5367860458791256,0.5360294952988625,-0.0007565505802631378,0.7522060461342335,0.7526137791574001,0.0004077330231666565,0,False,none_visible_update_and_val_only
1,REFUGE->RIM_ONE_r3,26,B1,0.001,0.8373872507363558,0.8351362012326717,-0.002251049503684044,0.6578316576778889,0.6585468165576458,0.0007151588797569275,0.5367860458791256,0.5360164027661085,-0.0007696431130170822,0.7522060461342335,0.7526228129863739,0.00041676685214042664,0,False,none_visible_update_and_val_only
1,REFUGE->RIM_ONE_r3,26,B2,0.001,0.8373872507363558,0.835207587108016,-0.0021796636283397675,0.6578316576778889,0.6585258767008781,0.0006942190229892731,0.5367860458791256,0.5360182728618383,-0.0007677730172872543,0.7522060461342335,0.7526221759617329,0.00041612982749938965,0,False,none_visible_update_and_val_only
1,REFUGE->RIM_ONE_r3,26,B3,0.001,0.8373872507363558,0.8349339477717876,-0.002453302964568138,0.6578316576778889,0.6586040258407593,0.0007723681628704071,0.5367860458791256,0.5359614416956902,-0.0008246041834354401,0.7522060461342335,0.7526494786143303,0.000443432480096817,0,False,none_visible_update_and_val_only
1,REFUGE->RIM_ONE_r3,27,B0,0.001,0.8373872507363558,0.8368289768695831,-0.0005582738667726517,0.6578316576778889,0.657999575138092,0.00016791746020317078,0.5367860458791256,0.5370689369738102,0.00028289109468460083,0.7522060461342335,0.7520912364125252,-0.00011480972170829773,0,False,none_visible_update_and_val_only
1,REFUGE->RIM_ONE_r3,27,B1,0.001,0.8373872507363558,0.8354694359004498,-0.0019178148359060287,0.6578316576778889,0.6584603153169155,0.0006286576390266418,0.5367860458791256,0.5365867633372545,-0.00019928254187107086,0.7522060461342335,0.7523027695715427,9.672343730926514e-05,0,False,none_visible_update_and_val_only
1,REFUGE->RIM_ONE_r3,27,B2,0.001,0.8373872507363558,0.8348973579704762,-0.002489892765879631,0.6578316576778889,0.6586264669895172,0.0007948093116283417,0.5367860458791256,0.5366336181759834,-0.00015242770314216614,0.7522060461342335,0.7522820644080639,7.601827383041382e-05,0,False,none_visible_update_and_val_only
1,REFUGE->RIM_ONE_r3,27,B3,0.001,0.8373872507363558,0.8360968511551619,-0.001290399581193924,0.6578316576778889,0.6582626923918724,0.00043103471398353577,0.5367860458791256,0.5367571469396353,-2.88989394903183e-05,0.7522060461342335,0.7522270530462265,2.1006911993026733e-05,0,False,none_visible_update_and_val_only
1,REFUGE->RIM_ONE_r3,28,B0,0.001,0.8373872507363558,0.834251943975687,-0.0031353067606687546,0.6578316576778889,0.6587646789848804,0.0009330213069915771,0.5367860458791256,0.536843691021204,5.764514207839966e-05,0.7522060461342335,0.7521618120372295,-4.423409700393677e-05,0,False,none_visible_update_and_val_only
1,REFUGE->RIM_ONE_r3,28,B1,0.001,0.8373872507363558,0.8356490433216095,-0.0017382074147462845,0.6578316576778889,0.6583846360445023,0.0005529783666133881,0.5367860458791256,0.5354486871510744,-0.0013373587280511856,0.7522060461342335,0.7528329454362392,0.0006268993020057678,0,False,none_visible_update_and_val_only
1,REFUGE->RIM_ONE_r3,28,B2,0.001,0.8373872507363558,0.8356579281389713,-0.0017293225973844528,0.6578316576778889,0.6583864688873291,0.0005548112094402313,0.5367860458791256,0.5354575719684362,-0.001328473910689354,0.7522060461342335,0.7528338134288788,0.0006277672946453094,0,False,none_visible_update_and_val_only
1,REFUGE->RIM_ONE_r3,28,B3,0.001,0.8373872507363558,0.8357664570212364,-0.0016207937151193619,0.6578316576778889,0.6583495624363422,0.0005179047584533691,0.5367860458791256,0.5354369785636663,-0.0013490673154592514,0.7522060461342335,0.7528311088681221,0.0006250627338886261,0,False,none_visible_update_and_val_only
1,REFUGE->RIM_ONE_r3,29,B0,0.001,0.8373872507363558,0.836641613394022,-0.0007456373423337936,0.6578316576778889,0.6580899655818939,0.00025830790400505066,0.5367860458791256,0.5360904205590487,-0.0006956253200769424,0.7522060461342335,0.7524802535772324,0.0002742074429988861,0,False,none_visible_update_and_val_only
1,REFUGE->RIM_ONE_r3,29,B1,0.001,0.8373872507363558,0.8359325490891933,-0.0014547016471624374,0.6578316576778889,0.6583684384822845,0.0005367808043956757,0.5367860458791256,0.5360853653401136,-0.0007006805390119553,0.7522060461342335,0.7525308653712273,0.00032481923699378967,0,False,none_visible_update_and_val_only
1,REFUGE->RIM_ONE_r3,29,B2,0.001,0.8373872507363558,0.8355894684791565,-0.0017977822571992874,0.6578316576778889,0.6584731414914131,0.0006414838135242462,0.5367860458791256,0.5361154805868864,-0.0006705652922391891,0.7522060461342335,0.7525317147374153,0.000325668603181839,0,False,none_visible_update_and_val_only
1,REFUGE->RIM_ONE_r3,29,B3,0.001,0.8373872507363558,0.8358721751719713,-0.0015150755643844604,0.6578316576778889,0.6583845056593418,0.0005528479814529419,0.5367860458791256,0.5360887758433819,-0.0006972700357437134,0.7522060461342335,0.7525344826281071,0.0003284364938735962,0,False,none_visible_update_and_val_only
1,REFUGE->RIM_ONE_r3,30,B0,0.001,0.8373872507363558,0.8396184872835875,0.002231236547231674,0.6578316576778889,0.6571769900619984,-0.0006546676158905029,0.5367860458791256,0.5364428386092186,-0.0003432072699069977,0.7522060461342335,0.7522891238331795,8.307769894599915e-05,0,False,none_visible_update_and_val_only
1,REFUGE->RIM_ONE_r3,30,B1,0.001,0.8373872507363558,0.8362290821969509,-0.001158168539404869,0.6578316576778889,0.6582498922944069,0.00041823461651802063,0.5367860458791256,0.5359703656286001,-0.0008156802505254745,0.7522060461342335,0.7525845840573311,0.0003785379230976105,0,False,none_visible_update_and_val_only
1,REFUGE->RIM_ONE_r3,30,B2,0.001,0.8373872507363558,0.83584014326334,-0.0015471074730157852,0.6578316576778889,0.6583658307790756,0.0005341731011867523,0.5367860458791256,0.5361168496310711,-0.0006691962480545044,0.7522060461342335,0.7525365389883518,0.00033049285411834717,0,False,none_visible_update_and_val_only
1,REFUGE->RIM_ONE_r3,30,B3,0.001,0.8373872507363558,0.8376043755561113,0.0002171248197555542,0.6578316576778889,0.6578345112502575,2.853572368621826e-06,0.5367860458791256,0.5360109694302082,-0.0007750764489173889,0.7522060461342335,0.752529937773943,0.00032389163970947266,0,False,none_visible_update_and_val_only
1,REFUGE->RIM_ONE_r3,31,B0,0.001,0.8373872507363558,0.8381960615515709,0.0008088108152151108,0.6578316576778889,0.6576254740357399,-0.00020618364214897156,0.5367860458791256,0.5367626268416643,-2.3419037461280823e-05,0.7522060461342335,0.7523141391575336,0.0001080930233001709,0,False,none_visible_update_and_val_only
1,REFUGE->RIM_ONE_r3,31,B1,0.001,0.8373872507363558,0.836505364626646,-0.0008818861097097397,0.6578316576778889,0.6581731885671616,0.0003415308892726898,0.5367860458791256,0.5361447110772133,-0.0006413348019123077,0.7522060461342335,0.7525419667363167,0.0003359206020832062,0,False,none_visible_update_and_val_only
1,REFUGE->RIM_ONE_r3,31,B2,0.001,0.8373872507363558,0.8364877495914698,-0.0008995011448860168,0.6578316576778889,0.6581783778965473,0.00034672021865844727,0.5367860458791256,0.5361417382955551,-0.0006443075835704803,0.7522060461342335,0.7525444813072681,0.00033843517303466797,0,False,none_visible_update_and_val_only
1,REFUGE->RIM_ONE_r3,31,B3,0.001,0.8373872507363558,0.8368447311222553,-0.0005425196141004562,0.6578316576778889,0.6580738537013531,0.00024219602346420288,0.5367860458791256,0.5361949149519205,-0.0005911309272050858,0.7522060461342335,0.7525487057864666,0.0003426596522331238,0,False,none_visible_update_and_val_only
1,RIM_ONE_r3->Drishti_GS,0,B0,0.001,0.918781653046608,0.9211087860167027,0.002327132970094681,0.6034763008356094,0.6028611548244953,-0.0006151460111141205,0.7028070762753487,0.7049210295081139,0.0021139532327651978,0.7318836450576782,0.7313421666622162,-0.0005414783954620361,0,False,none_visible_update_and_val_only
1,RIM_ONE_r3->Drishti_GS,0,B1,0.001,0.918781653046608,0.9221854507923126,0.003403797745704651,0.6034763008356094,0.6026308871805668,-0.0008454136550426483,0.7028070762753487,0.7030747532844543,0.0002676770091056824,0.7318836450576782,0.7317925468087196,-9.109824895858765e-05,0,False,none_visible_update_and_val_only
1,RIM_ONE_r3->Drishti_GS,0,B2,0.001,0.918781653046608,0.9219606257975101,0.003178972750902176,0.6034763008356094,0.602674413472414,-0.0008018873631954193,0.7028070762753487,0.7033163607120514,0.0005092844367027283,0.7318836450576782,0.7317313924431801,-0.00015225261449813843,0,False,none_visible_update_and_val_only
1,RIM_ONE_r3->Drishti_GS,0,B3,0.001,0.918781653046608,0.9220200441777706,0.0032383911311626434,0.6034763008356094,0.6026810482144356,-0.0007952526211738586,0.7028070762753487,0.703455250710249,0.0006481744349002838,0.7318836450576782,0.7317020446062088,-0.0001816004514694214,0,False,none_visible_update_and_val_only
1,RIM_ONE_r3->Drishti_GS,1,B0,0.001,0.918781653046608,0.9217273257672787,0.0029456727206707,0.6034763008356094,0.6026446521282196,-0.0008316487073898315,0.7028070762753487,0.699473213404417,-0.0033338628709316254,0.7318836450576782,0.7327440530061722,0.0008604079484939575,0,False,none_visible_update_and_val_only
1,RIM_ONE_r3->Drishti_GS,1,B1,0.001,0.918781653046608,0.9231454953551292,0.004363842308521271,0.6034763008356094,0.6024392507970333,-0.001037050038576126,0.7028070762753487,0.6974235102534294,-0.0053835660219192505,0.7318836450576782,0.7332435064017773,0.0013598613440990448,0,False,none_visible_update_and_val_only
1,RIM_ONE_r3->Drishti_GS,1,B2,0.001,0.918781653046608,0.9230938740074635,0.004312220960855484,0.6034763008356094,0.6024524085223675,-0.0010238923132419586,0.7028070762753487,0.6973335966467857,-0.005473479628562927,0.7318836450576782,0.7332646027207375,0.0013809576630592346,0,False,none_visible_update_and_val_only
1,RIM_ONE_r3->Drishti_GS,1,B3,0.001,0.918781653046608,0.9232131391763687,0.004431486129760742,0.6034763008356094,0.6023712269961834,-0.0011050738394260406,0.7028070762753487,0.6978574655950069,-0.004949610680341721,0.7318836450576782,0.7331423610448837,0.0012587159872055054,0,False,none_visible_update_and_val_only
1,RIM_ONE_r3->Drishti_GS,2,B0,0.001,0.918781653046608,0.9160731807351112,-0.0027084723114967346,0.6034763008356094,0.6040156744420528,0.0005393736064434052,0.7028070762753487,0.7089295536279678,0.006122477352619171,0.7318836450576782,0.7302587777376175,-0.00162486732006073,0,False,none_visible_update_and_val_only
1,RIM_ONE_r3->Drishti_GS,2,B1,0.001,0.918781653046608,0.9190458990633488,0.00026424601674079895,0.6034763008356094,0.6033217534422874,-0.00015454739332199097,0.7028070762753487,0.705920584499836,0.0031135082244873047,0.7318836450576782,0.7310145199298859,-0.0008691251277923584,0,False,none_visible_update_and_val_only
1,RIM_ONE_r3->Drishti_GS,2,B2,0.001,0.918781653046608,0.9190633855760098,0.0002817325294017792,0.6034763008356094,0.6033171825110912,-0.00015911832451820374,0.7028070762753487,0.7061449997127056,0.003337923437356949,0.7318836450576782,0.7309604398906231,-0.00092320516705513,0,False,none_visible_update_and_val_only
1,RIM_ONE_r3->Drishti_GS,2,B3,0.001,0.918781653046608,0.9184352234005928,-0.00034642964601516724,0.6034763008356094,0.6034515351057053,-2.4765729904174805e-05,0.7028070762753487,0.706796120852232,0.003989044576883316,0.7318836450576782,0.730792123824358,-0.0010915212333202362,0,False,none_visible_update_and_val_only
1,RIM_ONE_r3->Drishti_GS,3,B0,0.001,0.918781653046608,0.917782224714756,-0.0009994283318519592,0.6034763008356094,0.6034504771232605,-2.5823712348937988e-05,0.7028070762753487,0.7083560563623905,0.005548980087041855,0.7318836450576782,0.7304639592766762,-0.0014196857810020447,0,False,none_visible_update_and_val_only
1,RIM_ONE_r3->Drishti_GS,3,B1,0.001,0.918781653046608,0.9214582145214081,0.00267656147480011,0.6034763008356094,0.6027197316288948,-0.0007565692067146301,0.7028070762753487,0.7036756612360477,0.0008685849606990814,0.7318836450576782,0.7316405810415745,-0.0002430640161037445,0,False,none_visible_update_and_val_only
1,RIM_ONE_r3->Drishti_GS,3,B2,0.001,0.918781653046608,0.9208250641822815,0.002043411135673523,0.6034763008356094,0.6028538942337036,-0.0006224066019058228,0.7028070762753487,0.7044276148080826,0.0016205385327339172,0.7318836450576782,0.7314309477806091,-0.0004526972770690918,0,False,none_visible_update_and_val_only
1,RIM_ONE_r3->Drishti_GS,3,B3,0.001,0.918781653046608,0.9210085794329643,0.0022269263863563538,0.6034763008356094,0.6027737259864807,-0.0007025748491287231,0.7028070762753487,0.7049085423350334,0.0021014660596847534,0.7318836450576782,0.7313439548015594,-0.0005396902561187744,0,False,none_visible_update_and_val_only
1,RIM_ONE_r3->Drishti_GS,4,B0,0.001,0.918781653046608,0.9233427494764328,0.004561096429824829,0.6034763008356094,0.6024570241570473,-0.0010192766785621643,0.7028070762753487,0.69705730676651,-0.0057497695088386536,0.7318836450576782,0.7333195470273495,0.0014359019696712494,0,False,none_visible_update_and_val_only
1,RIM_ONE_r3->Drishti_GS,4,B1,0.001,0.918781653046608,0.9232858642935753,0.004504211246967316,0.6034763008356094,0.6024865917861462,-0.000989709049463272,0.7028070762753487,0.6976855061948299,-0.0051215700805187225,0.7318836450576782,0.7331752553582191,0.001291610300540924,0,False,none_visible_update_and_val_only
1,RIM_ONE_r3->Drishti_GS,4,B2,0.001,0.918781653046608,0.9233331941068172,0.004551541060209274,0.6034763008356094,0.6024691946804523,-0.0010071061551570892,0.7028070762753487,0.6976664327085018,-0.0051406435668468475,0.7318836450576782,0.7331800386309624,0.0012963935732841492,0,False,none_visible_update_and_val_only
1,RIM_ONE_r3->Drishti_GS,4,B3,0.001,0.918781653046608,0.9234126806259155,0.004631027579307556,0.6034763008356094,0.6024519391357899,-0.0010243616998195648,0.7028070762753487,0.6973238885402679,-0.005483187735080719,0.7318836450576782,0.7332617938518524,0.0013781487941741943,0,False,none_visible_update_and_val_only
1,RIM_ONE_r3->Drishti_GS,5,B0,0.001,0.918781653046608,0.9187471270561218,-3.452599048614502e-05,0.6034763008356094,0.6034094430506229,-6.685778498649597e-05,0.7028070762753487,0.7025848366320133,-0.0002222396433353424,0.7318836450576782,0.7318644300103188,-1.9215047359466553e-05,0,False,none_visible_update_and_val_only
1,RIM_ONE_r3->Drishti_GS,5,B1,0.001,0.918781653046608,0.9208237901329994,0.002042137086391449,0.6034763008356094,0.6028774939477444,-0.0005988068878650665,0.7028070762753487,0.7023214548826218,-0.0004856213927268982,0.7318836450576782,0.7319710366427898,8.739158511161804e-05,0,False,none_visible_update_and_val_only
1,RIM_ONE_r3->Drishti_GS,5,B2,0.001,0.918781653046608,0.9207963906228542,0.0020147375762462616,0.6034763008356094,0.6028777211904526,-0.0005985796451568604,0.7028070762753487,0.7024255618453026,-0.00038151443004608154,0.7318836450576782,0.7319452129304409,6.156787276268005e-05,0,False,none_visible_update_and_val_only
1,RIM_ONE_r3->Drishti_GS,5,B3,0.001,0.918781653046608,0.920525249093771,0.0017435960471630096,0.6034763008356094,0.6029514856636524,-0.000524815171957016,0.7028070762753487,0.7022932320833206,-0.0005138441920280457,0.7318836450576782,0.7319687381386757,8.509308099746704e-05,0,False,none_visible_update_and_val_only
1,RIM_ONE_r3->Drishti_GS,6,B0,0.001,0.918781653046608,0.9157331436872482,-0.003048509359359741,0.6034763008356094,0.6045772060751915,0.0011009052395820618,0.7028070762753487,0.7001502811908722,-0.002656795084476471,0.7318836450576782,0.7324811369180679,0.0005974918603897095,0,False,none_visible_update_and_val_only
1,RIM_ONE_r3->Drishti_GS,6,B1,0.001,0.918781653046608,0.9213152602314949,0.0025336071848869324,0.6034763008356094,0.6029529683291912,-0.0005233325064182281,0.7028070762753487,0.7007902897894382,-0.0020167864859104156,0.7318836450576782,0.7323746755719185,0.0004910305142402649,0,False,none_visible_update_and_val_only
1,RIM_ONE_r3->Drishti_GS,6,B2,0.001,0.918781653046608,0.9207354225218296,0.001953769475221634,0.6034763008356094,0.6031028144061565,-0.0003734864294528961,0.7028070762753487,0.7010962553322315,-0.0017108209431171417,0.7318836450576782,0.7322886437177658,0.00040499866008758545,0,False,none_visible_update_and_val_only
1,RIM_ONE_r3->Drishti_GS,6,B3,0.001,0.918781653046608,0.920417558401823,0.0016359053552150726,0.6034763008356094,0.6032589189708233,-0.00021738186478614807,0.7028070762753487,0.70007698610425,-0.002730090171098709,0.7318836450576782,0.7325296849012375,0.0006460398435592651,0,False,none_visible_update_and_val_only
1,RIM_ONE_r3->Drishti_GS,7,B0,0.001,0.918781653046608,0.9225487746298313,0.003767121583223343,0.6034763008356094,0.6026943475008011,-0.0007819533348083496,0.7028070762753487,0.6970281451940536,-0.005778931081295013,0.7318836450576782,0.7333831936120987,0.0014995485544204712,0,False,none_visible_update_and_val_only
1,RIM_ONE_r3->Drishti_GS,7,B1,0.001,0.918781653046608,0.9221952594816685,0.003413606435060501,0.6034763008356094,0.6027809120714664,-0.0006953887641429901,0.7028070762753487,0.6978468559682369,-0.00496022030711174,0.7318836450576782,0.7331328019499779,0.001249156892299652,0,False,none_visible_update_and_val_only
1,RIM_ONE_r3->Drishti_GS,7,B2,0.001,0.918781653046608,0.9223415404558182,0.003559887409210205,0.6034763008356094,0.6027419343590736,-0.0007343664765357971,0.7028070762753487,0.6978704519569874,-0.004936624318361282,0.7318836450576782,0.7331332787871361,0.0012496337294578552,0,False,none_visible_update_and_val_only
1,RIM_ONE_r3->Drishti_GS,7,B3,0.001,0.918781653046608,0.9226615987718105,0.0038799457252025604,0.6034763008356094,0.6026527099311352,-0.0008235909044742584,0.7028070762753487,0.6975844204425812,-0.005222655832767487,0.7318836450576782,0.7332210205495358,0.0013373754918575287,0,False,none_visible_update_and_val_only
1,RIM_ONE_r3->Drishti_GS,8,B0,0.001,0.918781653046608,0.9165864512324333,-0.002195201814174652,0.6034763008356094,0.6040237210690975,0.0005474202334880829,0.7028070762753487,0.7030867002904415,0.00027962401509284973,0.7318836450576782,0.7318129986524582,-7.064640522003174e-05,0,False,none_visible_update_and_val_only
1,RIM_ONE_r3->Drishti_GS,8,B1,0.001,0.918781653046608,0.919060543179512,0.00027889013290405273,0.6034763008356094,0.6033104099333286,-0.0001658909022808075,0.7028070762753487,0.7042205482721329,0.0014134719967842102,0.7318836450576782,0.7315776385366917,-0.000306006520986557,0,False,none_visible_update_and_val_only
1,RIM_ONE_r3->Drishti_GS,8,B2,0.001,0.918781653046608,0.9177841544151306,-0.000997498631477356,0.6034763008356094,0.6035576015710831,8.130073547363281e-05,0.7028070762753487,0.7067279480397701,0.003920871764421463,0.7318836450576782,0.7308922111988068,-0.00099143385887146,0,False,none_visible_update_and_val_only
1,RIM_ONE_r3->Drishti_GS,8,B3,0.001,0.918781653046608,0.919735249131918,0.0009535960853099823,0.6034763008356094,0.6031987741589546,-0.0002775266766548157,0.7028070762753487,0.702900193631649,9.3117356300354e-05,0.7318836450576782,0.7319266498088837,4.3004751205444336e-05,0,False,none_visible_update_and_val_only
1,RIM_ONE_r3->Drishti_GS,9,B0,0.001,0.918781653046608,0.9136342704296112,-0.005147382616996765,0.6034763008356094,0.6049410030245781,0.0014647021889686584,0.7028070762753487,0.7058379910886288,0.0030309148132801056,0.7318836450576782,0.7310734763741493,-0.0008101686835289001,0,False,none_visible_update_and_val_only
1,RIM_ONE_r3->Drishti_GS,9,B1,0.001,0.918781653046608,0.9179022647440434,-0.000879388302564621,0.6034763008356094,0.6039729081094265,0.0004966072738170624,0.7028070762753487,0.7004247941076756,-0.002382282167673111,0.7318836450576782,0.732446949928999,0.0005633048713207245,0,False,none_visible_update_and_val_only
1,RIM_ONE_r3->Drishti_GS,9,B2,0.001,0.918781653046608,0.9172558076679707,-0.0015258453786373138,0.6034763008356094,0.6041612364351749,0.000684935599565506,0.7028070762753487,0.7007485441863537,-0.00205853208899498,0.7318836450576782,0.7323521040380001,0.00046845898032188416,0,False,none_visible_update_and_val_only
1,RIM_ONE_r3->Drishti_GS,9,B3,0.001,0.918781653046608,0.9165085777640343,-0.0022730752825737,0.6034763008356094,0.6042890809476376,0.000812780112028122,0.7028070762753487,0.7028635442256927,5.646795034408569e-05,0.7318836450576782,0.7318227253854275,-6.091967225074768e-05,0,False,none_visible_update_and_val_only
1,RIM_ONE_r3->Drishti_GS,10,B0,0.001,0.918781653046608,0.9235067814588547,0.004725128412246704,0.6034763008356094,0.6023818142712116,-0.0010944865643978119,0.7028070762753487,0.6995823867619038,-0.0032246895134449005,0.7318836450576782,0.7327308468520641,0.00084720179438591,0,False,none_visible_update_and_val_only
1,RIM_ONE_r3->Drishti_GS,10,B1,0.001,0.918781653046608,0.9233514107763767,0.004569757729768753,0.6034763008356094,0.6024394519627094,-0.0010368488729000092,0.7028070762753487,0.7004071176052094,-0.0023999586701393127,0.7318836450576782,0.7325079292058945,0.0006242841482162476,0,False,none_visible_update_and_val_only
1,RIM_ONE_r3->Drishti_GS,10,B2,0.001,0.918781653046608,0.9233598671853542,0.004578214138746262,0.6034763008356094,0.6024383418262005,-0.0010379590094089508,0.7028070762753487,0.7003619149327278,-0.0024451613426208496,0.7318836450576782,0.7325184270739555,0.0006347820162773132,0,False,none_visible_update_and_val_only
1,RIM_ONE_r3->Drishti_GS,10,B3,0.001,0.918781653046608,0.9234990328550339,0.004717379808425903,0.6034763008356094,0.6023918092250824,-0.0010844916105270386,0.7028070762753487,0.7001584693789482,-0.0026486068964004517,0.7318836450576782,0.7325723767280579,0.0006887316703796387,0,False,none_visible_update_and_val_only
1,RIM_ONE_r3->Drishti_GS,11,B0,0.001,0.918781653046608,0.9153612107038498,-0.0034204423427581787,0.6034763008356094,0.6041393503546715,0.0006630495190620422,0.7028070762753487,0.7083103694021702,0.005503293126821518,0.7318836450576782,0.7304453067481518,-0.0014383383095264435,0,False,none_visible_update_and_val_only
1,RIM_ONE_r3->Drishti_GS,11,B1,0.001,0.918781653046608,0.9181891568005085,-0.000592496246099472,0.6034763008356094,0.6036428734660149,0.00016657263040542603,0.7028070762753487,0.7036349140107632,0.000827837735414505,0.7318836450576782,0.7315825670957565,-0.0003010779619216919,0,False,none_visible_update_and_val_only
1,RIM_ONE_r3->Drishti_GS,11,B2,0.001,0.918781653046608,0.9180615060031414,-0.000720147043466568,0.6034763008356094,0.6036669984459877,0.00019069761037826538,0.7028070762753487,0.7038176879286766,0.001010611653327942,0.7318836450576782,0.7315348088741302,-0.00034883618354797363,0,False,none_visible_update_and_val_only
1,RIM_ONE_r3->Drishti_GS,11,B3,0.001,0.918781653046608,0.9169841557741165,-0.001797497272491455,0.6034763008356094,0.6038379147648811,0.000361613929271698,0.7028070762753487,0.7061626501381397,0.0033555738627910614,0.7318836450576782,0.7309367321431637,-0.0009469129145145416,0,False,none_visible_update_and_val_only
1,RIM_ONE_r3->Drishti_GS,12,B0,0.001,0.918781653046608,0.9173133261501789,-0.0014683268964290619,0.6034763008356094,0.6035786457359791,0.00010234490036964417,0.7028070762753487,0.7095716148614883,0.006764538586139679,0.7318836450576782,0.7301761656999588,-0.0017074793577194214,0,False,none_visible_update_and_val_only
1,RIM_ONE_r3->Drishti_GS,12,B1,0.001,0.918781653046608,0.9219022169709206,0.0031205639243125916,0.6034763008356094,0.6025448106229305,-0.0009314902126789093,0.7028070762753487,0.7044748142361641,0.0016677379608154297,0.7318836450576782,0.7314970344305038,-0.00038661062717437744,0,False,none_visible_update_and_val_only
1,RIM_ONE_r3->Drishti_GS,12,B2,0.001,0.918781653046608,0.9215808250010014,0.002799171954393387,0.6034763008356094,0.6026089563965797,-0.0008673444390296936,0.7028070762753487,0.7050836272537708,0.002276550978422165,0.7318836450576782,0.7313379384577274,-0.0005457065999507904,0,False,none_visible_update_and_val_only
1,RIM_ONE_r3->Drishti_GS,12,B3,0.001,0.918781653046608,0.9208570681512356,0.0020754151046276093,0.6034763008356094,0.6027428582310677,-0.0007334426045417786,0.7028070762753487,0.7065119072794914,0.0037048310041427612,0.7318836450576782,0.7309745065867901,-0.0009091384708881378,0,False,none_visible_update_and_val_only
1,RIM_ONE_r3->Drishti_GS,13,B0,0.001,0.918781653046608,0.9159469082951546,-0.0028347447514533997,0.6034763008356094,0.6044267751276493,0.0009504742920398712,0.7028070762753487,0.6986809745430946,-0.004126101732254028,0.7318836450576782,0.7328583411872387,0.0009746961295604706,0,False,none_visible_update_and_val_only
1,RIM_ONE_r3->Drishti_GS,13,B1,0.001,0.918781653046608,0.9162334576249123,-0.0025481954216957092,0.6034763008356094,0.6043512113392353,0.0008749105036258698,0.7028070762753487,0.6996739618480206,-0.0031331144273281097,0.7318836450576782,0.7325604930520058,0.0006768479943275452,0,False,none_visible_update_and_val_only
1,RIM_ONE_r3->Drishti_GS,13,B2,0.001,0.918781653046608,0.9163867644965649,-0.002394888550043106,0.6034763008356094,0.6043456271290779,0.0008693262934684753,0.7028070762753487,0.6989850886166096,-0.00382198765873909,0.7318836450576782,0.732733428478241,0.0008497834205627441,0,False,none_visible_update_and_val_only
1,RIM_ONE_r3->Drishti_GS,13,B3,0.001,0.918781653046608,0.9161714464426041,-0.0026102066040039062,0.6034763008356094,0.6043360941112041,0.0008597932755947113,0.7028070762753487,0.6999460197985172,-0.002861056476831436,0.7318836450576782,0.7324953898787498,0.0006117448210716248,0,False,none_visible_update_and_val_only
1,RIM_ONE_r3->Drishti_GS,14,B0,0.001,0.918781653046608,0.916473601013422,-0.002308052033185959,0.6034763008356094,0.6038931608200073,0.0004168599843978882,0.7028070762753487,0.706617683172226,0.003810606896877289,0.7318836450576782,0.7309174314141273,-0.0009662136435508728,0,False,none_visible_update_and_val_only
1,RIM_ONE_r3->Drishti_GS,14,B1,0.001,0.918781653046608,0.9212061986327171,0.0024245455861091614,0.6034763008356094,0.6027541607618332,-0.0007221400737762451,0.7028070762753487,0.7046280466020107,0.0018209703266620636,0.7318836450576782,0.7314433082938194,-0.00044033676385879517,0,False,none_visible_update_and_val_only
1,RIM_ONE_r3->Drishti_GS,14,B2,0.001,0.918781653046608,0.9209879599511623,0.002206306904554367,0.6034763008356094,0.6027936860918999,-0.0006826147437095642,0.7028070762753487,0.7051239721477032,0.0023168958723545074,0.7318836450576782,0.7313043922185898,-0.0005792528390884399,0,False,none_visible_update_and_val_only
1,RIM_ONE_r3->Drishti_GS,14,B3,0.001,0.918781653046608,0.9208976030349731,0.0021159499883651733,0.6034763008356094,0.6028156206011772,-0.0006606802344322205,0.7028070762753487,0.7049595899879932,0.002152513712644577,0.7318836450576782,0.7313711233437061,-0.0005125217139720917,0,False,none_visible_update_and_val_only
1,RIM_ONE_r3->Drishti_GS,15,B0,0.001,0.918781653046608,0.9220152124762535,0.0032335594296455383,0.6034763008356094,0.6022930555045605,-0.0011832453310489655,0.7028070762753487,0.7075802534818649,0.004773177206516266,0.7318836450576782,0.7307483516633511,-0.0011352933943271637,0,False,none_visible_update_and_val_only
1,RIM_ONE_r3->Drishti_GS,15,B1,0.001,0.918781653046608,0.923100970685482,0.004319317638874054,0.6034763008356094,0.6021387130022049,-0.001337587833404541,0.7028070762753487,0.7051940895617008,0.0023870132863521576,0.7318836450576782,0.7313008941709995,-0.0005827508866786957,0,False,none_visible_update_and_val_only
1,RIM_ONE_r3->Drishti_GS,15,B2,0.001,0.918781653046608,0.9227375686168671,0.003955915570259094,0.6034763008356094,0.6021831147372723,-0.0012931860983371735,0.7028070762753487,0.7062535844743252,0.0034465081989765167,0.7318836450576782,0.7310393005609512,-0.0008443444967269897,0,False,none_visible_update_and_val_only
1,RIM_ONE_r3->Drishti_GS,15,B3,0.001,0.918781653046608,0.9228939525783062,0.004112299531698227,0.6034763008356094,0.602125458419323,-0.0013508424162864685,0.7028070762753487,0.7063858322799206,0.0035787560045719147,0.7318836450576782,0.7310305312275887,-0.0008531138300895691,0,False,none_visible_update_and_val_only
1,RIM_ONE_r3->Drishti_GS,16,B0,0.001,0.918781653046608,0.9157226532697678,-0.00305899977684021,0.6034763008356094,0.6040841639041901,0.0006078630685806274,0.7028070762753487,0.7087442614138126,0.005937185138463974,0.7318836450576782,0.7303821593523026,-0.0015014857053756714,0,False,none_visible_update_and_val_only
1,RIM_ONE_r3->Drishti_GS,16,B1,0.001,0.918781653046608,0.9166751205921173,-0.0021065324544906616,0.6034763008356094,0.603954941034317,0.00047864019870758057,0.7028070762753487,0.7059047296643257,0.0030976533889770508,0.7318836450576782,0.7310357056558132,-0.0008479394018650055,0,False,none_visible_update_and_val_only
1,RIM_ONE_r3->Drishti_GS,16,B2,0.001,0.918781653046608,0.9168025515973568,-0.001979101449251175,0.6034763008356094,0.6038963049650192,0.00042000412940979004,0.7028070762753487,0.7069710530340672,0.004163976758718491,0.7318836450576782,0.7307859137654305,-0.0010977312922477722,0,False,none_visible_update_and_val_only
1,RIM_ONE_r3->Drishti_GS,16,B3,0.001,0.918781653046608,0.9161802493035793,-0.0026014037430286407,0.6034763008356094,0.6040509827435017,0.0005746819078922272,0.7028070762753487,0.7068815566599369,0.004074480384588242,0.7318836450576782,0.730796754360199,-0.001086890697479248,0,False,none_visible_update_and_val_only
1,RIM_ONE_r3->Drishti_GS,17,B0,0.001,0.918781653046608,0.9175272658467293,-0.0012543871998786926,0.6034763008356094,0.6041596904397011,0.0006833896040916443,0.7028070762753487,0.6978074796497822,-0.0049995966255664825,0.7318836450576782,0.7330749332904816,0.0011912882328033447,0,False,none_visible_update_and_val_only
1,RIM_ONE_r3->Drishti_GS,17,B1,0.001,0.918781653046608,0.9190106615424156,0.0002290084958076477,0.6034763008356094,0.6035876385867596,0.00011133775115013123,0.7028070762753487,0.6996455602347851,-0.0031615160405635834,0.7318836450576782,0.7326074652373791,0.0007238201797008514,0,False,none_visible_update_and_val_only
1,RIM_ONE_r3->Drishti_GS,17,B2,0.001,0.918781653046608,0.9191439561545849,0.00036230310797691345,0.6034763008356094,0.6035601198673248,8.381903171539307e-05,0.7028070762753487,0.6995774768292904,-0.0032295994460582733,0.7318836450576782,0.7326266914606094,0.0007430464029312134,0,False,none_visible_update_and_val_only
1,RIM_ONE_r3->Drishti_GS,17,B3,0.001,0.918781653046608,0.9187540076673031,-2.7645379304885864e-05,0.6034763008356094,0.6037147082388401,0.00023840740323066711,0.7028070762753487,0.6989397667348385,-0.0038673095405101776,0.7318836450576782,0.7327864430844784,0.0009027980268001556,0,False,none_visible_update_and_val_only
1,RIM_ONE_r3->Drishti_GS,18,B0,0.001,0.918781653046608,0.9191914722323418,0.00040981918573379517,0.6034763008356094,0.6034002304077148,-7.607042789459229e-05,0.7028070762753487,0.7014841623604298,-0.0013229139149188995,0.7318836450576782,0.732290543615818,0.000406898558139801,0,False,none_visible_update_and_val_only
1,RIM_ONE_r3->Drishti_GS,18,B1,0.001,0.918781653046608,0.9229020960628986,0.004120443016290665,0.6034763008356094,0.6025537103414536,-0.0009225904941558838,0.7028070762753487,0.6987807229161263,-0.004026353359222412,0.7318836450576782,0.7329353429377079,0.0010516978800296783,0,False,none_visible_update_and_val_only
1,RIM_ONE_r3->Drishti_GS,18,B2,0.001,0.918781653046608,0.9230641052126884,0.004282452166080475,0.6034763008356094,0.6025089100003242,-0.0009673908352851868,0.7028070762753487,0.698607686907053,-0.0041993893682956696,0.7318836450576782,0.7329788506031036,0.001095205545425415,0,False,none_visible_update_and_val_only
1,RIM_ONE_r3->Drishti_GS,18,B3,0.001,0.918781653046608,0.922973707318306,0.004192054271697998,0.6034763008356094,0.6025566086173058,-0.0009196922183036804,0.7028070762753487,0.6983383372426033,-0.004468739032745361,0.7318836450576782,0.733059223741293,0.0011755786836147308,0,False,none_visible_update_and_val_only
1,RIM_ONE_r3->Drishti_GS,19,B0,0.001,0.918781653046608,0.9229859560728073,0.004204303026199341,0.6034763008356094,0.6025848500430584,-0.0008914507925510406,0.7028070762753487,0.698263444006443,-0.00454363226890564,0.7318836450576782,0.7331159822642803,0.0012323372066020966,0,False,none_visible_update_and_val_only
1,RIM_ONE_r3->Drishti_GS,19,B1,0.001,0.918781653046608,0.9231841452419758,0.004402492195367813,0.6034763008356094,0.6025216765701771,-0.0009546242654323578,0.7028070762753487,0.698716651648283,-0.004090424627065659,0.7318836450576782,0.7329630069434643,0.0010793618857860565,0,False,none_visible_update_and_val_only
1,RIM_ONE_r3->Drishti_GS,19,B2,0.001,0.918781653046608,0.9233017675578594,0.00452011451125145,0.6034763008356094,0.6025006920099258,-0.0009756088256835938,0.7028070762753487,0.6985297575592995,-0.004277318716049194,0.7318836450576782,0.7330171763896942,0.0011335313320159912,0,False,none_visible_update_and_val_only
1,RIM_ONE_r3->Drishti_GS,19,B3,0.001,0.918781653046608,0.9232213497161865,0.004439696669578552,0.6034763008356094,0.6025204807519913,-0.0009558200836181641,0.7028070762753487,0.6984741427004337,-0.004332933574914932,0.7318836450576782,0.7330273427069187,0.0011436976492404938,0,False,none_visible_update_and_val_only
1,RIM_ONE_r3->Drishti_GS,20,B0,0.001,0.918781653046608,0.9168849475681782,-0.0018967054784297943,0.6034763008356094,0.6043210029602051,0.0008447021245956421,0.7028070762753487,0.6970303989946842,-0.005776677280664444,0.7318836450576782,0.7332665622234344,0.0013829171657562256,0,False,none_visible_update_and_val_only
1,RIM_ONE_r3->Drishti_GS,20,B1,0.001,0.918781653046608,0.9187092259526253,-7.242709398269653e-05,0.6034763008356094,0.603839572519064,0.00036327168345451355,0.7028070762753487,0.6962149813771248,-0.006592094898223877,0.7318836450576782,0.7335030548274517,0.0016194097697734833,0,False,none_visible_update_and_val_only
1,RIM_ONE_r3->Drishti_GS,20,B2,0.001,0.918781653046608,0.9182400889694691,-0.0005415640771389008,0.6034763008356094,0.60395572707057,0.00047942623496055603,0.7028070762753487,0.6963373832404613,-0.006469693034887314,0.7318836450576782,0.7334687635302544,0.0015851184725761414,0,False,none_visible_update_and_val_only
1,RIM_ONE_r3->Drishti_GS,20,B3,0.001,0.918781653046608,0.9183812811970711,-0.00040037184953689575,0.6034763008356094,0.6039339601993561,0.00045765936374664307,0.7028070762753487,0.6964410468935966,-0.006366029381752014,0.7318836450576782,0.7334233447909355,0.0015396997332572937,0,False,none_visible_update_and_val_only
1,RIM_ONE_r3->Drishti_GS,21,B0,0.001,0.918781653046608,0.9178043641149998,-0.0009772889316082,0.6034763008356094,0.6034349240362644,-4.137679934501648e-05,0.7028070762753487,0.7087095379829407,0.0059024617075920105,0.7318836450576782,0.7304321266710758,-0.0014515183866024017,0,False,none_visible_update_and_val_only
1,RIM_ONE_r3->Drishti_GS,21,B1,0.001,0.918781653046608,0.9182608500123024,-0.0005208030343055725,0.6034763008356094,0.6033219173550606,-0.00015438348054885864,0.7028070762753487,0.7078404054045677,0.005033329129219055,0.7318836450576782,0.7306636571884155,-0.0012199878692626953,0,False,none_visible_update_and_val_only
1,RIM_ONE_r3->Drishti_GS,21,B2,0.001,0.918781653046608,0.9182541854679585,-0.0005274675786495209,0.6034763008356094,0.6033234894275665,-0.00015281140804290771,0.7028070762753487,0.7078393623232841,0.005032286047935486,0.7318836450576782,0.7306637428700924,-0.0012199021875858307,0,False,none_visible_update_and_val_only
1,RIM_ONE_r3->Drishti_GS,21,B3,0.001,0.918781653046608,0.918120451271534,-0.0006612017750740051,0.6034763008356094,0.6033569239079952,-0.00011937692761421204,0.7028070762753487,0.7082104608416557,0.005403384566307068,0.7318836450576782,0.7305649444460869,-0.0013187006115913391,0,False,none_visible_update_and_val_only
1,RIM_ONE_r3->Drishti_GS,22,B0,0.001,0.918781653046608,0.9141928069293499,-0.004588846117258072,0.6034763008356094,0.6046666540205479,0.0011903531849384308,0.7028070762753487,0.7056519240140915,0.0028448477387428284,0.7318836450576782,0.7311938032507896,-0.0006898418068885803,0,False,none_visible_update_and_val_only
1,RIM_ONE_r3->Drishti_GS,22,B1,0.001,0.918781653046608,0.9202616475522518,0.0014799945056438446,0.6034763008356094,0.6031745634973049,-0.00030173733830451965,0.7028070762753487,0.7001678943634033,-0.002639181911945343,0.7318836450576782,0.732560433447361,0.0006767883896827698,0,False,none_visible_update_and_val_only
1,RIM_ONE_r3->Drishti_GS,22,B2,0.001,0.918781653046608,0.9200539439916611,0.0012722909450531006,0.6034763008356094,0.603212658315897,-0.0002636425197124481,0.7028070762753487,0.7004189416766167,-0.0023881345987319946,0.7318836450576782,0.7324969619512558,0.0006133168935775757,0,False,none_visible_update_and_val_only
1,RIM_ONE_r3->Drishti_GS,22,B3,0.001,0.918781653046608,0.9193069189786911,0.0005252659320831299,0.6034763008356094,0.6034471094608307,-2.919137477874756e-05,0.7028070762753487,0.70065912976861,-0.0021479465067386627,0.7318836450576782,0.7324371673166752,0.0005535222589969635,0,False,none_visible_update_and_val_only
1,RIM_ONE_r3->Drishti_GS,23,B0,0.001,0.918781653046608,0.919506348669529,0.00072469562292099,0.6034763008356094,0.6030364446341991,-0.0004398562014102936,0.7028070762753487,0.7096799351274967,0.006872858852148056,0.7318836450576782,0.7301493212580681,-0.001734323799610138,0,False,none_visible_update_and_val_only
1,RIM_ONE_r3->Drishti_GS,23,B1,0.001,0.918781653046608,0.9217405058443546,0.0029588527977466583,0.6034763008356094,0.6025205440819263,-0.0009557567536830902,0.7028070762753487,0.7078077271580696,0.005000650882720947,0.7318836450576782,0.7306365184485912,-0.0012471266090869904,0,False,none_visible_update_and_val_only
1,RIM_ONE_r3->Drishti_GS,23,B2,0.001,0.918781653046608,0.9214874133467674,0.0027057603001594543,0.6034763008356094,0.6025797240436077,-0.0008965767920017242,0.7028070762753487,0.7081254608929157,0.005318384617567062,0.7318836450576782,0.7305473610758781,-0.0013362839818000793,0,False,none_visible_update_and_val_only
1,RIM_ONE_r3->Drishti_GS,23,B3,0.001,0.918781653046608,0.9214313514530659,0.002649698406457901,0.6034763008356094,0.6025872565805912,-0.0008890442550182343,0.7028070762753487,0.7081078737974167,0.005300797522068024,0.7318836450576782,0.7305680625140667,-0.0013155825436115265,0,False,none_visible_update_and_val_only
1,RIM_ONE_r3->Drishti_GS,24,B0,0.001,0.918781653046608,0.9204515665769577,0.0016699135303497314,0.6034763008356094,0.6034147553145885,-6.154552102088928e-05,0.7028070762753487,0.6968723870813847,-0.0059346891939640045,0.7318836450576782,0.7333699651062489,0.001486320048570633,0,False,none_visible_update_and_val_only
1,RIM_ONE_r3->Drishti_GS,24,B1,0.001,0.918781653046608,0.9206241481006145,0.0018424950540065765,0.6034763008356094,0.603268526494503,-0.0002077743411064148,0.7028070762753487,0.698367528617382,-0.004439547657966614,0.7318836450576782,0.7329895161092281,0.0011058710515499115,0,False,none_visible_update_and_val_only
1,RIM_ONE_r3->Drishti_GS,24,B2,0.001,0.918781653046608,0.9205372482538223,0.0017555952072143555,0.6034763008356094,0.6032942607998848,-0.0001820400357246399,0.7028070762753487,0.6983221806585789,-0.004484895616769791,0.7318836450576782,0.7330012619495392,0.001117616891860962,0,False,none_visible_update_and_val_only
1,RIM_ONE_r3->Drishti_GS,24,B3,0.001,0.918781653046608,0.9206144586205482,0.001832805573940277,0.6034763008356094,0.6033268980681896,-0.00014940276741981506,0.7028070762753487,0.6975215934216976,-0.005285482853651047,0.7318836450576782,0.7331990972161293,0.0013154521584510803,0,False,none_visible_update_and_val_only
1,RIM_ONE_r3->Drishti_GS,25,B0,0.001,0.918781653046608,0.9201406687498093,0.001359015703201294,0.6034763008356094,0.6032761782407761,-0.00020012259483337402,0.7028070762753487,0.7017826028168201,-0.0010244734585285187,0.7318836450576782,0.7321505844593048,0.0002669394016265869,0,False,none_visible_update_and_val_only
1,RIM_ONE_r3->Drishti_GS,25,B1,0.001,0.918781653046608,0.9221669025719166,0.003385249525308609,0.6034763008356094,0.6027490682899952,-0.0007272325456142426,0.7028070762753487,0.6996786072850227,-0.0031284689903259277,0.7318836450576782,0.7326857820153236,0.0008021369576454163,0,False,none_visible_update_and_val_only
1,RIM_ONE_r3->Drishti_GS,25,B2,0.001,0.918781653046608,0.9221077188849449,0.0033260658383369446,0.6034763008356094,0.6027609072625637,-0.0007153935730457306,0.7028070762753487,0.6998573616147041,-0.0029497146606445312,0.7318836450576782,0.7326368391513824,0.0007531940937042236,0,False,none_visible_update_and_val_only
1,RIM_ONE_r3->Drishti_GS,25,B3,0.001,0.918781653046608,0.9218457713723183,0.0030641183257102966,0.6034763008356094,0.602845061570406,-0.000631239265203476,0.7028070762753487,0.7002535089850426,-0.0025535672903060913,0.7318836450576782,0.7325396724045277,0.0006560273468494415,0,False,none_visible_update_and_val_only
1,RIM_ONE_r3->Drishti_GS,26,B0,0.001,0.918781653046608,0.922151479870081,0.0033698268234729767,0.6034763008356094,0.6026049293577671,-0.0008713714778423309,0.7028070762753487,0.702014833688736,-0.0007922425866127014,0.7318836450576782,0.7322383895516396,0.00035474449396133423,0,False,none_visible_update_and_val_only
1,RIM_ONE_r3->Drishti_GS,26,B1,0.001,0.918781653046608,0.9180385731160641,-0.0007430799305438995,0.6034763008356094,0.603549163788557,7.286295294761658e-05,0.7028070762753487,0.7062445804476738,0.0034375041723251343,0.7318836450576782,0.730953760445118,-0.0009298846125602722,0,False,none_visible_update_and_val_only
1,RIM_ONE_r3->Drishti_GS,26,B2,0.001,0.918781653046608,0.9184394478797913,-0.0003422051668167114,0.6034763008356094,0.603432510048151,-4.37907874584198e-05,0.7028070762753487,0.7064769826829433,0.003669906407594681,0.7318836450576782,0.7309069819748402,-0.0009766630828380585,0,False,none_visible_update_and_val_only
1,RIM_ONE_r3->Drishti_GS,26,B3,0.001,0.918781653046608,0.920065950602293,0.0012842975556850433,0.6034763008356094,0.603050958365202,-0.00042534247040748596,0.7028070762753487,0.7052026279270649,0.0023955516517162323,0.7318836450576782,0.7312801443040371,-0.0006035007536411285,0,False,none_visible_update_and_val_only
1,RIM_ONE_r3->Drishti_GS,27,B0,0.001,0.918781653046608,0.9155251942574978,-0.0032564587891101837,0.6034763008356094,0.6042382158339024,0.000761914998292923,0.7028070762753487,0.708719652146101,0.005912575870752335,0.7318836450576782,0.7304480820894241,-0.0014355629682540894,0,False,none_visible_update_and_val_only
1,RIM_ONE_r3->Drishti_GS,27,B1,0.001,0.918781653046608,0.9206274263560772,0.001845773309469223,0.6034763008356094,0.6030273474752903,-0.0004489533603191376,0.7028070762753487,0.704501386731863,0.0016943104565143585,0.7318836450576782,0.7315323650836945,-0.00035127997398376465,0,False,none_visible_update_and_val_only
1,RIM_ONE_r3->Drishti_GS,27,B2,0.001,0.918781653046608,0.9204719364643097,0.0016902834177017212,0.6034763008356094,0.6030574068427086,-0.0004188939929008484,0.7028070762753487,0.7048166505992413,0.0020095743238925934,0.7318836450576782,0.7314518764615059,-0.00043176859617233276,0,False,none_visible_update_and_val_only
1,RIM_ONE_r3->Drishti_GS,27,B3,0.001,0.918781653046608,0.9190743491053581,0.0002926960587501526,0.6034763008356094,0.6032989248633385,-0.00017737597227096558,0.7028070762753487,0.7077376283705235,0.004930552095174789,0.7318836450576782,0.7307136468589306,-0.0011699981987476349,0,False,none_visible_update_and_val_only
1,RIM_ONE_r3->Drishti_GS,28,B0,0.001,0.918781653046608,0.9143499806523323,-0.004431672394275665,0.6034763008356094,0.6047718189656734,0.0012955181300640106,0.7028070762753487,0.7031191997230053,0.00031212344765663147,0.7318836450576782,0.7317907065153122,-9.293854236602783e-05,0,False,none_visible_update_and_val_only
1,RIM_ONE_r3->Drishti_GS,28,B1,0.001,0.918781653046608,0.9179238826036453,-0.0008577704429626465,0.6034763008356094,0.6038916260004044,0.0004153251647949219,0.7028070762753487,0.7012158073484898,-0.001591268926858902,0.7318836450576782,0.7322602458298206,0.0003766007721424103,0,False,none_visible_update_and_val_only
1,RIM_ONE_r3->Drishti_GS,28,B2,0.001,0.918781653046608,0.9176834374666214,-0.0010982155799865723,0.6034763008356094,0.6039382629096508,0.0004619620740413666,0.7028070762753487,0.7015484236180782,-0.0012586526572704315,0.7318836450576782,0.7321759760379791,0.0002923309803009033,0,False,none_visible_update_and_val_only
1,RIM_ONE_r3->Drishti_GS,28,B3,0.001,0.918781653046608,0.9170553125441074,-0.001726340502500534,0.6034763008356094,0.6041261702775955,0.000649869441986084,0.7028070762753487,0.7014855816960335,-0.0013214945793151855,0.7318836450576782,0.7321894466876984,0.0003058016300201416,0,False,none_visible_update_and_val_only
1,RIM_ONE_r3->Drishti_GS,29,B0,0.001,0.918781653046608,0.9168562330305576,-0.0019254200160503387,0.6034763008356094,0.6041652001440525,0.0006888993084430695,0.7028070762753487,0.701044961810112,-0.0017621144652366638,0.7318836450576782,0.7322296053171158,0.00034596025943756104,0,False,none_visible_update_and_val_only
1,RIM_ONE_r3->Drishti_GS,29,B1,0.001,0.918781653046608,0.9183740243315697,-0.00040762871503829956,0.6034763008356094,0.6037368327379227,0.0002605319023132324,0.7028070762753487,0.7014642097055912,-0.0013428665697574615,0.7318836450576782,0.7320795841515064,0.0001959390938282013,0,False,none_visible_update_and_val_only
1,RIM_ONE_r3->Drishti_GS,29,B2,0.001,0.918781653046608,0.9185948893427849,-0.0001867637038230896,0.6034763008356094,0.6037111170589924,0.00023481622338294983,0.7028070762753487,0.7009243965148926,-0.0018826797604560852,0.7318836450576782,0.732217438519001,0.0003337934613227844,0,False,none_visible_update_and_val_only
1,RIM_ONE_r3->Drishti_GS,29,B3,0.001,0.918781653046608,0.9180518947541714,-0.0007297582924365997,0.6034763008356094,0.6038099639117718,0.00033366307616233826,0.7028070762753487,0.7016882076859474,-0.0011188685894012451,0.7318836450576782,0.7320321723818779,0.00014852732419967651,0,False,none_visible_update_and_val_only
1,RIM_ONE_r3->Drishti_GS,30,B0,0.001,0.918781653046608,0.9158671908080578,-0.002914462238550186,0.6034763008356094,0.604170348495245,0.0006940476596355438,0.7028070762753487,0.7084613293409348,0.00565425306558609,0.7318836450576782,0.7303228378295898,-0.001560807228088379,0,False,none_visible_update_and_val_only
1,RIM_ONE_r3->Drishti_GS,30,B1,0.001,0.918781653046608,0.9187980033457279,1.635029911994934e-05,0.6034763008356094,0.6035702265799046,9.392574429512024e-05,0.7028070762753487,0.7041158303618431,0.0013087540864944458,0.7318836450576782,0.7314110174775124,-0.00047262758016586304,0,False,none_visible_update_and_val_only
1,RIM_ONE_r3->Drishti_GS,30,B2,0.001,0.918781653046608,0.9186817519366741,-9.990110993385315e-05,0.6034763008356094,0.6035963073372841,0.0001200065016746521,0.7028070762753487,0.704251803457737,0.0014447271823883057,0.7318836450576782,0.7313752248883247,-0.0005084201693534851,0,False,none_visible_update_and_val_only
1,RIM_ONE_r3->Drishti_GS,30,B3,0.001,0.918781653046608,0.9175047650933266,-0.0012768879532814026,0.6034763008356094,0.6038400530815125,0.00036375224590301514,0.7028070762753487,0.7062424384057522,0.0034353621304035187,0.7318836450576782,0.7308621928095818,-0.001021452248096466,0,False,none_visible_update_and_val_only
1,RIM_ONE_r3->Drishti_GS,31,B0,0.001,0.918781653046608,0.9181127212941647,-0.0006689317524433136,0.6034763008356094,0.6037722155451775,0.0002959147095680237,0.7028070762753487,0.7004587724804878,-0.00234830379486084,0.7318836450576782,0.7324855327606201,0.0006018877029418945,0,False,none_visible_update_and_val_only
1,RIM_ONE_r3->Drishti_GS,31,B1,0.001,0.918781653046608,0.9193471223115921,0.0005654692649841309,0.6034763008356094,0.6033621728420258,-0.0001141279935836792,0.7028070762753487,0.7019868604838848,-0.0008202157914638519,0.7318836450576782,0.7320508621633053,0.00016721710562705994,0,False,none_visible_update_and_val_only
1,RIM_ONE_r3->Drishti_GS,31,B2,0.001,0.918781653046608,0.9193879514932632,0.0006062984466552734,0.6034763008356094,0.6033602878451347,-0.00011601299047470093,0.7028070762753487,0.7018900997936726,-0.0009169764816761017,0.7318836450576782,0.7320800125598907,0.00019636750221252441,0,False,none_visible_update_and_val_only
1,RIM_ONE_r3->Drishti_GS,31,B3,0.001,0.918781653046608,0.9193577133119106,0.0005760602653026581,0.6034763008356094,0.6033818237483501,-9.44770872592926e-05,0.7028070762753487,0.7015147060155869,-0.0012923702597618103,0.7318836450576782,0.7321786880493164,0.0002950429916381836,0,False,none_visible_update_and_val_only
