batch_id,unit_id,supported_FG_mode_indices,P2_worst_previous_mode_delta,P4_worst_previous_mode_delta,improvement,max_new_mode_worsening
B0/seed0/stage1/RIM_ONE_r3/pair00,seed0_stage1,"[2, 3, 4, 5]",0.005910588466386368,0.007392750477177579,-0.0014821620107912103,0.02740625075028902
B0/seed0/stage1/RIM_ONE_r3/pair01,seed0_stage1,"[2, 3, 4, 5]",-0.016886716137017643,-0.019349355207340047,0.0024626390703224033,-0.0014581375160882537
B0/seed0/stage1/RIM_ONE_r3/pair02,seed0_stage1,"[2, 3, 4, 5]",-0.008194859800238596,-0.005599018737456163,-0.0025958410627824335,0.004356108829171035
B0/seed0/stage1/RIM_ONE_r3/pair03,seed0_stage1,"[2, 3, 4, 5]",-0.003073827242685123,-0.004984879885267635,0.0019110526425825114,0.003914032558917535
B0/seed0/stage1/RIM_ONE_r3/pair04,seed0_stage1,"[2, 3, 4, 5]",0.00786617317594196,0.01399152493342859,-0.00612535175748663,0.010191772978281222
B0/seed0/stage1/RIM_ONE_r3/pair05,seed0_stage1,"[2, 3, 4, 5]",-0.013451521250396947,-0.014523652484644156,0.001072131234247209,0.009411954268001788
B0/seed0/stage1/RIM_ONE_r3/pair06,seed0_stage1,"[2, 3, 4, 5]",0.002299720395634086,0.005008020780729705,-0.002708300385095619,0.03654474889197701
B0/seed0/stage1/RIM_ONE_r3/pair07,seed0_stage1,"[2, 3, 4, 5]",-0.0026807683279463923,-0.0024521067469644997,-0.0002286615809818926,0.0002286615809818926
B0/seed0/stage2/Drishti_GS/pair00,seed0_stage2,"[2, 3, 4, 5]",0.004079331295679722,0.004260439701914143,-0.00018110840623442037,0.0015821585749181688
B0/seed0/stage2/Drishti_GS/pair01,seed0_stage2,"[2, 3, 4, 5]",0.015111226813326883,0.013644740693465662,0.0014664861198612211,0.0016803643158458392
B0/seed0/stage2/Drishti_GS/pair02,seed0_stage2,"[2, 3, 4, 5]",-4.475683229990257e-06,-7.054841811657275e-05,6.60727348865825e-05,-6.60727348865825e-05
B0/seed0/stage2/Drishti_GS/pair03,seed0_stage2,"[2, 3, 4, 5]",0.004553570483361025,0.0053264948733589,-0.0007729243899978755,0.0035378317625724964
B0/seed0/stage2/Drishti_GS/pair04,seed0_stage2,"[2, 3, 4, 5]",0.009657418561211717,0.005199870390703243,0.004457548170508474,0.0019663682448080033
B0/seed0/stage2/Drishti_GS/pair05,seed0_stage2,"[2, 3, 4, 5]",0.00022738679412340201,0.00021045589404372622,1.6930900079675792e-05,0.0011274772741702854
B0/seed0/stage2/Drishti_GS/pair06,seed0_stage2,"[2, 3, 4, 5]",0.008419450534118633,0.004073835387314428,0.004345615146804205,0.0009799543007488198
B0/seed0/stage2/Drishti_GS/pair07,seed0_stage2,"[2, 3, 4, 5]",0.006994891242928292,0.008498686834491398,-0.0015037955915631063,0.0015831269242514434
B0/seed1/stage1/RIM_ONE_r3/pair00,seed1_stage1,"[2, 3, 4, 5]",0.02754203665773569,0.028269345347072594,-0.000727308689336903,0.005023063423527763
B0/seed1/stage1/RIM_ONE_r3/pair01,seed1_stage1,"[2, 3, 4, 5]",0.03215713094553485,0.031048976068045908,0.0011081548774889427,0.00344335809055063
B0/seed1/stage1/RIM_ONE_r3/pair02,seed1_stage1,"[2, 3, 4, 5]",0.028585481943849578,0.028151821849206282,0.0004336600946432956,0.0060107846185664116
B0/seed1/stage1/RIM_ONE_r3/pair03,seed1_stage1,"[2, 3, 4, 5]",0.019387100191599282,0.018977600994268595,0.0004094991973306872,0.0010771592978626732
B0/seed1/stage1/RIM_ONE_r3/pair04,seed1_stage1,"[2, 3, 4, 5]",0.02863204372505823,0.02587865212598639,0.0027533915990718416,0.005277020737711524
B0/seed1/stage1/RIM_ONE_r3/pair05,seed1_stage1,"[2, 3, 4, 5]",0.02949040648471324,0.02921791325725187,0.00027249322746136784,0.009282803314416777
B0/seed1/stage1/RIM_ONE_r3/pair06,seed1_stage1,"[2, 3, 4, 5]",0.03164761948672945,0.030979082288400628,0.0006685371983288224,0.0023609360224032816
B0/seed1/stage1/RIM_ONE_r3/pair07,seed1_stage1,"[2, 3, 4, 5]",0.023599407522786997,0.021096961981445617,0.0025024455413413804,0.0033947313598088336
B0/seed1/stage2/Drishti_GS/pair00,seed1_stage2,"[2, 3, 4, 5]",0.02525058565269145,0.015813847496128908,0.00943673815656254,0.0023144734297627367
B0/seed1/stage2/Drishti_GS/pair01,seed1_stage2,"[2, 3, 4, 5]",0.01147059000473405,0.01065965586500539,0.0008109341397286585,0.0019424222130894897
B0/seed1/stage2/Drishti_GS/pair02,seed1_stage2,"[2, 3, 4, 5]",0.0005038378257866682,0.005159836889544245,-0.0046559990637575766,0.0046559990637575766
B0/seed1/stage2/Drishti_GS/pair03,seed1_stage2,"[2, 3, 4, 5]",0.022857290972581712,0.012633366351434638,0.010223924621147074,0.002390789908251395
B0/seed1/stage2/Drishti_GS/pair04,seed1_stage2,"[2, 3, 4, 5]",0.023980846452587024,0.014363398170317954,0.00961744828226907,0.001989209460968311
B0/seed1/stage2/Drishti_GS/pair05,seed1_stage2,"[2, 3, 4, 5]",0.007930282952059997,0.006559646389293405,0.0013706365627665917,0.002392102727267975
B0/seed1/stage2/Drishti_GS/pair06,seed1_stage2,"[2, 3, 4, 5]",0.011394660437533677,0.00622511612649479,0.005169544311038887,0.0008968346453728238
B0/seed1/stage2/Drishti_GS/pair07,seed1_stage2,"[2, 3, 4, 5]",0.026260733047709817,0.016701665686538192,0.009559067361171625,0.0019870439122327
B0/seed2/stage1/RIM_ONE_r3/pair00,seed2_stage1,"[2, 3, 4, 5]",0.01875160196922998,0.01754582744815103,0.0012057745210789506,-0.00011432670261246614
B0/seed2/stage1/RIM_ONE_r3/pair01,seed2_stage1,"[2, 3, 4, 5]",0.01406860578236202,0.014313684153552941,-0.000245078371190921,0.000245078371190921
B0/seed2/stage1/RIM_ONE_r3/pair02,seed2_stage1,"[2, 3, 4, 5]",0.012437345615548878,0.010917925220152114,0.0015194203953967644,-0.0008604763495778656
B0/seed2/stage1/RIM_ONE_r3/pair03,seed2_stage1,"[2, 3, 4, 5]",0.007844169313202087,0.008068070695253837,-0.00022390138205174992,0.00022390138205174992
B0/seed2/stage1/RIM_ONE_r3/pair04,seed2_stage1,"[2, 3, 4, 5]",-0.0032445068766291385,-0.0013478099304169433,-0.0018966969462121952,0.0022035180413793043
B0/seed2/stage1/RIM_ONE_r3/pair05,seed2_stage1,"[2, 3, 4, 5]",-0.009259412229546626,-0.010831231840845668,0.0015718196112990412,-0.001518651877021604
B0/seed2/stage1/RIM_ONE_r3/pair06,seed2_stage1,"[2, 3, 4, 5]",0.03232349686055702,0.031292311757496805,0.001031185103060217,0.00037723981774018256
B0/seed2/stage1/RIM_ONE_r3/pair07,seed2_stage1,"[2, 3, 4, 5]",0.0034710669121924553,0.0011406445576822577,0.0023304223545101976,-5.78907959809527e-05
B0/seed2/stage2/Drishti_GS/pair00,seed2_stage2,"[2, 3, 4, 5]",0.0021166365112017527,0.003110586374979629,-0.0009939498637778765,0.0014405929373770832
B0/seed2/stage2/Drishti_GS/pair01,seed2_stage2,"[2, 3, 4, 5]",0.0036434091616648345,0.004606530268387532,-0.0009631211067226975,0.0010924264800886707
B0/seed2/stage2/Drishti_GS/pair02,seed2_stage2,"[2, 3, 4, 5]",0.003658150214009448,0.003956654870588383,-0.0002985046565789351,0.0002985046565789351
B0/seed2/stage2/Drishti_GS/pair03,seed2_stage2,"[2, 3, 4, 5]",0.010498721750932472,0.01066575848326723,-0.0001670367323347577,0.0001670367323347577
B0/seed2/stage2/Drishti_GS/pair04,seed2_stage2,"[2, 3, 4, 5]",0.004228617248743405,0.004128585541884278,0.00010003170685912721,1.3800857993059856e-05
B0/seed2/stage2/Drishti_GS/pair05,seed2_stage2,"[2, 3, 4, 5]",0.010161929534486802,0.010349787765342011,-0.00018785823085520903,0.00018785823085520903
B0/seed2/stage2/Drishti_GS/pair06,seed2_stage2,"[2, 3, 4, 5]",0.001436540684778831,0.0014415657347305877,-5.025049951756788e-06,5.728778739298723e-06
B0/seed2/stage2/Drishti_GS/pair07,seed2_stage2,"[2, 3, 4, 5]",0.0035587265307374105,0.003502705296539621,5.602123419778948e-05,0.0002153157690143459
