unit_id,seed,stage_index,KD_active,UID_serialization,UID_sha256,active_class_pixels,active_pixels,case_count,center_active,center_norm,class_id,coordinate_sha256,finite,fit_converged,fit_iterations,mode,mode_index,null_UID_sha256,null_count,null_rule_pass,occupancy,old_correct_pixels,prototype,sampled_UID_sha256
seed0_stage1,0,1,True,"ordered case/class/count JSON prefix then row-major little-endian int32 y,x pairs",f19c485a91fa09abdf3aa14e0575eb56e820e5376ce42dcc370091d2d1cf457b,2135357,1088216,16,True,1.0,0,33b49c3a56deab58dd74ab532f1adfefe2491a475ea6b322dbfc46ff67f6459c,True,True,11,0,0,63f7d36be9cbd6dbf5bc9634268c016e8efaf6f17a8a61fb95621ab86bf08574,0,True,0.5096178297118468,1053535,"{""coordinate_json_sha256"": ""2ee0236e226dea99a183c1c890937f9995e243a68b4e8795e6cdf186de567d49"", ""hash_encoding"": ""SHA256 of canonical compact JSON coordinate array"", ""private_coordinates"": true, ""source_file"": ""/data_nas/jiangsuiyang/LCR-Seg/SSL_CL_seg/pmgc_v0_1_feasibility_20260831/audit_formal/pmgc_mode_support.csv"", ""source_location"": ""data_row=1;column=prototype""}",9269dfce388869fb52d0b75f782c16d74a49c77dd8febe8a45c64d670f71dffc
seed0_stage1,0,1,True,"ordered case/class/count JSON prefix then row-major little-endian int32 y,x pairs",fbc66fb7bc3132a479b53130b778f87d69cf49707e355447eaa40e2de942a8bf,2135357,1047141,16,True,1.0,0,845bd25dee03b8e8e5602a20e07fd0b09c7274e686d0336041d9f1257cb5268c,True,True,11,1,1,63f7d36be9cbd6dbf5bc9634268c016e8efaf6f17a8a61fb95621ab86bf08574,0,True,0.49038217028815323,990719,"{""coordinate_json_sha256"": ""b020b1d18a7c181e273af1b274199b6638ffcc12ffeba189662c96059ffc0d0f"", ""hash_encoding"": ""SHA256 of canonical compact JSON coordinate array"", ""private_coordinates"": true, ""source_file"": ""/data_nas/jiangsuiyang/LCR-Seg/SSL_CL_seg/pmgc_v0_1_feasibility_20260831/audit_formal/pmgc_mode_support.csv"", ""source_location"": ""data_row=2;column=prototype""}",9269dfce388869fb52d0b75f782c16d74a49c77dd8febe8a45c64d670f71dffc
seed0_stage1,0,1,True,"ordered case/class/count JSON prefix then row-major little-endian int32 y,x pairs",9506ffb0cc42b000fa8a9b16f3a40f7364ae9c7a8485da245dd834bfa73ae6cc,180281,32718,16,True,0.9999999999999999,1,b44b44e0766f37b8386ad696ac7c9cfd25bac911b8af84416d7d6ac0678326b7,True,True,15,0,2,0fcdf2bfeb690a3aa6ead4fd08be03ba54ac81386e4e43efc83db146b88cc230,0,True,0.181483350990953,8075,"{""coordinate_json_sha256"": ""0a173b69dfd28a2454b9bb68aafdd660c89e7391846f66c70f835dbee2e05b13"", ""hash_encoding"": ""SHA256 of canonical compact JSON coordinate array"", ""private_coordinates"": true, ""source_file"": ""/data_nas/jiangsuiyang/LCR-Seg/SSL_CL_seg/pmgc_v0_1_feasibility_20260831/audit_formal/pmgc_mode_support.csv"", ""source_location"": ""data_row=3;column=prototype""}",829313c88a1d49aaa738ca0168891897b010f3514974e37ab8fb0b5ac244f5c8
seed0_stage1,0,1,True,"ordered case/class/count JSON prefix then row-major little-endian int32 y,x pairs",495321ad3692e6598cbf4162012c66d48d2bf6d1c78b3d69a5715dc3a6dfa2e6,180281,147563,16,True,1.0,1,105eb3a72d139aaa7e8ce5c877a3660e4f53f60e2aa7aa762b3061428763e3b1,True,True,15,1,3,0fcdf2bfeb690a3aa6ead4fd08be03ba54ac81386e4e43efc83db146b88cc230,0,True,0.818516649009047,66736,"{""coordinate_json_sha256"": ""04fef0c627630eeef8e95a738997f9b2fed9b4a7f79104c800265d176c4836f1"", ""hash_encoding"": ""SHA256 of canonical compact JSON coordinate array"", ""private_coordinates"": true, ""source_file"": ""/data_nas/jiangsuiyang/LCR-Seg/SSL_CL_seg/pmgc_v0_1_feasibility_20260831/audit_formal/pmgc_mode_support.csv"", ""source_location"": ""data_row=4;column=prototype""}",829313c88a1d49aaa738ca0168891897b010f3514974e37ab8fb0b5ac244f5c8
seed0_stage1,0,1,True,"ordered case/class/count JSON prefix then row-major little-endian int32 y,x pairs",a40f26b677822e0ddf361b869f7fb62c70526f97e57540903b146b5dc8c608f2,43658,17467,16,True,0.9999999999999998,2,dabf6b1a57b43781c9c384c6c1d657986cf7e24a0626bc179c37081cfe0f6a94,True,True,29,0,4,5d1d887e50ac0ea501cd6c3a62bd11d0963e25e7645b6653bc65684e462707dd,0,True,0.4000870401759128,7011,"{""coordinate_json_sha256"": ""d6c9de51e952d0dcb5700d1a0b4583fe7c1c7b34b534e9925c3691e5a4d114f5"", ""hash_encoding"": ""SHA256 of canonical compact JSON coordinate array"", ""private_coordinates"": true, ""source_file"": ""/data_nas/jiangsuiyang/LCR-Seg/SSL_CL_seg/pmgc_v0_1_feasibility_20260831/audit_formal/pmgc_mode_support.csv"", ""source_location"": ""data_row=5;column=prototype""}",a1ff5405ab5d99a2d4751b8c452586fd6b92725207e10350304027904bf7d3ac
seed0_stage1,0,1,True,"ordered case/class/count JSON prefix then row-major little-endian int32 y,x pairs",78aaea4c86294f1e94068d836562f4f2e6b2c38b43d838940f2571c48ebc36af,43658,26191,16,True,1.0,2,347b33566bbe12f9bc587fa06b25424d5d2cbaec95a0205202a7bade06d7cce1,True,True,29,1,5,5d1d887e50ac0ea501cd6c3a62bd11d0963e25e7645b6653bc65684e462707dd,0,True,0.5999129598240872,8239,"{""coordinate_json_sha256"": ""a16ff127bbaa893015a6705bd9adb660d6a8525cb83393ef8c8fcd57c0fc609d"", ""hash_encoding"": ""SHA256 of canonical compact JSON coordinate array"", ""private_coordinates"": true, ""source_file"": ""/data_nas/jiangsuiyang/LCR-Seg/SSL_CL_seg/pmgc_v0_1_feasibility_20260831/audit_formal/pmgc_mode_support.csv"", ""source_location"": ""data_row=6;column=prototype""}",a1ff5405ab5d99a2d4751b8c452586fd6b92725207e10350304027904bf7d3ac
seed0_stage2,0,2,True,"ordered case/class/count JSON prefix then row-major little-endian int32 y,x pairs",2baab5983231b6108d5c43d5ff1de540c5a6f1e31cb979ecd3c5d24d284731de,1239796,658262,10,True,1.0,0,cf9d3f0d6e459771ccb5cfadb7736cb58eb0d2080c9704c1678032806ae40b0b,True,True,9,0,0,168736b911849829ffe67e65fbaf1cf311914a2b9930bb4267c34a6b4b5bf60a,0,True,0.5309438004316839,655930,"{""coordinate_json_sha256"": ""d3ae0793f561f50056cfec265bcd2c8c5bfe54572b1100433e2d84f4200ce38a"", ""hash_encoding"": ""SHA256 of canonical compact JSON coordinate array"", ""private_coordinates"": true, ""source_file"": ""/data_nas/jiangsuiyang/LCR-Seg/SSL_CL_seg/pmgc_v0_1_feasibility_20260831/audit_formal/pmgc_mode_support.csv"", ""source_location"": ""data_row=7;column=prototype""}",0a7bd7e4ad1ce5db4d44accf6331f17695aaf998b947c7d13b2e1609a9824316
seed0_stage2,0,2,True,"ordered case/class/count JSON prefix then row-major little-endian int32 y,x pairs",aee6b78fe8851a64f066ec422bfe195717bf09816ee8b5e929941112304ad9d5,1239796,581534,10,True,1.0,0,fc1f97bda66c0f7c9625ea9a024a5a248913848ab0199870f63b2765c2778c24,True,True,9,1,1,168736b911849829ffe67e65fbaf1cf311914a2b9930bb4267c34a6b4b5bf60a,0,True,0.46905619956831607,581496,"{""coordinate_json_sha256"": ""55398af3e85caaba6094d83769ff6966f12084e5fceab520f91d795d6c68e63b"", ""hash_encoding"": ""SHA256 of canonical compact JSON coordinate array"", ""private_coordinates"": true, ""source_file"": ""/data_nas/jiangsuiyang/LCR-Seg/SSL_CL_seg/pmgc_v0_1_feasibility_20260831/audit_formal/pmgc_mode_support.csv"", ""source_location"": ""data_row=8;column=prototype""}",0a7bd7e4ad1ce5db4d44accf6331f17695aaf998b947c7d13b2e1609a9824316
seed0_stage2,0,2,True,"ordered case/class/count JSON prefix then row-major little-endian int32 y,x pairs",2831b31c5e2f40ac1e9d738d3e366e6afd56e41e06d9e823178ee5ce2cdca66a,136368,42820,10,True,1.0,1,d61ecbf264f3145227db5ef8fb296bc8188d7527f1775bdfd4981a2bd3c8edae,True,True,17,0,2,4023aa14d83a7f55c2375f74e6ede3fd4ea1fb3d1f7b76f33c0e9d6ebee076f8,0,True,0.31400328522820603,41,"{""coordinate_json_sha256"": ""17dfcb66e1e907ec9413690335155305436fe7592a8411951ea63f08f1ee695f"", ""hash_encoding"": ""SHA256 of canonical compact JSON coordinate array"", ""private_coordinates"": true, ""source_file"": ""/data_nas/jiangsuiyang/LCR-Seg/SSL_CL_seg/pmgc_v0_1_feasibility_20260831/audit_formal/pmgc_mode_support.csv"", ""source_location"": ""data_row=9;column=prototype""}",54dfb72f6cb21b2b4bb82036e5293c8e8ecccb59dc8a9dc35bfd4b24af4696af
seed0_stage2,0,2,True,"ordered case/class/count JSON prefix then row-major little-endian int32 y,x pairs",39c30b73309df48bd9e1288c0769c86d3a92b1825e7ced6819a4bad462308223,136368,93548,10,True,0.9999999999999999,1,94c965dc154ce7c215dc1f25f9b4cda39954279280a42f302da0f0bd1dec3ca5,True,True,17,1,3,4023aa14d83a7f55c2375f74e6ede3fd4ea1fb3d1f7b76f33c0e9d6ebee076f8,0,True,0.6859967147717939,4219,"{""coordinate_json_sha256"": ""2f6531c18a1697fbb7b4eb6435ef3f6ce801632fe27a20375983d00f152b47a7"", ""hash_encoding"": ""SHA256 of canonical compact JSON coordinate array"", ""private_coordinates"": true, ""source_file"": ""/data_nas/jiangsuiyang/LCR-Seg/SSL_CL_seg/pmgc_v0_1_feasibility_20260831/audit_formal/pmgc_mode_support.csv"", ""source_location"": ""data_row=10;column=prototype""}",54dfb72f6cb21b2b4bb82036e5293c8e8ecccb59dc8a9dc35bfd4b24af4696af
seed0_stage2,0,2,True,"ordered case/class/count JSON prefix then row-major little-endian int32 y,x pairs",8c0f7a7ebaeefa0479e6d624c66bd15c804514701e3afe72d1ca7599c2c48780,98396,50294,10,True,1.0,2,430bbe6190b13547500615fe116c6a41218105426b8ccd66efa4f8af69511ff0,True,True,30,0,4,944928a06e3e55b0d6f85d9e3b7668efdb409cb4b556ed5da81cf429be21f405,0,True,0.5111386641733404,9179,"{""coordinate_json_sha256"": ""e29843dea7417f605be9692144a4c2b2c38d7f154af48756a05f9b5958da4eab"", ""hash_encoding"": ""SHA256 of canonical compact JSON coordinate array"", ""private_coordinates"": true, ""source_file"": ""/data_nas/jiangsuiyang/LCR-Seg/SSL_CL_seg/pmgc_v0_1_feasibility_20260831/audit_formal/pmgc_mode_support.csv"", ""source_location"": ""data_row=11;column=prototype""}",15cc3b862774dc39a03e935fc809de01c5b381059e076c5c8048085dce9e83ec
seed0_stage2,0,2,False,"ordered case/class/count JSON prefix then row-major little-endian int32 y,x pairs",1d42195f8e34524849edbf46ab4f56d4c53c97bc66d3b7d89f20828c0354331c,98396,48102,10,True,1.0,2,49e827fd1a4de58ff8351274775f773b6ba2436e73ccc2dd790c667ca48f374b,True,True,30,1,5,944928a06e3e55b0d6f85d9e3b7668efdb409cb4b556ed5da81cf429be21f405,0,True,0.48886133582665964,9,"{""coordinate_json_sha256"": ""1a0daa478494c1cfc55fce4198f20a16102c8be0c086358f2e50001e14175a0c"", ""hash_encoding"": ""SHA256 of canonical compact JSON coordinate array"", ""private_coordinates"": true, ""source_file"": ""/data_nas/jiangsuiyang/LCR-Seg/SSL_CL_seg/pmgc_v0_1_feasibility_20260831/audit_formal/pmgc_mode_support.csv"", ""source_location"": ""data_row=12;column=prototype""}",15cc3b862774dc39a03e935fc809de01c5b381059e076c5c8048085dce9e83ec
seed1_stage1,1,1,True,"ordered case/class/count JSON prefix then row-major little-endian int32 y,x pairs",97baacc2defe477bf8dc75399a88b9c74d3f2dff595b46fc328cbe231b97b6ce,2131759,925135,16,True,1.0,0,4ec86c6a7115b1b1dc7f704dd2b9ff58e9fdedfd481fae381c084bbeb8484848,True,True,17,0,0,22400403eebbebc524ccc928e82d3fd50ea311a300f5d772d14bbf8913f071bc,0,True,0.4339772929303922,855645,"{""coordinate_json_sha256"": ""e5bb10c5e5f2aeacfb67338b018945433e746731e19031c30146d3e3eab436b0"", ""hash_encoding"": ""SHA256 of canonical compact JSON coordinate array"", ""private_coordinates"": true, ""source_file"": ""/data_nas/jiangsuiyang/LCR-Seg/SSL_CL_seg/pmgc_v0_1_feasibility_20260831/audit_formal/pmgc_mode_support.csv"", ""source_location"": ""data_row=13;column=prototype""}",d6e70b7e308ccf697a28a22b33eb95afbd87a99e0b0f1304f24564608e5d0b2e
seed1_stage1,1,1,True,"ordered case/class/count JSON prefix then row-major little-endian int32 y,x pairs",8ba1c6c4c12103b76b68ad7de1ac15acf7d2e65072bb180ea8fc8345861e18bf,2131759,1206624,16,True,1.0,0,06fce0a68dee134aa479b46bbcd95181453042dbf3bca52bd565d68cdf99c17c,True,True,17,1,1,22400403eebbebc524ccc928e82d3fd50ea311a300f5d772d14bbf8913f071bc,0,True,0.5660227070696078,1152980,"{""coordinate_json_sha256"": ""4fb349b60c51fb28157a269dedf3a637a2eee00a9648fed447b93a458a5c2da0"", ""hash_encoding"": ""SHA256 of canonical compact JSON coordinate array"", ""private_coordinates"": true, ""source_file"": ""/data_nas/jiangsuiyang/LCR-Seg/SSL_CL_seg/pmgc_v0_1_feasibility_20260831/audit_formal/pmgc_mode_support.csv"", ""source_location"": ""data_row=14;column=prototype""}",d6e70b7e308ccf697a28a22b33eb95afbd87a99e0b0f1304f24564608e5d0b2e
seed1_stage1,1,1,True,"ordered case/class/count JSON prefix then row-major little-endian int32 y,x pairs",ab8ac83625783f31aa97ad23de93148ec0aae5dd1ddd2564af5535c71c97b9cc,173870,113525,16,True,0.9999999999999999,1,285eda5484eb3dbff27759f0cc25e38274b6e4148b35e9dd3f7822b420ef1a73,True,True,12,0,2,6296275b9a05fdbecff6ba1fd36914933c1dbd1b8f7a46572e484faad1510e15,0,True,0.6529303502616898,62070,"{""coordinate_json_sha256"": ""270882148c6026c8ad6ad61e8c1465677391dcf79857bb08f446cba34fad4d5c"", ""hash_encoding"": ""SHA256 of canonical compact JSON coordinate array"", ""private_coordinates"": true, ""source_file"": ""/data_nas/jiangsuiyang/LCR-Seg/SSL_CL_seg/pmgc_v0_1_feasibility_20260831/audit_formal/pmgc_mode_support.csv"", ""source_location"": ""data_row=15;column=prototype""}",fef182baed61879a65f35f2cda7c017c6ba5eca73bd5c7d1ff7ae993f7538061
seed1_stage1,1,1,True,"ordered case/class/count JSON prefix then row-major little-endian int32 y,x pairs",150cf981423d54ceec5c0c7c7944f7d00ca38379a07fc7bdf6083f0bed5ebab2,173870,60345,16,True,1.0,1,119ac3d109c8a6a04e2baf5e46fce81cf5f005618e762e5d8f73ebeb65999cc7,True,True,12,1,3,6296275b9a05fdbecff6ba1fd36914933c1dbd1b8f7a46572e484faad1510e15,0,True,0.3470696497383102,54859,"{""coordinate_json_sha256"": ""b0da83546010b126f053f8687a5290a7bd4439ce4737cc0167c3d9f317588aa4"", ""hash_encoding"": ""SHA256 of canonical compact JSON coordinate array"", ""private_coordinates"": true, ""source_file"": ""/data_nas/jiangsuiyang/LCR-Seg/SSL_CL_seg/pmgc_v0_1_feasibility_20260831/audit_formal/pmgc_mode_support.csv"", ""source_location"": ""data_row=16;column=prototype""}",fef182baed61879a65f35f2cda7c017c6ba5eca73bd5c7d1ff7ae993f7538061
seed1_stage1,1,1,True,"ordered case/class/count JSON prefix then row-major little-endian int32 y,x pairs",51eb58e33ffe896875b316f1469bcd8408ef3793a94839b91bac6832505c9de7,53667,39069,16,True,0.9999999999999999,2,fa07348dc22c1ad29115cc23a5dd72943e48c7db1defc0f41a368c700ce271e6,True,True,13,0,4,cee763825b7b575c0dbaf6c449cfc70475de9a470313084379229f64afc5ecba,0,True,0.727989267147409,5416,"{""coordinate_json_sha256"": ""2c19779d210d7bf8187d07e4834220cf89c9a33ec4878f47fc4fa1a0e48eaf7f"", ""hash_encoding"": ""SHA256 of canonical compact JSON coordinate array"", ""private_coordinates"": true, ""source_file"": ""/data_nas/jiangsuiyang/LCR-Seg/SSL_CL_seg/pmgc_v0_1_feasibility_20260831/audit_formal/pmgc_mode_support.csv"", ""source_location"": ""data_row=17;column=prototype""}",2e5c55ab8b26270afe22a532c2732875a9590b6492e6295d161b2b755b2ae7ed
seed1_stage1,1,1,True,"ordered case/class/count JSON prefix then row-major little-endian int32 y,x pairs",e97034365f55af3a8f190242ff93ded5a511649e1c19799a636e4a83e7e9cbd9,53667,14598,16,True,1.0,2,0eaa074720f4ee46f3a9c30adf7d0e866a5f8dd09fa44524a52b2b766d1fc83d,True,True,13,1,5,cee763825b7b575c0dbaf6c449cfc70475de9a470313084379229f64afc5ecba,0,True,0.272010732852591,111,"{""coordinate_json_sha256"": ""220054bc7c8bd927c4650edd7e7bffd9187c1124b0180843d7f9a45a91293a30"", ""hash_encoding"": ""SHA256 of canonical compact JSON coordinate array"", ""private_coordinates"": true, ""source_file"": ""/data_nas/jiangsuiyang/LCR-Seg/SSL_CL_seg/pmgc_v0_1_feasibility_20260831/audit_formal/pmgc_mode_support.csv"", ""source_location"": ""data_row=18;column=prototype""}",2e5c55ab8b26270afe22a532c2732875a9590b6492e6295d161b2b755b2ae7ed
seed1_stage2,1,2,True,"ordered case/class/count JSON prefix then row-major little-endian int32 y,x pairs",6e87191d2c81f70e2144aa9ad8551b26bf8ebaace28b72f0d00bf39e485d76d4,1230086,492910,10,True,1.0,0,d4928d3301109474a8dad0a1da39554892c4f14468a39bb3057400aa6e4b05c5,True,True,10,0,0,a8bfdfdbb9b3c299a62fae99b992f4d9437e04c5e3a72735229f44ef160f4c8d,0,True,0.4007118201491603,479412,"{""coordinate_json_sha256"": ""5a634d1b9c8efaa57da656c5ecd64aba971c6fef9305186a7b225e21ed6afe52"", ""hash_encoding"": ""SHA256 of canonical compact JSON coordinate array"", ""private_coordinates"": true, ""source_file"": ""/data_nas/jiangsuiyang/LCR-Seg/SSL_CL_seg/pmgc_v0_1_feasibility_20260831/audit_formal/pmgc_mode_support.csv"", ""source_location"": ""data_row=19;column=prototype""}",30f0250be6f6a5176c965ee0b6c95b1bfc4fa3aecfa89b1feb3a44bcb1b67224
seed1_stage2,1,2,True,"ordered case/class/count JSON prefix then row-major little-endian int32 y,x pairs",6bd5f831b49a068473777ecdc281c60443565f694d04b1725009a02edc2a0144,1230086,737176,10,True,1.0,0,a6a53f6c02525b81e4c7f43ff28d3bb57a5110ef4babe5d8aa6844fac2792370,True,True,10,1,1,a8bfdfdbb9b3c299a62fae99b992f4d9437e04c5e3a72735229f44ef160f4c8d,0,True,0.5992881798508397,704034,"{""coordinate_json_sha256"": ""eb68caec66e6f4fe449a7e3d9a800623ae308a6cfcd8bccfc9a8a2c3d6a1a394"", ""hash_encoding"": ""SHA256 of canonical compact JSON coordinate array"", ""private_coordinates"": true, ""source_file"": ""/data_nas/jiangsuiyang/LCR-Seg/SSL_CL_seg/pmgc_v0_1_feasibility_20260831/audit_formal/pmgc_mode_support.csv"", ""source_location"": ""data_row=20;column=prototype""}",30f0250be6f6a5176c965ee0b6c95b1bfc4fa3aecfa89b1feb3a44bcb1b67224
seed1_stage2,1,2,True,"ordered case/class/count JSON prefix then row-major little-endian int32 y,x pairs",578d3ff73cf079d9a9b72c468aa342f902e1c7852a349286da0f733a10703cd2,132500,52127,10,True,0.9999999999999999,1,1b95514f2fdd8daa04f7bd8692536ed5b66c5b2952e7523a4341bc6783753671,True,True,16,0,2,45650f7a9264693a7c5ab62bc1cfff486416a85334f5295d042f2c87b48ffbff,0,True,0.39341132075471696,25460,"{""coordinate_json_sha256"": ""a5a2b0b58507b33138b0fcf01b106cdde66656e41c66a53c751da61a50547460"", ""hash_encoding"": ""SHA256 of canonical compact JSON coordinate array"", ""private_coordinates"": true, ""source_file"": ""/data_nas/jiangsuiyang/LCR-Seg/SSL_CL_seg/pmgc_v0_1_feasibility_20260831/audit_formal/pmgc_mode_support.csv"", ""source_location"": ""data_row=21;column=prototype""}",3165e8fcc8f2bd0fe385a93048395f70ae42dbb497f48346ff78b8886ea3dd57
seed1_stage2,1,2,True,"ordered case/class/count JSON prefix then row-major little-endian int32 y,x pairs",a01395301a214051f36bbbf35d5be02965c342c1cc9b52f8b3821119077d990c,132500,80373,10,True,1.0,1,c83df9c9c7bba010db60456176becafe6f8ccbe11877969eb269ef7cab49c787,True,True,16,1,3,45650f7a9264693a7c5ab62bc1cfff486416a85334f5295d042f2c87b48ffbff,0,True,0.606588679245283,42569,"{""coordinate_json_sha256"": ""78c8f7345e63cf22b064e385cfb57b5f095a558ef56184a61af10663e3e1c426"", ""hash_encoding"": ""SHA256 of canonical compact JSON coordinate array"", ""private_coordinates"": true, ""source_file"": ""/data_nas/jiangsuiyang/LCR-Seg/SSL_CL_seg/pmgc_v0_1_feasibility_20260831/audit_formal/pmgc_mode_support.csv"", ""source_location"": ""data_row=22;column=prototype""}",3165e8fcc8f2bd0fe385a93048395f70ae42dbb497f48346ff78b8886ea3dd57
seed1_stage2,1,2,True,"ordered case/class/count JSON prefix then row-major little-endian int32 y,x pairs",391594d7e052dacb4b95414d7ae905ff7428424e9f1091019c01a55abed33380,111974,79169,10,True,1.0,2,ba26860af636034bbd7a3dceaf610559a02ccdf5edacdadd3cb58aa14b823987,True,True,13,0,4,02e9274ffed487b2233955806e702a98759542d1b0404bd06cd53d773c962a46,0,True,0.7070302034400843,5608,"{""coordinate_json_sha256"": ""e562ae53a3ed261ccfa2f35da694bd9d652af158651b5cdbae9db93be105166f"", ""hash_encoding"": ""SHA256 of canonical compact JSON coordinate array"", ""private_coordinates"": true, ""source_file"": ""/data_nas/jiangsuiyang/LCR-Seg/SSL_CL_seg/pmgc_v0_1_feasibility_20260831/audit_formal/pmgc_mode_support.csv"", ""source_location"": ""data_row=23;column=prototype""}",c9bae15b9fd774813d1ef8f28b809627d80d4cc1c440fabf0f316517ff62112f
seed1_stage2,1,2,False,"ordered case/class/count JSON prefix then row-major little-endian int32 y,x pairs",7f35bb36088f8c4bd3f27e23d5fa1cfd0e738190b7b7bfe03186215c5e2cc34b,111974,32805,10,True,0.9999999999999999,2,ed75fa6d1987514720d855660cdbc1da021a3c0d75f35c5b286aae97d8f6af5b,True,True,13,1,5,02e9274ffed487b2233955806e702a98759542d1b0404bd06cd53d773c962a46,0,True,0.2929697965599157,10,"{""coordinate_json_sha256"": ""1ce58d199c5adedd1ee0cd97d3cc7b0e66f2ae4762c300f9404e6fdda427b91c"", ""hash_encoding"": ""SHA256 of canonical compact JSON coordinate array"", ""private_coordinates"": true, ""source_file"": ""/data_nas/jiangsuiyang/LCR-Seg/SSL_CL_seg/pmgc_v0_1_feasibility_20260831/audit_formal/pmgc_mode_support.csv"", ""source_location"": ""data_row=24;column=prototype""}",c9bae15b9fd774813d1ef8f28b809627d80d4cc1c440fabf0f316517ff62112f
seed2_stage1,2,1,True,"ordered case/class/count JSON prefix then row-major little-endian int32 y,x pairs",f4dfefd8f4aae085d42e23f6d88b2fe318f31b3aa7afa7c04d5a91c1faf6da2f,2139059,1074772,16,True,0.9999999999999999,0,e280080e101a33e707a22625b63c1f4ebfdcc086d026566e83b937232edf1347,True,True,20,0,0,70934d140b34b431e6aa86627ad584e5856741e901498384242fa14259bdd04c,0,True,0.502450844039365,1024541,"{""coordinate_json_sha256"": ""041451ff99076743fd678ee97fa6da06aafb05c9e31022b3e6430ee2a5deb341"", ""hash_encoding"": ""SHA256 of canonical compact JSON coordinate array"", ""private_coordinates"": true, ""source_file"": ""/data_nas/jiangsuiyang/LCR-Seg/SSL_CL_seg/pmgc_v0_1_feasibility_20260831/audit_formal/pmgc_mode_support.csv"", ""source_location"": ""data_row=25;column=prototype""}",f41c9d9d91b91305e24ab623e5229c2a6b1db89e86ca05187e9929eb603f4402
seed2_stage1,2,1,True,"ordered case/class/count JSON prefix then row-major little-endian int32 y,x pairs",25b3f4319ddd02e8a70311bddc1ad35248d3e99d496404469c2b45862c61d3b6,2139059,1064287,16,True,1.0,0,c962513231018252bac3b707566da4b4ef9dd5596681ea766cddbafe37001983,True,True,20,1,1,70934d140b34b431e6aa86627ad584e5856741e901498384242fa14259bdd04c,0,True,0.49754915596063504,970770,"{""coordinate_json_sha256"": ""79a6134f4112ec2bd5dd0669e77ce1ebd7db9519ae14caad11074383c11d45ef"", ""hash_encoding"": ""SHA256 of canonical compact JSON coordinate array"", ""private_coordinates"": true, ""source_file"": ""/data_nas/jiangsuiyang/LCR-Seg/SSL_CL_seg/pmgc_v0_1_feasibility_20260831/audit_formal/pmgc_mode_support.csv"", ""source_location"": ""data_row=26;column=prototype""}",f41c9d9d91b91305e24ab623e5229c2a6b1db89e86ca05187e9929eb603f4402
seed2_stage1,2,1,True,"ordered case/class/count JSON prefix then row-major little-endian int32 y,x pairs",d0c4ac828516f9c3e1f6f62e21b0f4e39475efc518752deba824a06813ec2819,157532,78840,16,True,1.0,1,0623f981c8a20038881ea91737cbc8ab9f7e2b50cb6f17d793e6b7cb1d227a0e,True,True,9,0,2,2be564dbe4c870bddaaedcf8c98895678a53bb3a7ce4fbba4b3686ae2491ba9a,0,True,0.5004697458294188,6752,"{""coordinate_json_sha256"": ""4a46c890ee13086671cfbbc0fc0dd4237c35a5c3314abe1d65b7beabaea9a7e6"", ""hash_encoding"": ""SHA256 of canonical compact JSON coordinate array"", ""private_coordinates"": true, ""source_file"": ""/data_nas/jiangsuiyang/LCR-Seg/SSL_CL_seg/pmgc_v0_1_feasibility_20260831/audit_formal/pmgc_mode_support.csv"", ""source_location"": ""data_row=27;column=prototype""}",805464d9cb013dcbb91dbaf7bad80965888002e73271db8239fa2df78e430c4e
seed2_stage1,2,1,True,"ordered case/class/count JSON prefix then row-major little-endian int32 y,x pairs",88bc4b827b17ff2c0b7ef130bbfd91bce6da40cc1b64c5c8a4f4fa27146074a5,157532,78692,16,True,1.0,1,6887a938895ff7cbf92fa5090d9d5389bde44cf68007e79399f8ef5f56dd9c5c,True,True,9,1,3,2be564dbe4c870bddaaedcf8c98895678a53bb3a7ce4fbba4b3686ae2491ba9a,0,True,0.4995302541705812,17105,"{""coordinate_json_sha256"": ""91969332a236cabab1be678d061d928b44bd570467c56c8bf6b93ae7e34e7849"", ""hash_encoding"": ""SHA256 of canonical compact JSON coordinate array"", ""private_coordinates"": true, ""source_file"": ""/data_nas/jiangsuiyang/LCR-Seg/SSL_CL_seg/pmgc_v0_1_feasibility_20260831/audit_formal/pmgc_mode_support.csv"", ""source_location"": ""data_row=28;column=prototype""}",805464d9cb013dcbb91dbaf7bad80965888002e73271db8239fa2df78e430c4e
seed2_stage1,2,1,True,"ordered case/class/count JSON prefix then row-major little-endian int32 y,x pairs",db81c6549319c825377962dcfa0e0a6ba3c3d392aa1033a2bcde6bdb9fd62da6,62705,30715,16,True,0.9999999999999999,2,1b960b88beda22d13ab511a7c41041f50fcff01d9d17c6138420a7ae062c0523,True,True,11,0,4,63afb822eebb4067ba32bdc72ece1011437674b7b846566da288ce45da752d43,0,True,0.4898333466230763,1153,"{""coordinate_json_sha256"": ""3a55412165166bb8dd62fa537fa6e9b9163bb5a8e3ed49c2ad671b6e865ec675"", ""hash_encoding"": ""SHA256 of canonical compact JSON coordinate array"", ""private_coordinates"": true, ""source_file"": ""/data_nas/jiangsuiyang/LCR-Seg/SSL_CL_seg/pmgc_v0_1_feasibility_20260831/audit_formal/pmgc_mode_support.csv"", ""source_location"": ""data_row=29;column=prototype""}",d81a9a88becc4ddd92fb07cc04be5aa47c67348dacbe19c0fdd21fdd27128cfb
seed2_stage1,2,1,True,"ordered case/class/count JSON prefix then row-major little-endian int32 y,x pairs",bcdeabfe558e5731fecf87b15b35b58d447072c3227a761a981285db403a75e9,62705,31990,16,True,1.0,2,9630f941fa87d0b54d08a2cdfd0e2095d1560e97561b104fd44c81dd5a8593c3,True,True,11,1,5,63afb822eebb4067ba32bdc72ece1011437674b7b846566da288ce45da752d43,0,True,0.5101666533769237,22871,"{""coordinate_json_sha256"": ""d0c15f96090f847decdab2bfbf6611dc8877ef54da444ebc5cebfae32319ba05"", ""hash_encoding"": ""SHA256 of canonical compact JSON coordinate array"", ""private_coordinates"": true, ""source_file"": ""/data_nas/jiangsuiyang/LCR-Seg/SSL_CL_seg/pmgc_v0_1_feasibility_20260831/audit_formal/pmgc_mode_support.csv"", ""source_location"": ""data_row=30;column=prototype""}",d81a9a88becc4ddd92fb07cc04be5aa47c67348dacbe19c0fdd21fdd27128cfb
seed2_stage2,2,2,True,"ordered case/class/count JSON prefix then row-major little-endian int32 y,x pairs",f3d67229be9349812b4c9f8f11343005cd3568990d494944594bfce0863a62ee,1254293,597879,10,True,1.0,0,cd30e31773dff20220a92491f3125b350116e612b6a92589d27110abc1e18920,True,True,14,0,0,c732114c143450a01fc44807471ceb7eed9e48895229900222a950800f859c50,0,True,0.47666613781628375,596113,"{""coordinate_json_sha256"": ""56fe5c0e289f3557d1fae70db8218b0f70ddf418d3e3025e4de603c4d8d819dd"", ""hash_encoding"": ""SHA256 of canonical compact JSON coordinate array"", ""private_coordinates"": true, ""source_file"": ""/data_nas/jiangsuiyang/LCR-Seg/SSL_CL_seg/pmgc_v0_1_feasibility_20260831/audit_formal/pmgc_mode_support.csv"", ""source_location"": ""data_row=31;column=prototype""}",d37668bc3978e3109636e5cb3f774cd0383e98000c0a84eef25f67858acf7b13
seed2_stage2,2,2,True,"ordered case/class/count JSON prefix then row-major little-endian int32 y,x pairs",2be7bf610bc395cbe4f2256661a76813e9521174729072ab3b638492e4d2368d,1254293,656414,10,True,1.0,0,ab09a94df08bde700cf535358edf5af2bf6fcf0d595865bd6db11edcd86138ed,True,True,14,1,1,c732114c143450a01fc44807471ceb7eed9e48895229900222a950800f859c50,0,True,0.5233338621837162,634990,"{""coordinate_json_sha256"": ""12a82358109969735cc3ecee06ab010fa70313222e291e82f229b9225b63a4e6"", ""hash_encoding"": ""SHA256 of canonical compact JSON coordinate array"", ""private_coordinates"": true, ""source_file"": ""/data_nas/jiangsuiyang/LCR-Seg/SSL_CL_seg/pmgc_v0_1_feasibility_20260831/audit_formal/pmgc_mode_support.csv"", ""source_location"": ""data_row=32;column=prototype""}",d37668bc3978e3109636e5cb3f774cd0383e98000c0a84eef25f67858acf7b13
seed2_stage2,2,2,True,"ordered case/class/count JSON prefix then row-major little-endian int32 y,x pairs",2332c2f1f5af322909153b9424cf726362f42d51a5e556d1fea02fb6b34c3cbf,128413,64304,10,True,1.0,1,7821e2860553963bea6418d76ddc769250ea3ee2b67e51e23e9e70e2a7c6816a,True,True,7,0,2,ceeec1ceac8918bafc0001521863c782a7e85a8e6c39fa97382da65fd92993fd,1,True,0.5007592689213709,28898,"{""coordinate_json_sha256"": ""e4d07280d427faab1a1c425f3104895e35953d8690d05fe2b356f2506187eac1"", ""hash_encoding"": ""SHA256 of canonical compact JSON coordinate array"", ""private_coordinates"": true, ""source_file"": ""/data_nas/jiangsuiyang/LCR-Seg/SSL_CL_seg/pmgc_v0_1_feasibility_20260831/audit_formal/pmgc_mode_support.csv"", ""source_location"": ""data_row=33;column=prototype""}",782e54ec074ec5111fecc07d03153d452ec355208fd8db532c4a186d81df7c91
seed2_stage2,2,2,True,"ordered case/class/count JSON prefix then row-major little-endian int32 y,x pairs",d78be74594db3f4e29037ffa28dd770c8de077556313bfbf37926917c6682954,128413,64109,10,True,0.9999999999999999,1,fac5b51526baa3e3ba08ae3bd01d825bd73e0d17cbaf8479bbc6e36326f007ea,True,True,7,1,3,ceeec1ceac8918bafc0001521863c782a7e85a8e6c39fa97382da65fd92993fd,1,True,0.4992407310786291,48078,"{""coordinate_json_sha256"": ""2c4353996cd96de18e56a1b0e966621447cea8b3036192f1fafbfcc4a69d0462"", ""hash_encoding"": ""SHA256 of canonical compact JSON coordinate array"", ""private_coordinates"": true, ""source_file"": ""/data_nas/jiangsuiyang/LCR-Seg/SSL_CL_seg/pmgc_v0_1_feasibility_20260831/audit_formal/pmgc_mode_support.csv"", ""source_location"": ""data_row=34;column=prototype""}",782e54ec074ec5111fecc07d03153d452ec355208fd8db532c4a186d81df7c91
seed2_stage2,2,2,True,"ordered case/class/count JSON prefix then row-major little-endian int32 y,x pairs",e3e91319b228a2bcbc8b0a54ab74c726dcc1fb200335c0a911fdeb7f5205940a,91836,30276,10,True,0.9999999999999999,2,00466840f51b533ddb7a5161fa92cf0ba4482c629499ba7036eba0e9da291516,True,True,26,0,4,0ac67212262715b877cf303013173e680d969dc5b919f9adb3fa83267d8e6372,17,True,0.3296746373970992,5089,"{""coordinate_json_sha256"": ""21426f6b06100330d4bb22d3fccd2d5b17f024f51005d8e28a2996125c3bc106"", ""hash_encoding"": ""SHA256 of canonical compact JSON coordinate array"", ""private_coordinates"": true, ""source_file"": ""/data_nas/jiangsuiyang/LCR-Seg/SSL_CL_seg/pmgc_v0_1_feasibility_20260831/audit_formal/pmgc_mode_support.csv"", ""source_location"": ""data_row=35;column=prototype""}",9a73d864f9fd7f29e875725c5e28e6e36b8b77b3be75a072aa8b697ff2dee8de
seed2_stage2,2,2,True,"ordered case/class/count JSON prefix then row-major little-endian int32 y,x pairs",5f4cacad89d1b4e50a7a5ea20757692589c19fbd0f07f686fa1ca75fdc2b188c,91836,61560,10,True,0.9999999999999999,2,666ec91e5e19553d61c523552376ff3c5445d7a8b896281bd01bc309710d0f81,True,True,26,1,5,0ac67212262715b877cf303013173e680d969dc5b919f9adb3fa83267d8e6372,17,True,0.6703253626029009,29274,"{""coordinate_json_sha256"": ""d93d55bccc6588389df80bcf8419572518d5409cffb8ae8a81be30b78d26ae43"", ""hash_encoding"": ""SHA256 of canonical compact JSON coordinate array"", ""private_coordinates"": true, ""source_file"": ""/data_nas/jiangsuiyang/LCR-Seg/SSL_CL_seg/pmgc_v0_1_feasibility_20260831/audit_formal/pmgc_mode_support.csv"", ""source_location"": ""data_row=36;column=prototype""}",9a73d864f9fd7f29e875725c5e28e6e36b8b77b3be75a072aa8b697ff2dee8de
