batch_id,seed,stage_index,domain,pair_index,candidate,primary,CE_before,CE_after,CE_delta,foreground_Dice_delta,FG_class_CE_deltas,FG_class_Dice_deltas
B0/seed0/stage1/RIM_ONE_r3/pair00,0,1,RIM_ONE_r3,0,P0,False,0.6162750157152149,0.616788252433113,0.0005132367178980468,-0.0012763789750280807,"[0.006170259830347469, 0.021043079705356682]","[-0.0005569228957282846, -0.001995835054327877]"
B0/seed0/stage1/RIM_ONE_r3/pair00,0,1,RIM_ONE_r3,0,P1,False,0.6162750157152149,0.616788252433113,0.0005132367178980468,-0.0012763789750280807,"[0.006170259830347469, 0.021043079705356682]","[-0.0005569228957282846, -0.001995835054327877]"
B0/seed0/stage1/RIM_ONE_r3/pair00,0,1,RIM_ONE_r3,0,P2,False,0.6162750157152149,0.6155089524737248,-0.0007660632414900892,-0.0002826356078777792,"[-0.010839724429135167, 0.0137867118430961]","[-6.088330036935208e-05, -0.0005043879153859843]"
B0/seed0/stage1/RIM_ONE_r3/pair00,0,1,RIM_ONE_r3,0,P3,False,0.6162750157152149,0.6162525167191835,-2.2498996031461438e-05,-0.00010917585063308088,"[-0.0064324414039873545, 0.01787529898479967]","[3.5886006136354176e-05, -0.0002542377074022939]"
B0/seed0/stage1/RIM_ONE_r3/pair00,0,1,RIM_ONE_r3,0,P4,True,0.6162750157152149,0.6163480159364468,7.300022123191141e-05,-0.00014793240627064552,"[-0.005250554942635155, 0.01932249048499113]","[-3.921108975513121e-06, -0.0002919437035656669]"
B0/seed0/stage1/RIM_ONE_r3/pair01,0,1,RIM_ONE_r3,1,P0,False,0.6162750157152149,0.6146526782275136,-0.001622337487701353,-0.0007550830376354956,"[-0.043940247951006484, 0.024197799886093385]","[0.0016195852234541785, -0.0031297512987249476]"
B0/seed0/stage1/RIM_ONE_r3/pair01,0,1,RIM_ONE_r3,1,P1,False,0.6162750157152149,0.6146526782275136,-0.001622337487701353,-0.0007550830376354956,"[-0.043940247951006484, 0.024197799886093385]","[0.0016195852234541785, -0.0031297512987249476]"
B0/seed0/stage1/RIM_ONE_r3/pair01,0,1,RIM_ONE_r3,1,P2,False,0.6162750157152149,0.6135893986966524,-0.002685617018562514,0.0006143481176956733,"[-0.04057535567486514, 0.005492061158952843]","[0.001501858134379419, -0.00027316189898785037]"
B0/seed0/stage1/RIM_ONE_r3/pair01,0,1,RIM_ONE_r3,1,P3,False,0.6162750157152149,0.613601352540596,-0.0026736631746189232,0.000728245112014303,"[-0.03935627489049942, -0.0006998147280894429]","[0.0014019339883900583, 5.455623563854761e-05]"
B0/seed0/stage1/RIM_ONE_r3/pair01,0,1,RIM_ONE_r3,1,P4,True,0.6162750157152149,0.613463527523411,-0.002811488191803879,0.0006784296745014906,"[-0.04044958650658259, 0.0013733279658190156]","[0.0013945696021279153, -3.7710253124934034e-05]"
B0/seed0/stage1/RIM_ONE_r3/pair02,0,1,RIM_ONE_r3,2,P0,False,0.6162750157152149,0.6163933865818626,0.00011837086664767682,-0.0013608692568194414,"[-0.027260796694168477, 0.049716992721704045]","[0.0008753508439408586, -0.0035970893575796303]"
B0/seed0/stage1/RIM_ONE_r3/pair02,0,1,RIM_ONE_r3,2,P1,False,0.6162750157152149,0.6163933865818626,0.00011837086664767682,-0.0013608692568194414,"[-0.027260796694168477, 0.049716992721704045]","[0.0008753508439408586, -0.0035970893575796303]"
B0/seed0/stage1/RIM_ONE_r3/pair02,0,1,RIM_ONE_r3,2,P2,False,0.6162750157152149,0.6154239858688729,-0.0008510298463419996,0.00019991789447004749,"[-0.029139446259648594, 0.035187832745349645]","[0.0008621220291481491, -0.00046228624020794307]"
B0/seed0/stage1/RIM_ONE_r3/pair02,0,1,RIM_ONE_r3,2,P3,False,0.6162750157152149,0.6155247559033223,-0.0007502598118925841,0.00038009582464160196,"[-0.027410535209494213, 0.03257415414770293]","[0.0008298993487532158, -6.970769946978983e-05]"
B0/seed0/stage1/RIM_ONE_r3/pair02,0,1,RIM_ONE_r3,2,P4,True,0.6162750157152149,0.6156010999665832,-0.0006739157486317371,0.0003706216324177447,"[-0.025802503687938128, 0.0328012740525514]","[0.0008022726636278676, -6.1029398792156186e-05]"
B0/seed0/stage1/RIM_ONE_r3/pair03,0,1,RIM_ONE_r3,3,P0,False,0.6162750157152149,0.615507576966485,-0.0007674387487299761,0.00031800707407025897,"[-0.0200324944460748, 0.0225663804093319]","[0.00046598307643763714, 0.0001700310717028808]"
B0/seed0/stage1/RIM_ONE_r3/pair03,0,1,RIM_ONE_r3,3,P1,False,0.6162750157152149,0.615507576966485,-0.0007674387487299761,0.00031800707407025897,"[-0.0200324944460748, 0.0225663804093319]","[0.00046598307643763714, 0.0001700310717028808]"
B0/seed0/stage1/RIM_ONE_r3/pair03,0,1,RIM_ONE_r3,3,P2,False,0.6162750157152149,0.6153011130326108,-0.0009739026826041108,0.00035161256530757967,"[-0.022672596896962105, 0.021032480267855647]","[0.0005083282050621918, 0.0001948969255531896]"
B0/seed0/stage1/RIM_ONE_r3/pair03,0,1,RIM_ONE_r3,3,P3,False,0.6162750157152149,0.6154793856537216,-0.0007956300614933021,0.00036981219091070106,"[-0.02435426944136676, 0.02657886326787917]","[0.0006713675740956937, 6.825680772581944e-05]"
B0/seed0/stage1/RIM_ONE_r3/pair03,0,1,RIM_ONE_r3,3,P4,True,0.6162750157152149,0.6154750054093985,-0.0008000103058164454,0.00033516637869746013,"[-0.024257527036547266, 0.026883528686418856]","[0.0006189692431378679, 5.136351425705232e-05]"
B0/seed0/stage1/RIM_ONE_r3/pair04,0,1,RIM_ONE_r3,4,P0,False,0.6162750157152149,0.6168929901323144,0.0006179744170994317,0.0008788608932571718,"[0.033584324393413745, -0.03558446004140592]","[-0.0011273527397827054, 0.00288507452629716]"
B0/seed0/stage1/RIM_ONE_r3/pair04,0,1,RIM_ONE_r3,4,P1,False,0.6162750157152149,0.6168929901323144,0.0006179744170994317,0.0008788608932571718,"[0.033584324393413745, -0.03558446004140592]","[-0.0011273527397827054, 0.00288507452629716]"
B0/seed0/stage1/RIM_ONE_r3/pair04,0,1,RIM_ONE_r3,4,P2,False,0.6162750157152149,0.6170844508575064,0.0008094351422914814,0.0003232457031990821,"[0.003966183971316539, 0.008268220228345058]","[2.1401884848781805e-06, 0.000644351217913397]"
B0/seed0/stage1/RIM_ONE_r3/pair04,0,1,RIM_ONE_r3,4,P3,False,0.6162750157152149,0.6182674813204372,0.00199246560522226,0.00018420761672288677,"[0.011133560560619316, 0.024050009385109483]","[-0.00011061153246472166, 0.0004790267659104952]"
B0/seed0/stage1/RIM_ONE_r3/pair04,0,1,RIM_ONE_r3,4,P4,True,0.6162750157152149,0.6180962178810169,0.0018212021658019495,0.00014429058294040953,"[0.009644118986039452, 0.023788071654473164]","[-0.00012846164237523272, 0.0004170428082561628]"
B0/seed0/stage1/RIM_ONE_r3/pair05,0,1,RIM_ONE_r3,5,P0,False,0.6162750157152149,0.6174962920913921,0.0012212763761771939,0.0006364847627117198,"[-0.004928820868248529, 0.027309103282277647]","[7.133880267962134e-06, 0.0012658356451555886]"
B0/seed0/stage1/RIM_ONE_r3/pair05,0,1,RIM_ONE_r3,5,P1,False,0.6162750157152149,0.6174962920913921,0.0012212763761771939,0.0006364847627117198,"[-0.004928820868248529, 0.027309103282277647]","[7.133880267962134e-06, 0.0012658356451555886]"
B0/seed0/stage1/RIM_ONE_r3/pair05,0,1,RIM_ONE_r3,5,P2,False,0.6162750157152149,0.6179448872512775,0.0016698715360625727,0.0005142587508906171,"[0.0010967355055484518, 0.03241212984945019]","[-0.00020725206471261526, 0.0012357695664940715]"
B0/seed0/stage1/RIM_ONE_r3/pair05,0,1,RIM_ONE_r3,5,P3,False,0.6162750157152149,0.6184871619105556,0.002212146195340714,0.0002645925118807124,"[0.0008292734150305847, 0.04743286500969646]","[-0.00011089740849967722, 0.0006400824322612131]"
B0/seed0/stage1/RIM_ONE_r3/pair05,0,1,RIM_ONE_r3,5,P4,True,0.6162750157152149,0.6185042730145851,0.00222925729937018,0.00026000083645649763,"[0.001265317653510678, 0.04706899933382758]","[-0.00011960300922886358, 0.0006396046821419699]"
B0/seed0/stage1/RIM_ONE_r3/pair06,0,1,RIM_ONE_r3,6,P0,False,0.6162750157152149,0.6192446232978331,0.0029696075826182167,-0.001963214900277399,"[0.016270241276723496, 0.061287341334645085]","[-0.0008051686272840808, -0.0031212611732706064]"
B0/seed0/stage1/RIM_ONE_r3/pair06,0,1,RIM_ONE_r3,6,P1,False,0.6162750157152149,0.6192446232978331,0.0029696075826182167,-0.001963214900277399,"[0.016270241276723496, 0.061287341334645085]","[-0.0008051686272840808, -0.0031212611732706064]"
B0/seed0/stage1/RIM_ONE_r3/pair06,0,1,RIM_ONE_r3,6,P2,False,0.6162750157152149,0.6186042428711033,0.002329227155888347,-0.0006821578087246039,"[0.0061656992782648246, 0.05959681377880699]","[-0.0005338772292617922, -0.0008304383881874156]"
B0/seed0/stage1/RIM_ONE_r3/pair06,0,1,RIM_ONE_r3,6,P3,False,0.6162750157152149,0.6199814795432533,0.003706463828038409,-0.0007430608220131418,"[0.018521494276272144, 0.06843414095726974]","[-0.0007553058332373519, -0.0007308158107889318]"
B0/seed0/stage1/RIM_ONE_r3/pair06,0,1,RIM_ONE_r3,6,P4,True,0.6162750157152149,0.6199750441755189,0.003700028460303928,-0.0007431590953221878,"[0.01873380085378873, 0.06788815321881358]","[-0.0007596255831301413, -0.0007266926075140123]"
B0/seed0/stage1/RIM_ONE_r3/pair07,0,1,RIM_ONE_r3,7,P0,False,0.6162750157152149,0.6164685515273857,0.000193535812170742,-0.0004880705311451905,"[-0.026146845849777556, 0.049623072407047]","[0.0010935044614394096, -0.0020696455237296796]"
B0/seed0/stage1/RIM_ONE_r3/pair07,0,1,RIM_ONE_r3,7,P1,False,0.6162750157152149,0.6164685515273857,0.000193535812170742,-0.0004880705311451905,"[-0.026146845849777556, 0.049623072407047]","[0.0010935044614394096, -0.0020696455237296796]"
B0/seed0/stage1/RIM_ONE_r3/pair07,0,1,RIM_ONE_r3,7,P2,False,0.6162750157152149,0.6160010905778612,-0.00027392513735369217,0.0004957413371350361,"[-0.02250176117441338, 0.03505976393460042]","[0.0009289355731684212, 6.254710110176198e-05]"
B0/seed0/stage1/RIM_ONE_r3/pair07,0,1,RIM_ONE_r3,7,P3,False,0.6162750157152149,0.6161542775582312,-0.00012073815698376844,0.0005737390384087382,"[-0.0203870806507771, 0.03340070953189578]","[0.0009655073520624669, 0.00018197072475512055]"
B0/seed0/stage1/RIM_ONE_r3/pair07,0,1,RIM_ONE_r3,7,P4,True,0.6162750157152149,0.616025035469462,-0.0002499802457529565,0.0005329334795235452,"[-0.02179748481951549, 0.03394883945856275]","[0.0008795570006759901, 0.00018630995837121134]"
B0/seed0/stage2/Drishti_GS/pair00,0,2,Drishti_GS,0,P0,False,0.1619076320068411,0.16149914749039684,-0.000408484516444263,-0.002067477910439486,"[-0.01763102889496937, 0.024276698565878108]","[0.0006129676001006557, -0.004747923420979738]"
B0/seed0/stage2/Drishti_GS/pair00,0,2,Drishti_GS,0,P1,False,0.1619076320068411,0.16149914749039684,-0.000408484516444263,-0.002067477910439486,"[-0.01763102889496937, 0.024276698565878108]","[0.0006129676001006557, -0.004747923420979738]"
B0/seed0/stage2/Drishti_GS/pair00,0,2,Drishti_GS,0,P2,False,0.1619076320068411,0.1619836405608921,7.600855405098805e-05,0.0002733797059366605,"[0.0034359869755646866, 0.0030973042759736558]","[0.0003300547973172918, 0.00021670461455602918]"
B0/seed0/stage2/Drishti_GS/pair00,0,2,Drishti_GS,0,P3,False,0.1619076320068411,0.16231508675528772,0.0004074547484466118,-0.0001094803419217083,"[0.0049095172627556805, 0.0038741964381086014]","[-7.206718411778557e-05, -0.00014689349972552002]"
B0/seed0/stage2/Drishti_GS/pair00,0,2,Drishti_GS,0,P4,True,0.1619076320068411,0.16231508675528772,0.0004074547484466118,-0.0001094803419217083,"[0.0049095172627559025, 0.0038741964381086014]","[-7.206718411778557e-05, -0.00014689349972552002]"
B0/seed0/stage2/Drishti_GS/pair01,0,2,Drishti_GS,1,P0,False,0.1619076320068411,0.1621913019550326,0.00028366994819148394,0.0012727125184982535,"[0.004162388638800918, -0.011860016714706767]","[4.578238912011923e-05, 0.002499642647876388]"
B0/seed0/stage2/Drishti_GS/pair01,0,2,Drishti_GS,1,P1,False,0.1619076320068411,0.1621913019550326,0.00028366994819148394,0.0012727125184982535,"[0.004162388638800918, -0.011860016714706767]","[4.578238912011923e-05, 0.002499642647876388]"
B0/seed0/stage2/Drishti_GS/pair01,0,2,Drishti_GS,1,P2,False,0.1619076320068411,0.16152206073584877,-0.0003855712709923409,0.0012653178361859974,"[-0.002422565953192235, -0.004612089296774868]","[0.000780036287819641, 0.0017505993845523538]"
B0/seed0/stage2/Drishti_GS/pair01,0,2,Drishti_GS,1,P3,False,0.1619076320068411,0.16149769912328937,-0.0004099328835517335,0.001161057816521316,"[-0.0031561384519308566, -0.003859090739243176]","[0.0007744147313292205, 0.0015477009017135224]"
B0/seed0/stage2/Drishti_GS/pair01,0,2,Drishti_GS,1,P4,True,0.1619076320068411,0.1617248289931357,-0.00018280301370540708,0.0009654941652030846,"[-0.0008926793628182272, -0.0033387199235592746]","[0.0005396280348699545, 0.0013913602955363258]"
B0/seed0/stage2/Drishti_GS/pair02,0,2,Drishti_GS,2,P0,False,0.1619076320068411,0.16103655391799185,-0.0008710780888492586,-0.001371248458886254,"[-0.013094053570184894, 0.01675323121059935]","[0.000588182625246847, -0.0033306795430193548]"
B0/seed0/stage2/Drishti_GS/pair02,0,2,Drishti_GS,2,P1,False,0.1619076320068411,0.16103655391799185,-0.0008710780888492586,-0.001371248458886254,"[-0.013094053570184894, 0.01675323121059935]","[0.000588182625246847, -0.0033306795430193548]"
B0/seed0/stage2/Drishti_GS/pair02,0,2,Drishti_GS,2,P2,False,0.1619076320068411,0.16170015048386907,-0.00020748152297203615,3.714116119035715e-05,"[0.0001968394121468764, 0.0033084234327398487]","[0.0001251487095813575, -5.0866387200754204e-05]"
B0/seed0/stage2/Drishti_GS/pair02,0,2,Drishti_GS,2,P3,False,0.1619076320068411,0.16170367702527946,-0.0002039549815616437,-0.00014435408933799465,"[-0.0020854620430031945, 0.0036435062638225935]","[-3.0250448389890217e-05, -0.0002584577302862101]"
B0/seed0/stage2/Drishti_GS/pair02,0,2,Drishti_GS,2,P4,True,0.1619076320068411,0.16170367702527946,-0.0002039549815616437,-0.00014435408933799465,"[-0.0020854620430031945, 0.0036435062638225935]","[-3.0250448389890217e-05, -0.0002584577302862101]"
B0/seed0/stage2/Drishti_GS/pair03,0,2,Drishti_GS,3,P0,False,0.1619076320068411,0.16113785603652997,-0.0007697759703111373,0.0014440867429447168,"[0.006290790556713111, -0.00925197854542481]","[0.0005044153668597451, 0.0023837581190296886]"
B0/seed0/stage2/Drishti_GS/pair03,0,2,Drishti_GS,3,P1,False,0.1619076320068411,0.16113785603652997,-0.0007697759703111373,0.0014440867429447168,"[0.006290790556713111, -0.00925197854542481]","[0.0005044153668597451, 0.0023837581190296886]"
B0/seed0/stage2/Drishti_GS/pair03,0,2,Drishti_GS,3,P2,False,0.1619076320068411,0.1614357661476174,-0.00047186585922370794,0.0009313456936936859,"[-0.001505885613452218, 0.001451763589586652]","[0.0009051708955220006, 0.0009575204918653712]"
B0/seed0/stage2/Drishti_GS/pair03,0,2,Drishti_GS,3,P3,False,0.1619076320068411,0.1615810224626437,-0.00032660954419741484,0.0008996208241316417,"[-0.0015224497888197686, 0.0006961823236519837]","[0.0007089053362715481, 0.0010903363119917353]"
B0/seed0/stage2/Drishti_GS/pair03,0,2,Drishti_GS,3,P4,True,0.1619076320068411,0.16158102246264372,-0.0003266095441973871,0.0008996208241316417,"[-0.0015224497888197686, 0.0006961823236519837]","[0.0007089053362715481, 0.0010903363119917353]"
B0/seed0/stage2/Drishti_GS/pair04,0,2,Drishti_GS,4,P0,False,0.1619076320068411,0.16243521573912717,0.0005275837322860633,0.0013810200870335576,"[0.022963020925442668, -0.01832238845508133]","[-0.0008018487342106306, 0.003563888908277746]"
B0/seed0/stage2/Drishti_GS/pair04,0,2,Drishti_GS,4,P1,False,0.1619076320068411,0.16243521573912717,0.0005275837322860633,0.0013810200870335576,"[0.022963020925442668, -0.01832238845508133]","[-0.0008018487342106306, 0.003563888908277746]"
B0/seed0/stage2/Drishti_GS/pair04,0,2,Drishti_GS,4,P2,False,0.1619076320068411,0.1631447519314046,0.00123711992456349,-0.0004438192029017074,"[0.013432257994546837, 0.0032481553651722006]","[-0.0007693449046364265, -0.00011829350116709936]"
B0/seed0/stage2/Drishti_GS/pair04,0,2,Drishti_GS,4,P3,False,0.1619076320068411,0.16222038543260897,0.00031275342576786436,-0.0001260054295595392,"[0.004131914594415309, 0.0016869027975801032]","[-0.0003592186717357171, 0.00010720781261652768]"
B0/seed0/stage2/Drishti_GS/pair04,0,2,Drishti_GS,4,P4,True,0.1619076320068411,0.16221519165933576,0.00030755965249465445,-0.00011824415566763502,"[0.004079895364305419, 0.0016913400612036389]","[-0.00035008573587247405, 0.000113597424537204]"
B0/seed0/stage2/Drishti_GS/pair05,0,2,Drishti_GS,5,P0,False,0.1619076320068411,0.16095029210659914,-0.0009573399002419658,-0.0011339402811185728,"[-0.011933004361053379, 0.014237683626947106]","[0.0005987922854946426, -0.002866672847731788]"
B0/seed0/stage2/Drishti_GS/pair05,0,2,Drishti_GS,5,P1,False,0.1619076320068411,0.16095029210659914,-0.0009573399002419658,-0.0011339402811185728,"[-0.011933004361053379, 0.014237683626947106]","[0.0005987922854946426, -0.002866672847731788]"
B0/seed0/stage2/Drishti_GS/pair05,0,2,Drishti_GS,5,P2,False,0.1619076320068411,0.16163487726562956,-0.0002727547412115505,4.1191581091393203e-05,"[-0.0015550712325255178, 0.0036463804171155134]","[0.00024149793929684193, -0.0001591147771139445]"
B0/seed0/stage2/Drishti_GS/pair05,0,2,Drishti_GS,5,P3,False,0.1619076320068411,0.16179851491708983,-0.00010911708975128165,-0.00042296968692057124,"[-0.0018628090481153103, 0.004131558842213057]","[-0.00016366961939739966, -0.0006822697544437428]"
B0/seed0/stage2/Drishti_GS/pair05,0,2,Drishti_GS,5,P4,True,0.1619076320068411,0.1617992084876479,-0.00010842351919321258,-0.00037620922772807486,"[-0.0018172438230246168, 0.0042181665526555]","[-0.00012297255144566588, -0.0006294459040104838]"
B0/seed0/stage2/Drishti_GS/pair06,0,2,Drishti_GS,6,P0,False,0.1619076320068411,0.16258880011805352,0.0006811681112124102,0.0016088761591565026,"[0.022052439957877756, -0.020321315759485314]","[-0.0007979250622289769, 0.004015677380541982]"
B0/seed0/stage2/Drishti_GS/pair06,0,2,Drishti_GS,6,P1,False,0.1619076320068411,0.16258880011805352,0.0006811681112124102,0.0016088761591565026,"[0.022052439957877756, -0.020321315759485314]","[-0.0007979250622289769, 0.004015677380541982]"
B0/seed0/stage2/Drishti_GS/pair06,0,2,Drishti_GS,6,P2,False,0.1619076320068411,0.1626137130765225,0.0007060810696813968,9.147573281742538e-05,"[0.008467718939387248, 0.0009375253385310311]","[-0.0003002152054508711, 0.0004831666710858329]"
B0/seed0/stage2/Drishti_GS/pair06,0,2,Drishti_GS,6,P3,False,0.1619076320068411,0.16184514276028164,-6.24892465594662e-05,0.00044209957014196277,"[0.0004474185068457093, -0.0004457456853506625]","[0.00020823699660510453, 0.000675962143678932]"
B0/seed0/stage2/Drishti_GS/pair06,0,2,Drishti_GS,6,P4,True,0.1619076320068411,0.16182993594077066,-7.769606607044288e-05,0.000441651946662458,"[0.0004777499201682467, -0.00039142149778070845]","[0.00019897809400970523, 0.0006843257993152108]"
B0/seed0/stage2/Drishti_GS/pair07,0,2,Drishti_GS,7,P0,False,0.1619076320068411,0.1612382697604843,-0.0006693622463568027,-0.0008195898789224998,"[-0.007364486922871172, 0.011913703756825544]","[0.0005800216841778116, -0.0022192014420227]"
B0/seed0/stage2/Drishti_GS/pair07,0,2,Drishti_GS,7,P1,False,0.1619076320068411,0.1612382697604843,-0.0006693622463568027,-0.0008195898789224998,"[-0.007364486922871172, 0.011913703756825544]","[0.0005800216841778116, -0.0022192014420227]"
B0/seed0/stage2/Drishti_GS/pair07,0,2,Drishti_GS,7,P2,False,0.1619076320068411,0.16202197714393737,0.0001143451370962667,0.0002804622183121275,"[0.0038161952114045272, 0.0018389220990294164]","[0.00023698362377422288, 0.0003239408128501431]"
B0/seed0/stage2/Drishti_GS/pair07,0,2,Drishti_GS,7,P3,False,0.1619076320068411,0.16207654617397257,0.00016891416713146756,0.0001729376653094583,"[0.002571778526938906, 0.0016697578346784314]","[0.00010507049411334624, 0.00024080483650545936]"
B0/seed0/stage2/Drishti_GS/pair07,0,2,Drishti_GS,7,P4,True,0.1619076320068411,0.16207497114735137,0.00016733914051025867,0.00017403752543798667,"[0.0025554863169010567, 0.0016734474392690601]","[0.00010609966902463963, 0.00024197538185144474]"
B0/seed1/stage1/RIM_ONE_r3/pair00,1,1,RIM_ONE_r3,0,P0,False,0.298316895005374,0.29820270005184263,-0.00011419495353137687,-0.0008344375925271041,"[0.024583763415178206, -0.006918876971282906]","[-0.002031936726604733, 0.0003630615415504135]"
B0/seed1/stage1/RIM_ONE_r3/pair00,1,1,RIM_ONE_r3,0,P1,False,0.298316895005374,0.29820270005184263,-0.00011419495353137687,-0.0008344375925271041,"[0.024583763415178206, -0.006918876971282906]","[-0.002031936726604733, 0.0003630615415504135]"
B0/seed1/stage1/RIM_ONE_r3/pair00,1,1,RIM_ONE_r3,0,P2,False,0.298316895005374,0.29833630985230997,1.9414846935961183e-05,-0.0007841935959387314,"[0.015177372224205898, 0.0015681827171682983]","[-0.00036833480909415073, -0.001200052382783423]"
B0/seed1/stage1/RIM_ONE_r3/pair00,1,1,RIM_ONE_r3,0,P3,False,0.298316895005374,0.2990429351485089,0.0007260401431348762,-0.0005679870994743652,"[0.0179254369765407, 0.01343867531341214]","[-0.00027602314741548284, -0.0008599510515333586]"
B0/seed1/stage1/RIM_ONE_r3/pair00,1,1,RIM_ONE_r3,0,P4,True,0.298316895005374,0.2990429351485089,0.0007260401431348762,-0.0005679870994743652,"[0.017925436976540476, 0.01343867531341214]","[-0.00027602314741548284, -0.0008599510515333586]"
B0/seed1/stage1/RIM_ONE_r3/pair01,1,1,RIM_ONE_r3,1,P0,False,0.298316895005374,0.29860100023252695,0.00028410522715294206,-0.0005391903547316002,"[0.021473450383454606, 0.01665983830312001]","[-0.0004515913610920741, -0.0006267893483711262]"
B0/seed1/stage1/RIM_ONE_r3/pair01,1,1,RIM_ONE_r3,1,P1,False,0.298316895005374,0.29860100023252695,0.00028410522715294206,-0.0005391903547316002,"[0.021473450383454606, 0.01665983830312001]","[-0.0004515913610920741, -0.0006267893483711262]"
B0/seed1/stage1/RIM_ONE_r3/pair01,1,1,RIM_ONE_r3,1,P2,False,0.298316895005374,0.2984951012007104,0.00017820619533637228,-0.00043675748871607745,"[0.018866083950242363, 0.00423342419131334]","[-0.00011481743513719334, -0.0007586975422951836]"
B0/seed1/stage1/RIM_ONE_r3/pair01,1,1,RIM_ONE_r3,1,P3,False,0.298316895005374,0.29889998075608326,0.0005830857507092557,-0.00035823946676238894,"[0.0197432554702075, 0.011379797015787396]","[2.358838507998673e-05, -0.0007400673186048756]"
B0/seed1/stage1/RIM_ONE_r3/pair01,1,1,RIM_ONE_r3,1,P4,True,0.298316895005374,0.29889998075608326,0.0005830857507092557,-0.00035823946676238894,"[0.01974325547020772, 0.011379797015787396]","[2.358838507998673e-05, -0.0007400673186048756]"
B0/seed1/stage1/RIM_ONE_r3/pair02,1,1,RIM_ONE_r3,2,P0,False,0.298316895005374,0.2990757497403908,0.0007588547350168007,-0.0005466718357782785,"[0.015151824891475929, 0.031028368888109448]","[0.0005409450847559949, -0.0016342887563125519]"
B0/seed1/stage1/RIM_ONE_r3/pair02,1,1,RIM_ONE_r3,2,P1,False,0.298316895005374,0.2990757497403908,0.0007588547350168007,-0.0005466718357782785,"[0.015151824891475929, 0.031028368888109448]","[0.0005409450847559949, -0.0016342887563125519]"
B0/seed1/stage1/RIM_ONE_r3/pair02,1,1,RIM_ONE_r3,2,P2,False,0.298316895005374,0.29890459461664887,0.0005876996112748611,-0.00012995326340770053,"[0.018649323032160936, 0.010949566373178676]","[-4.8717570789058584e-05, -0.0002111889560264535]"
B0/seed1/stage1/RIM_ONE_r3/pair02,1,1,RIM_ONE_r3,2,P3,False,0.298316895005374,0.29895000571115204,0.0006331107057780394,-0.00025090201275790314,"[0.018716983480151272, 0.011831122198910471]","[4.360299411154678e-05, -0.000545407019627353]"
B0/seed1/stage1/RIM_ONE_r3/pair02,1,1,RIM_ONE_r3,2,P4,True,0.298316895005374,0.29895000571115204,0.0006331107057780394,-0.00025090201275790314,"[0.018716983480151272, 0.011831122198910471]","[4.360299411154678e-05, -0.000545407019627353]"
B0/seed1/stage1/RIM_ONE_r3/pair03,1,1,RIM_ONE_r3,3,P0,False,0.298316895005374,0.2976773114892615,-0.0006395835161124852,-1.594470047905361e-05,"[0.020762386467942484, -0.03675159862758903]","[-0.0022559688655898746, 0.0022240794646317674]"
B0/seed1/stage1/RIM_ONE_r3/pair03,1,1,RIM_ONE_r3,3,P1,False,0.298316895005374,0.2976773114892615,-0.0006395835161124852,-1.594470047905361e-05,"[0.020762386467942484, -0.03675159862758903]","[-0.0022559688655898746, 0.0022240794646317674]"
B0/seed1/stage1/RIM_ONE_r3/pair03,1,1,RIM_ONE_r3,3,P2,False,0.298316895005374,0.29794350735357744,-0.00037338765179656397,-0.0005508705146051174,"[0.008984354265421768, -0.011849571060206898]","[0.00010864734303395185, -0.0012103883722442976]"
B0/seed1/stage1/RIM_ONE_r3/pair03,1,1,RIM_ONE_r3,3,P3,False,0.298316895005374,0.29814227258133513,-0.00017462242403887274,-0.00031494668597642494,"[0.009232755323083541, -0.010814216581569447]","[0.00017795930884001443, -0.0008078526807928643]"
B0/seed1/stage1/RIM_ONE_r3/pair03,1,1,RIM_ONE_r3,3,P4,True,0.298316895005374,0.29814227258133513,-0.00017462242403887274,-0.00031494668597642494,"[0.009232755323083541, -0.010814216581569447]","[0.00017795930884001443, -0.0008078526807928643]"
B0/seed1/stage1/RIM_ONE_r3/pair04,1,1,RIM_ONE_r3,4,P0,False,0.298316895005374,0.2999035266586541,0.0015866316532801017,-0.0009160697468748591,"[0.00655607182174589, 0.050740845731620965]","[0.0013164946129842203, -0.0031486341067339385]"
B0/seed1/stage1/RIM_ONE_r3/pair04,1,1,RIM_ONE_r3,4,P1,False,0.298316895005374,0.2999035266586541,0.0015866316532801017,-0.0009160697468748591,"[0.00655607182174589, 0.050740845731620965]","[0.0013164946129842203, -0.0031486341067339385]"
B0/seed1/stage1/RIM_ONE_r3/pair04,1,1,RIM_ONE_r3,4,P2,False,0.298316895005374,0.29989320117681917,0.0015763061714451632,-0.0007884816274847939,"[0.021594746799570075, 0.025464841944718764]","[-0.0008256298963739139, -0.0007513333585958959]"
B0/seed1/stage1/RIM_ONE_r3/pair04,1,1,RIM_ONE_r3,4,P3,False,0.298316895005374,0.2998765975239356,0.0015597025185615787,-0.0008154735582469597,"[0.01974576175409304, 0.024511751822852368]","[-0.0005910605704454452, -0.001039886546048585]"
B0/seed1/stage1/RIM_ONE_r3/pair04,1,1,RIM_ONE_r3,4,P4,True,0.298316895005374,0.2998765975239356,0.0015597025185615787,-0.0008154735582469597,"[0.01974576175409304, 0.024511751822852368]","[-0.0005910605704454452, -0.001039886546048585]"
B0/seed1/stage1/RIM_ONE_r3/pair05,1,1,RIM_ONE_r3,5,P0,False,0.298316895005374,0.29938392442756956,0.0010670294221955534,-0.0006139096737975969,"[0.009116511954351703, 0.04365786068808397]","[0.0012326281440153686, -0.0024604474916105623]"
B0/seed1/stage1/RIM_ONE_r3/pair05,1,1,RIM_ONE_r3,5,P1,False,0.298316895005374,0.29938392442756956,0.0010670294221955534,-0.0006139096737975969,"[0.009116511954351703, 0.04365786068808397]","[0.0012326281440153686, -0.0024604474916105623]"
B0/seed1/stage1/RIM_ONE_r3/pair05,1,1,RIM_ONE_r3,5,P2,False,0.298316895005374,0.2992349686803264,0.000918073674952391,-0.0002511709035777354,"[0.019977594439663404, 0.016176164328524756]","[-0.00023686362234265346, -0.0002654781848128174]"
B0/seed1/stage1/RIM_ONE_r3/pair05,1,1,RIM_ONE_r3,5,P3,False,0.298316895005374,0.2992320281857905,0.000915133180416472,-0.0005631418649185704,"[0.01988651739518965, 0.01601175159224244]","[-0.00019190398429891342, -0.0009343797455382274]"
B0/seed1/stage1/RIM_ONE_r3/pair05,1,1,RIM_ONE_r3,5,P4,True,0.298316895005374,0.29923202818579053,0.0009151331804165275,-0.0005631418649185704,"[0.019886517395189873, 0.016011751592240664]","[-0.00019190398429891342, -0.0009343797455382274]"
B0/seed1/stage1/RIM_ONE_r3/pair06,1,1,RIM_ONE_r3,6,P0,False,0.298316895005374,0.2992224155480273,0.0009055205426533042,-0.0008132651188118567,"[0.009410947446870876, 0.040782698810813756]","[0.0013517622452264844, -0.002978292482850309]"
B0/seed1/stage1/RIM_ONE_r3/pair06,1,1,RIM_ONE_r3,6,P1,False,0.298316895005374,0.2992224155480273,0.0009055205426533042,-0.0008132651188118567,"[0.009410947446870876, 0.040782698810813756]","[0.0013517622452264844, -0.002978292482850309]"
B0/seed1/stage1/RIM_ONE_r3/pair06,1,1,RIM_ONE_r3,6,P2,False,0.298316895005374,0.2990114108643537,0.0006945158589796718,-0.0006636988860996285,"[0.020491103529477472, 0.012393453380528108]","[-0.00018401253984867694, -0.001143385232350691]"
B0/seed1/stage1/RIM_ONE_r3/pair06,1,1,RIM_ONE_r3,6,P3,False,0.298316895005374,0.2992970764681808,0.0009801814628068173,-0.00054845797921943,"[0.02108970918617903, 0.017315343133175176]","[-0.00015463698218332045, -0.0009422789762555395]"
B0/seed1/stage1/RIM_ONE_r3/pair06,1,1,RIM_ONE_r3,6,P4,True,0.298316895005374,0.2992970764681808,0.0009801814628068173,-0.00054845797921943,"[0.02108970918617925, 0.017315343133175176]","[-0.00015463698218332045, -0.0009422789762555395]"
B0/seed1/stage1/RIM_ONE_r3/pair07,1,1,RIM_ONE_r3,7,P0,False,0.298316895005374,0.2985713755952765,0.0002544805899025171,-0.0005347169875098423,"[0.019733946865563512, 0.015137479644368845]","[-0.0009003763116750552, -0.00016905766334462946]"
B0/seed1/stage1/RIM_ONE_r3/pair07,1,1,RIM_ONE_r3,7,P1,False,0.298316895005374,0.2985713755952765,0.0002544805899025171,-0.0005347169875098423,"[0.019733946865563512, 0.015137479644368845]","[-0.0009003763116750552, -0.00016905766334462946]"
B0/seed1/stage1/RIM_ONE_r3/pair07,1,1,RIM_ONE_r3,7,P2,False,0.298316895005374,0.29853009280822157,0.0002131978028475645,-0.00033978850937843585,"[0.014899129494650554, 0.008759203448006403]","[-0.00030094316287310185, -0.0003786338558838809]"
B0/seed1/stage1/RIM_ONE_r3/pair07,1,1,RIM_ONE_r3,7,P3,False,0.298316895005374,0.2989035050814349,0.0005866100760608672,-0.0003023720925645623,"[0.014817375690434842, 0.01539386599793513]","[-1.1811511584802759e-05, -0.0005929326735445439]"
B0/seed1/stage1/RIM_ONE_r3/pair07,1,1,RIM_ONE_r3,7,P4,True,0.298316895005374,0.2989035050814349,0.0005866100760608672,-0.0003023720925645623,"[0.014817375690434842, 0.01539386599793513]","[-1.1811511584802759e-05, -0.0005929326735445439]"
B0/seed1/stage2/Drishti_GS/pair00,1,2,Drishti_GS,0,P0,False,0.10902247625145578,0.10850198237238524,-0.0005204938790705355,0.00026393204784336266,"[0.010676638190681542, -0.018070944613572393]","[-0.0005263070214279741, 0.0010541711171146995]"
B0/seed1/stage2/Drishti_GS/pair00,1,2,Drishti_GS,0,P1,False,0.10902247625145578,0.10850198237238524,-0.0005204938790705355,0.00026393204784336266,"[0.010676638190681542, -0.018070944613572393]","[-0.0005263070214279741, 0.0010541711171146995]"
B0/seed1/stage2/Drishti_GS/pair00,1,2,Drishti_GS,0,P2,False,0.10902247625145578,0.10885358201090534,-0.00016889424055044344,0.00024863080797943304,"[0.0023999763044072475, -0.005151664363965525]","[1.3242699867688223e-05, 0.00048401891609117786]"
B0/seed1/stage2/Drishti_GS/pair00,1,2,Drishti_GS,0,P3,False,0.10902247625145578,0.1088972866109281,-0.00012518964052768422,0.0003730217286708193,"[0.000897271031292779, -0.0029583014868925783]","[0.0002913680492810933, 0.0004546754080606563]"
B0/seed1/stage2/Drishti_GS/pair00,1,2,Drishti_GS,0,P4,True,0.10902247625145578,0.10889359802776999,-0.00012887822368579105,0.0003521269455784015,"[0.0004914093393256769, -0.0021693171374175257]","[0.0002990174110393262, 0.00040523648011758784]"
B0/seed1/stage2/Drishti_GS/pair01,1,2,Drishti_GS,1,P0,False,0.10902247625145578,0.10885831582497506,-0.00016416042648072227,7.949786594574348e-05,"[0.007143618145379338, -0.007201274074165931]","[-0.0003005809910425761, 0.00045957672293406304]"
B0/seed1/stage2/Drishti_GS/pair01,1,2,Drishti_GS,1,P1,False,0.10902247625145578,0.10885831582497506,-0.00016416042648072227,7.949786594574348e-05,"[0.007143618145379338, -0.007201274074165931]","[-0.0003005809910425761, 0.00045957672293406304]"
B0/seed1/stage2/Drishti_GS/pair01,1,2,Drishti_GS,1,P2,False,0.10902247625145578,0.10889381834670428,-0.00012865790475150019,0.0001548917868773314,"[0.0020266464211533552, -0.003833958078504729]","[1.165013701065476e-07, 0.00030966707238455626]"
B0/seed1/stage2/Drishti_GS/pair01,1,2,Drishti_GS,1,P3,False,0.10902247625145578,0.10886219044555569,-0.00016028580590009278,0.00019450401799703254,"[0.00250587754274878, -0.005039195678732344]","[-1.9670107799241165e-06, 0.0003909750467739892]"
B0/seed1/stage2/Drishti_GS/pair01,1,2,Drishti_GS,1,P4,True,0.10902247625145578,0.10887298143507551,-0.00014949481638026896,0.0001483279078682287,"[0.0021373330602553198, -0.004306782178004287]","[-2.82758764933444e-05, 0.00032493169222969076]"
B0/seed1/stage2/Drishti_GS/pair02,1,2,Drishti_GS,2,P0,False,0.10902247625145578,0.10905946178473677,3.698553328099208e-05,-5.024265691488949e-06,"[-0.002372641642629847, 0.0011600937247179255]","[9.220573367718643e-06, -1.9269104750696542e-05]"
B0/seed1/stage2/Drishti_GS/pair02,1,2,Drishti_GS,2,P1,False,0.10902247625145578,0.10905946178473677,3.698553328099208e-05,-5.024265691488949e-06,"[-0.002372641642629847, 0.0011600937247179255]","[9.220573367718643e-06, -1.9269104750696542e-05]"
B0/seed1/stage2/Drishti_GS/pair02,1,2,Drishti_GS,2,P2,False,0.10902247625145578,0.10906461644305504,4.21401915992603e-05,-4.6819281938170754e-05,"[-0.0018166973840401113, 0.0013702318988743079]","[-3.713371954272571e-05, -5.65048443336158e-05]"
B0/seed1/stage2/Drishti_GS/pair02,1,2,Drishti_GS,2,P3,False,0.10902247625145578,0.1090816967840264,5.9220532570625206e-05,2.3802884602464047e-05,"[-7.938352848657626e-05, 0.0012635058839420843]","[8.591177643513248e-06, 3.901459156152587e-05]"
B0/seed1/stage2/Drishti_GS/pair02,1,2,Drishti_GS,2,P4,True,0.10902247625145578,0.1089531127395614,-6.936351189437695e-05,6.327584175769285e-05,"[-0.00021862892836932435, -0.00041193212099355225]","[1.884998041545849e-05, 0.00010770170309992722]"
B0/seed1/stage2/Drishti_GS/pair03,1,2,Drishti_GS,3,P0,False,0.10902247625145578,0.1086594322347204,-0.0003630440167353838,4.611038443114168e-05,"[0.010814343766936574, -0.01622365990435415]","[-0.0007022171326300786, 0.0007944379014923619]"
B0/seed1/stage2/Drishti_GS/pair03,1,2,Drishti_GS,3,P1,False,0.10902247625145578,0.1086594322347204,-0.0003630440167353838,4.611038443114168e-05,"[0.010814343766936574, -0.01622365990435415]","[-0.0007022171326300786, 0.0007944379014923619]"
B0/seed1/stage2/Drishti_GS/pair03,1,2,Drishti_GS,3,P2,False,0.10902247625145578,0.109043230055126,2.0753803670225945e-05,-0.00015091271885692148,"[0.0027349804040812664, -0.0035768226731748287]","[-0.00037366042847830627, 7.183499076446331e-05]"
B0/seed1/stage2/Drishti_GS/pair03,1,2,Drishti_GS,3,P3,False,0.10902247625145578,0.10909897029364098,7.649404218519618e-05,-9.009070639276473e-06,"[0.0010382699283207897, -0.0011224953830973883]","[-7.819920362495125e-05, 6.018106234650933e-05]"
B0/seed1/stage2/Drishti_GS/pair03,1,2,Drishti_GS,3,P4,True,0.10902247625145578,0.10912366151405412,0.0001011852625983356,-8.374396932941952e-05,"[0.0006652375044347014, -0.0002102003153131582]","[-0.00011670782043815553, -5.078011822068351e-05]"
B0/seed1/stage2/Drishti_GS/pair04,1,2,Drishti_GS,4,P0,False,0.10902247625145578,0.1084634991786762,-0.0005589770727795762,0.00026878023085874503,"[0.011284141645531487, -0.01840867234561616]","[-0.0005550997279025749, 0.001092660189620065]"
B0/seed1/stage2/Drishti_GS/pair04,1,2,Drishti_GS,4,P1,False,0.10902247625145578,0.1084634991786762,-0.0005589770727795762,0.00026878023085874503,"[0.011284141645531487, -0.01840867234561616]","[-0.0005550997279025749, 0.001092660189620065]"
B0/seed1/stage2/Drishti_GS/pair04,1,2,Drishti_GS,4,P2,False,0.10902247625145578,0.10873306085921935,-0.0002894153922364251,0.00028111413441078703,"[0.0022730859849690033, -0.00676086553636257]","[2.3546680910979667e-05, 0.0005386815879104834]"
B0/seed1/stage2/Drishti_GS/pair04,1,2,Drishti_GS,4,P3,False,0.10902247625145578,0.10876335495847193,-0.00025912129298384656,0.0003892406284582428,"[0.0007649147846964244, -0.004811674429522128]","[0.00026681419893181957, 0.000511667057984555]"
B0/seed1/stage2/Drishti_GS/pair04,1,2,Drishti_GS,4,P4,True,0.10902247625145578,0.10875656497661497,-0.00026591127484081045,0.0003861537249937319,"[0.0004928668929585767, -0.00437444636127049]","[0.000285733961305934, 0.00048657348868152983]"
B0/seed1/stage2/Drishti_GS/pair05,1,2,Drishti_GS,5,P0,False,0.10902247625145578,0.1087726131170733,-0.0002498631343824803,0.00040062600857582176,"[0.006213965840053737, -0.00648888208506504]","[3.5496057885553434e-05, 0.0007657559592662011]"
B0/seed1/stage2/Drishti_GS/pair05,1,2,Drishti_GS,5,P1,False,0.10902247625145578,0.1087726131170733,-0.0002498631343824803,0.00040062600857582176,"[0.006213965840053737, -0.00648888208506504]","[3.5496057885553434e-05, 0.0007657559592662011]"
B0/seed1/stage2/Drishti_GS/pair05,1,2,Drishti_GS,5,P2,False,0.10902247625145578,0.10880186692444514,-0.0002206093270106374,0.0004936104288575383,"[-2.0849244440901415e-06, -0.0023460833955503135]","[0.00038197367193748555, 0.0006052471857774799]"
B0/seed1/stage2/Drishti_GS/pair05,1,2,Drishti_GS,5,P3,False,0.10902247625145578,0.1087756190386055,-0.00024685721285028217,0.0004968550981782061,"[0.0006605843338207684, -0.0037955227817987325]","[0.00034503559057685873, 0.0006486746057795534]"
B0/seed1/stage2/Drishti_GS/pair05,1,2,Drishti_GS,5,P4,True,0.10902247625145578,0.1087515220953142,-0.0002709541561415757,0.0004826994691167208,"[0.0002960286998713313, -0.0034749594570990805]","[0.0003667953842325655, 0.0005986035540009871]"
B0/seed1/stage2/Drishti_GS/pair06,1,2,Drishti_GS,6,P0,False,0.10902247625145578,0.10867344128541474,-0.0003490349660410369,0.0002475450972569959,"[0.008198014272956744, -0.009695158899158285]","[-0.00020759672471837298, 0.0007026869192322538]"
B0/seed1/stage2/Drishti_GS/pair06,1,2,Drishti_GS,6,P1,False,0.10902247625145578,0.10867344128541474,-0.0003490349660410369,0.0002475450972569959,"[0.008198014272956744, -0.009695158899158285]","[-0.00020759672471837298, 0.0007026869192322538]"
B0/seed1/stage2/Drishti_GS/pair06,1,2,Drishti_GS,6,P2,False,0.10902247625145578,0.10867782464962057,-0.00034465160183520804,0.00029869025494533297,"[0.0013152744744763245, -0.005868056661185395]","[0.00010201339712123669, 0.0004953671127694292]"
B0/seed1/stage2/Drishti_GS/pair06,1,2,Drishti_GS,6,P3,False,0.10902247625145578,0.10873482723791267,-0.000287649013543112,0.0003510655047420652,"[0.0007820160385464403, -0.004148081880708143]","[0.0002458414571467893, 0.00045628955233745216]"
B0/seed1/stage2/Drishti_GS/pair06,1,2,Drishti_GS,6,P4,True,0.10902247625145578,0.10874141931833914,-0.00028105693311664126,0.00034509369726110073,"[0.0006164588338758437, -0.00380602890039361]","[0.0002430418662656697, 0.00044714552825653175]"
B0/seed1/stage2/Drishti_GS/pair07,1,2,Drishti_GS,7,P0,False,0.10902247625145578,0.10848678822284318,-0.0005356880286126048,0.00018866608954803965,"[0.011209652664091463, -0.01828461507933432]","[-0.0006451659438931889, 0.0010224981229891572]"
B0/seed1/stage2/Drishti_GS/pair07,1,2,Drishti_GS,7,P1,False,0.10902247625145578,0.10848678822284318,-0.0005356880286126048,0.00018866608954803965,"[0.011209652664091463, -0.01828461507933432]","[-0.0006451659438931889, 0.0010224981229891572]"
B0/seed1/stage2/Drishti_GS/pair07,1,2,Drishti_GS,7,P2,False,0.10902247625145578,0.10878507424753905,-0.00023740200391672572,0.00013096569013815174,"[0.0026868262174216673, -0.006493365845887222]","[-0.0001542565229187831, 0.0004161879031950866]"
B0/seed1/stage2/Drishti_GS/pair07,1,2,Drishti_GS,7,P3,False,0.10902247625145578,0.10883165322554406,-0.00019082302591172384,0.0002604479585015529,"[0.0008553488694301725, -0.00394659719240309]","[0.00014030027114686483, 0.00038059564585624095]"
B0/seed1/stage2/Drishti_GS/pair07,1,2,Drishti_GS,7,P4,True,0.10902247625145578,0.10882020972449857,-0.0002022665269572066,0.00023523120655166707,"[0.0006237627030007964, -0.0035447015712661845]","[0.00013087057830996063, 0.0003395918347933735]"
B0/seed2/stage1/RIM_ONE_r3/pair00,2,1,RIM_ONE_r3,0,P0,False,0.14376770411204642,0.14401587018729756,0.00024816607525113277,0.0005351537385601679,"[0.0003275623798582039, 0.02113384041107813]","[0.0007870598310606436, 0.0002832476460595812]"
B0/seed2/stage1/RIM_ONE_r3/pair00,2,1,RIM_ONE_r3,0,P1,False,0.14376770411204642,0.14401587018729756,0.00024816607525113277,0.0005351537385601679,"[0.0003275623798582039, 0.02113384041107813]","[0.0007870598310606436, 0.0002832476460595812]"
B0/seed2/stage1/RIM_ONE_r3/pair00,2,1,RIM_ONE_r3,0,P2,False,0.14376770411204642,0.14416995447850944,0.0004022503664630195,0.0003045066113502859,"[0.007617343908628227, 0.009079493259193328]","[0.00010629173524745461, 0.0005027214874531172]"
B0/seed2/stage1/RIM_ONE_r3/pair00,2,1,RIM_ONE_r3,0,P3,False,0.14376770411204642,0.1442478043537442,0.000480100241697784,0.00030245779214799207,"[0.00877490629812483, 0.009205458028149427]","[7.069410509286111e-05, 0.000534221479203123]"
B0/seed2/stage1/RIM_ONE_r3/pair00,2,1,RIM_ONE_r3,0,P4,True,0.14376770411204642,0.1441043723705877,0.0003366682585412839,0.0002996254039612234,"[0.007021470518236983, 0.00844665899577357]","[7.003385712245347e-05, 0.0005292169507999933]"
B0/seed2/stage1/RIM_ONE_r3/pair01,2,1,RIM_ONE_r3,1,P0,False,0.14376770411204642,0.14420450903544552,0.00043680492339909227,0.00029940974134567977,"[0.0013586111680035096, 0.017968523426349803]","[0.0007249712365041683, -0.00012615175381269772]"
B0/seed2/stage1/RIM_ONE_r3/pair01,2,1,RIM_ONE_r3,1,P1,False,0.14376770411204642,0.14420450903544552,0.00043680492339909227,0.00029940974134567977,"[0.0013586111680035096, 0.017968523426349803]","[0.0007249712365041683, -0.00012615175381269772]"
B0/seed2/stage1/RIM_ONE_r3/pair01,2,1,RIM_ONE_r3,1,P2,False,0.14376770411204642,0.14431987640857752,0.0005521722965310949,-1.9756340047361043e-05,"[0.00780655918284201, 0.00543213643775331]","[-5.690037423555783e-05, 1.738769414083574e-05]"
B0/seed2/stage1/RIM_ONE_r3/pair01,2,1,RIM_ONE_r3,1,P3,False,0.14376770411204642,0.14447171373099274,0.0007040096189463163,-5.545847203880516e-05,"[0.00995700307093439, 0.005744749056091791]","[-7.578971977018067e-05, -3.512722430754067e-05]"
B0/seed2/stage1/RIM_ONE_r3/pair01,2,1,RIM_ONE_r3,1,P4,True,0.14376770411204642,0.14431330135740617,0.0005455972453597413,-5.388459760002906e-05,"[0.008062007747975164, 0.004752634541833722]","[-0.00011317602088334322, 5.406825683285099e-06]"
B0/seed2/stage1/RIM_ONE_r3/pair02,2,1,RIM_ONE_r3,2,P0,False,0.14376770411204642,0.14414823374178995,0.00038052962974352567,0.0002634152123778266,"[-0.0003456988595951227, 0.020233880749529365]","[0.0008080337824555306, -0.00028120335769987737]"
B0/seed2/stage1/RIM_ONE_r3/pair02,2,1,RIM_ONE_r3,2,P1,False,0.14376770411204642,0.14414823374178995,0.00038052962974352567,0.0002634152123778266,"[-0.0003456988595951227, 0.020233880749529365]","[0.0008080337824555306, -0.00028120335769987737]"
B0/seed2/stage1/RIM_ONE_r3/pair02,2,1,RIM_ONE_r3,2,P2,False,0.14376770411204642,0.14418221348484422,0.0004145093727978,0.00022808890058267917,"[0.004133908838328981, 0.009719930733426252]","[0.0003436249359334287, 0.00011255286523192964]"
B0/seed2/stage1/RIM_ONE_r3/pair02,2,1,RIM_ONE_r3,2,P3,False,0.14376770411204642,0.1443607636683518,0.0005930595563053698,0.00019012426620179657,"[0.0067805401696583445, 0.009686591895004204]","[0.0003294243357531146, 5.082419665047855e-05]"
B0/seed2/stage1/RIM_ONE_r3/pair02,2,1,RIM_ONE_r3,2,P4,True,0.14376770411204642,0.14412873731199027,0.00036103319994384986,0.00018471150482068932,"[0.0038510557803761447, 0.00856295747091973]","[0.0002860496679687463, 8.337334167263233e-05]"
B0/seed2/stage1/RIM_ONE_r3/pair03,2,1,RIM_ONE_r3,3,P0,False,0.14376770411204642,0.14377643907654786,8.734964501433407e-06,0.0001401039851353092,"[-0.0019884555277174254, 0.006284368813801788]","[0.00019874844563860794, 8.145952463189943e-05]"
B0/seed2/stage1/RIM_ONE_r3/pair03,2,1,RIM_ONE_r3,3,P1,False,0.14376770411204642,0.14377643907654786,8.734964501433407e-06,0.0001401039851353092,"[-0.0019884555277174254, 0.006284368813801788]","[0.00019874844563860794, 8.145952463189943e-05]"
B0/seed2/stage1/RIM_ONE_r3/pair03,2,1,RIM_ONE_r3,3,P2,False,0.14376770411204642,0.1438377019631488,6.999785110237133e-05,-0.0003600898942991426,"[0.001243509503978224, -0.0002485661608953027]","[-0.0003398326120463979, -0.0003803471765517763]"
B0/seed2/stage1/RIM_ONE_r3/pair03,2,1,RIM_ONE_r3,3,P3,False,0.14376770411204642,0.14387058875771383,0.00010288464566740596,-0.00038175375395355093,"[0.0017925098363744674, -0.00030352851058734753]","[-0.00036520700999098654, -0.00039830049791622635]"
B0/seed2/stage1/RIM_ONE_r3/pair03,2,1,RIM_ONE_r3,3,P4,True,0.14376770411204642,0.14383533840759888,6.763429555245448e-05,-0.0003885173466350311,"[0.0013575625807975555, -0.0004922670597767853]","[-0.0003612482195479716, -0.00041578647372209065]"
B0/seed2/stage1/RIM_ONE_r3/pair04,2,1,RIM_ONE_r3,4,P0,False,0.14376770411204642,0.14375593399498712,-1.1770117059300977e-05,0.0005634132989275065,"[-0.003590532056638729, 0.013459703386976885]","[0.0008272772849131638, 0.00029954931294173814]"
B0/seed2/stage1/RIM_ONE_r3/pair04,2,1,RIM_ONE_r3,4,P1,False,0.14376770411204642,0.14375593399498712,-1.1770117059300977e-05,0.0005634132989275065,"[-0.003590532056638729, 0.013459703386976885]","[0.0008272772849131638, 0.00029954931294173814]"
B0/seed2/stage1/RIM_ONE_r3/pair04,2,1,RIM_ONE_r3,4,P2,False,0.14376770411204642,0.1438910432171315,0.00012333910508507961,0.00025989886145139085,"[0.002544477624987662, 0.002816030888601828]","[0.00017292779305166928, 0.0003468699298510014]"
B0/seed2/stage1/RIM_ONE_r3/pair04,2,1,RIM_ONE_r3,4,P3,False,0.14376770411204642,0.1439173602166692,0.00014965610462278067,0.0002751969242681396,"[0.002583040081734822, 0.002975006151852644]","[0.00022241877814688227, 0.0003279750703893969]"
B0/seed2/stage1/RIM_ONE_r3/pair04,2,1,RIM_ONE_r3,4,P4,True,0.14376770411204642,0.14388627041588675,0.0001185663038403284,0.00026404525734924356,"[0.0027620769539753454, 0.0027190146701405737]","[0.00017366359457471336, 0.00035442692012377375]"
B0/seed2/stage1/RIM_ONE_r3/pair05,2,1,RIM_ONE_r3,5,P0,False,0.14376770411204642,0.1436634923797072,-0.00010421173233921,0.0006867470906680717,"[-0.009216179899796506, 0.021766906514440576]","[0.0013552397887444112, 1.8254392591732227e-05]"
B0/seed2/stage1/RIM_ONE_r3/pair05,2,1,RIM_ONE_r3,5,P1,False,0.14376770411204642,0.1436634923797072,-0.00010421173233921,0.0006867470906680717,"[-0.009216179899796506, 0.021766906514440576]","[0.0013552397887444112, 1.8254392591732227e-05]"
B0/seed2/stage1/RIM_ONE_r3/pair05,2,1,RIM_ONE_r3,5,P2,False,0.14376770411204642,0.1437174390731792,-5.0265038867236544e-05,0.0003933319098260446,"[-0.0033518264606398063, 0.008000016221675788]","[0.0006259976701812331, 0.00016066614947096713]"
B0/seed2/stage1/RIM_ONE_r3/pair05,2,1,RIM_ONE_r3,5,P3,False,0.14376770411204642,0.14387765528146435,0.00010995116941792116,0.00039982974555463624,"[-0.0010798961742410906, 0.008179003007992791]","[0.0006218379582686451, 0.00017782153284073843]"
B0/seed2/stage1/RIM_ONE_r3/pair05,2,1,RIM_ONE_r3,5,P4,True,0.14376770411204642,0.14365195317733315,-0.0001157509347132768,0.0004248903309355123,"[-0.003903112362541483, 0.007030926552281991]","[0.0006209945398928385, 0.00022878612197818615]"
B0/seed2/stage1/RIM_ONE_r3/pair06,2,1,RIM_ONE_r3,6,P0,False,0.14376770411204642,0.14389149650241193,0.00012379239036550138,0.000580118948372288,"[-0.006746113891832328, 0.026506553044412184]","[0.0012363048155572542, -7.606691881267835e-05]"
B0/seed2/stage1/RIM_ONE_r3/pair06,2,1,RIM_ONE_r3,6,P1,False,0.14376770411204642,0.14389149650241193,0.00012379239036550138,0.000580118948372288,"[-0.006746113891832328, 0.026506553044412184]","[0.0012363048155572542, -7.606691881267835e-05]"
B0/seed2/stage1/RIM_ONE_r3/pair06,2,1,RIM_ONE_r3,6,P2,False,0.14376770411204642,0.14412064807028088,0.00035294395823445845,0.00025111390590948357,"[0.0026722363191753473, 0.011028833615868483]","[0.00032013266763353254, 0.0001820951441854346]"
B0/seed2/stage1/RIM_ONE_r3/pair06,2,1,RIM_ONE_r3,6,P3,False,0.14376770411204642,0.14432866344035394,0.0005609593283075198,0.00021873757749657496,"[0.005938846087974348, 0.010789479836337934]","[0.00030441966370131635, 0.0001330554912919446]"
B0/seed2/stage1/RIM_ONE_r3/pair06,2,1,RIM_ONE_r3,6,P4,True,0.14376770411204642,0.14409372011954424,0.0003260160074978202,0.00019684673581865653,"[0.0029216391849555823, 0.009883649920364834]","[0.00024705067701658034, 0.0001466427946207327]"
B0/seed2/stage1/RIM_ONE_r3/pair07,2,1,RIM_ONE_r3,7,P0,False,0.14376770411204642,0.14371969439817603,-4.800971387039499e-05,0.0006290088238519731,"[-0.010071166998829817, 0.025603515783830355]","[0.0014035096815175896, -0.0001454920338136434]"
B0/seed2/stage1/RIM_ONE_r3/pair07,2,1,RIM_ONE_r3,7,P1,False,0.14376770411204642,0.14371969439817603,-4.800971387039499e-05,0.0006290088238519731,"[-0.010071166998829817, 0.025603515783830355]","[0.0014035096815175896, -0.0001454920338136434]"
B0/seed2/stage1/RIM_ONE_r3/pair07,2,1,RIM_ONE_r3,7,P2,False,0.14376770411204642,0.14386117288916786,9.346877712143598e-05,0.0002703701561267424,"[-0.002377238777205637, 0.009433490713370074]","[0.0005286416276223393, 1.2098684631145495e-05]"
B0/seed2/stage1/RIM_ONE_r3/pair07,2,1,RIM_ONE_r3,7,P3,False,0.14376770411204642,0.14407357187816494,0.0003058677661185172,0.00023293349310815614,"[0.0010277577999173726, 0.009275281522867829]","[0.00048317790457419463, -1.7310918357882343e-05]"
B0/seed2/stage1/RIM_ONE_r3/pair07,2,1,RIM_ONE_r3,7,P4,True,0.14376770411204642,0.14383319703021458,6.549291816815295e-05,0.00027370346121557976,"[-0.002201334319997139, 0.008265734013307435]","[0.0004809379681988135, 6.646895423245702e-05]"
B0/seed2/stage2/Drishti_GS/pair00,2,2,Drishti_GS,0,P0,False,0.11140835720690667,0.11190782097905028,0.0004994637721436046,-0.001417510079997908,"[0.019218288250470117, -0.011390050128361029]","[-0.002135021433270601, -0.000699998726725104]"
B0/seed2/stage2/Drishti_GS/pair00,2,2,Drishti_GS,0,P1,False,0.11140835720690667,0.11190782097905028,0.0004994637721436046,-0.001417510079997908,"[0.019218288250470117, -0.011390050128361029]","[-0.002135021433270601, -0.000699998726725104]"
B0/seed2/stage2/Drishti_GS/pair00,2,2,Drishti_GS,0,P2,False,0.11140835720690667,0.11179051698401415,0.0003821597771074825,-9.626115518324152e-05,"[0.006483024806348547, 0.0006281152716637317]","[-0.0002319628544643626, 3.944054409787956e-05]"
B0/seed2/stage2/Drishti_GS/pair00,2,2,Drishti_GS,0,P3,False,0.11140835720690667,0.11189115138982651,0.00048279418291984066,-4.320067126495353e-05,"[0.007542692961244102, 0.0020244061513308154]","[-0.0001822824366652931, 9.588109413538604e-05]"
B0/seed2/stage2/Drishti_GS/pair00,2,2,Drishti_GS,0,P4,True,0.11140835720690667,0.11173521884611987,0.000326861639213194,-0.00025918470645025504,"[0.005750139267208021, -0.0007900164408627952]","[-0.000435836422075897, -8.253299082450205e-05]"
B0/seed2/stage2/Drishti_GS/pair01,2,2,Drishti_GS,1,P0,False,0.11140835720690667,0.1120344766444816,0.000626119437574929,-0.0006994859407754017,"[0.015691668734574615, -0.005187752398062628]","[-0.0011896341015712464, -0.00020933777997955705]"
B0/seed2/stage2/Drishti_GS/pair01,2,2,Drishti_GS,1,P1,False,0.11140835720690667,0.1120344766444816,0.000626119437574929,-0.0006994859407754017,"[0.015691668734574615, -0.005187752398062628]","[-0.0011896341015712464, -0.00020933777997955705]"
B0/seed2/stage2/Drishti_GS/pair01,2,2,Drishti_GS,1,P2,False,0.11140835720690667,0.11175328839981533,0.00034493119290865404,-2.0110598955569436e-05,"[0.005825971556805198, 0.001105474223049574]","[-0.00011736961266706203, 7.714841475592316e-05]"
B0/seed2/stage2/Drishti_GS/pair01,2,2,Drishti_GS,1,P3,False,0.11140835720690667,0.11196318559932121,0.0005548283924145386,-2.0047864320082986e-05,"[0.007752928056042663, 0.002371050223339388]","[-0.0001486579415110878, 0.0001085622128708108]"
B0/seed2/stage2/Drishti_GS/pair01,2,2,Drishti_GS,1,P4,True,0.11140835720690667,0.11178669567024274,0.0003783384633360698,-0.00012036100183154819,"[0.005558271932986636, 0.0004205562390789952]","[-0.00023438879121606693, -6.333212447029446e-06]"
B0/seed2/stage2/Drishti_GS/pair02,2,2,Drishti_GS,2,P0,False,0.11140835720690667,0.11191464523833286,0.0005062880314261886,0.0009269008952371705,"[-0.004628073693097257, 0.014185736355191214]","[0.0013119130480196972, 0.0005418887424545327]"
B0/seed2/stage2/Drishti_GS/pair02,2,2,Drishti_GS,2,P1,False,0.11140835720690667,0.11191464523833286,0.0005062880314261886,0.0009269008952371705,"[-0.004628073693097257, 0.014185736355191214]","[0.0013119130480196972, 0.0005418887424545327]"
B0/seed2/stage2/Drishti_GS/pair02,2,2,Drishti_GS,2,P2,False,0.11140835720690667,0.11177318448934326,0.00036482728243658613,0.0006007419307990647,"[-0.0016483302963393731, 0.007514997649720301]","[0.0008000424414469354, 0.000401441420151305]"
B0/seed2/stage2/Drishti_GS/pair02,2,2,Drishti_GS,2,P3,False,0.11140835720690667,0.11208570045618974,0.0006773432492830633,0.0004342990098357147,"[0.002003731062936054, 0.008858883331505474]","[0.0005582869741455054, 0.0003103110455258129]"
B0/seed2/stage2/Drishti_GS/pair02,2,2,Drishti_GS,2,P4,True,0.11140835720690667,0.11177588340055926,0.000367526193652587,0.0005554568759551515,"[-0.0014880071466040201, 0.0075018841150112925]","[0.0007467020684166492, 0.00036421168349365374]"
B0/seed2/stage2/Drishti_GS/pair03,2,2,Drishti_GS,3,P0,False,0.11140835720690667,0.11181460376815765,0.00040624656125097525,-0.0016546537927507599,"[0.017979186462037, -0.013737740418474809]","[-0.002408145644785087, -0.0009011619407164329]"
B0/seed2/stage2/Drishti_GS/pair03,2,2,Drishti_GS,3,P1,False,0.11140835720690667,0.11181460376815765,0.00040624656125097525,-0.0016546537927507599,"[0.017979186462037, -0.013737740418474809]","[-0.002408145644785087, -0.0009011619407164329]"
B0/seed2/stage2/Drishti_GS/pair03,2,2,Drishti_GS,3,P2,False,0.11140835720690667,0.11180999079255545,0.00040163358564877794,-0.00039696654928944586,"[0.00534799033237221, -0.002242159703488622]","[-0.0005913070942105136, -0.00020262600436837808]"
B0/seed2/stage2/Drishti_GS/pair03,2,2,Drishti_GS,3,P3,False,0.11140835720690667,0.11183582496926767,0.0004274677623609946,-0.00042669012837437403,"[0.005645850984995704, -0.002334677613373637]","[-0.0006377728288508022, -0.00021560742789783482]"
B0/seed2/stage2/Drishti_GS/pair03,2,2,Drishti_GS,3,P4,True,0.11140835720690667,0.11178482292283662,0.0003764657159299467,-0.00039796652734958027,"[0.005014165092439127, -0.002431832997956185]","[-0.000580271048052805, -0.00021566200664635549]"
B0/seed2/stage2/Drishti_GS/pair04,2,2,Drishti_GS,4,P0,False,0.11140835720690667,0.11123754378371786,-0.0001708134231888092,0.001243988752816949,"[-0.015944842195443565, 0.01187365767601306]","[0.0018902037836234786, 0.0005977737220103085]"
B0/seed2/stage2/Drishti_GS/pair04,2,2,Drishti_GS,4,P1,False,0.11140835720690667,0.11123754378371786,-0.0001708134231888092,0.001243988752816949,"[-0.015944842195443565, 0.01187365767601306]","[0.0018902037836234786, 0.0005977737220103085]"
B0/seed2/stage2/Drishti_GS/pair04,2,2,Drishti_GS,4,P2,False,0.11140835720690667,0.11168543920363914,0.0002770819967324728,0.0005063826656902526,"[-0.002415620229065496, 0.004559932532151201]","[0.0006298197589738042, 0.00038294557240659]"
B0/seed2/stage2/Drishti_GS/pair04,2,2,Drishti_GS,4,P3,False,0.11140835720690667,0.11183445741697061,0.00042610021006393717,0.0005028505459002686,"[-0.0011592118758729786, 0.005177608951784929]","[0.0005970334943896649, 0.00040866759741098324]"
B0/seed2/stage2/Drishti_GS/pair04,2,2,Drishti_GS,4,P4,True,0.11140835720690667,0.11168103519154814,0.00027267798464146453,0.0004952581695710778,"[-0.0022984014993072677, 0.004498718518347711]","[0.000617951561920238, 0.0003725647772219176]"
B0/seed2/stage2/Drishti_GS/pair05,2,2,Drishti_GS,5,P0,False,0.11140835720690667,0.11190175531344343,0.0004933981065367576,-0.001640551127717882,"[0.0187016103424682, -0.013302641530948345]","[-0.002421256672219152, -0.0008598455832167229]"
B0/seed2/stage2/Drishti_GS/pair05,2,2,Drishti_GS,5,P1,False,0.11140835720690667,0.11190175531344343,0.0004933981065367576,-0.001640551127717882,"[0.0187016103424682, -0.013302641530948345]","[-0.002421256672219152, -0.0008598455832167229]"
B0/seed2/stage2/Drishti_GS/pair05,2,2,Drishti_GS,5,P2,False,0.11140835720690667,0.11178305410264786,0.00037469689574118337,-0.0004111831418521783,"[0.006870144145012302, -0.003661270102567671]","[-0.0006614020326184411, -0.00016096425108580448]"
B0/seed2/stage2/Drishti_GS/pair05,2,2,Drishti_GS,5,P3,False,0.11140835720690667,0.11185254870636434,0.00044419149945766623,-0.0004793640062064064,"[0.007605329674240324, -0.003374089511921974]","[-0.0007404519952680655, -0.00021827601714474731]"
B0/seed2/stage2/Drishti_GS/pair05,2,2,Drishti_GS,5,P4,True,0.11140835720690667,0.11176250872927992,0.00035415152237325276,-0.0004505438354768243,"[0.00659667322933799, -0.0038770318715019014]","[-0.0007081052439247282, -0.00019298242702892043]"
B0/seed2/stage2/Drishti_GS/pair06,2,2,Drishti_GS,6,P0,False,0.11140835720690667,0.1111502411918054,-0.00025811601510127014,-0.0006202469923143328,"[0.004175522033089241, -0.0069809004935040275]","[-0.0008594935082830713, -0.0003810004763454833]"
B0/seed2/stage2/Drishti_GS/pair06,2,2,Drishti_GS,6,P1,False,0.11140835720690667,0.1111502411918054,-0.00025811601510127014,-0.0006202469923143328,"[0.004175522033089241, -0.0069809004935040275]","[-0.0008594935082830713, -0.0003810004763454833]"
B0/seed2/stage2/Drishti_GS/pair06,2,2,Drishti_GS,6,P2,False,0.11140835720690667,0.11108495869009342,-0.0003233985168132475,0.00012073503103093852,"[-0.0021957079959894488, -0.0004530921532376886]","[0.0002241895096860569, 1.728055237593118e-05]"
B0/seed2/stage2/Drishti_GS/pair06,2,2,Drishti_GS,6,P3,False,0.11140835720690667,0.11112441500840022,-0.00028394219850645663,8.8484508300124e-05,"[-0.001590504413280458, -0.00023758317316668887]","[0.00015956934789318478, 1.7399668707174243e-05]"
B0/seed2/stage2/Drishti_GS/pair06,2,2,Drishti_GS,6,P4,True,0.11140835720690667,0.11112626143885615,-0.00028209576805052206,0.00012365672230907343,"[-0.001689997973701729, -0.00024360184381383432]","[0.0002169671569525189, 3.034628766562797e-05]"
B0/seed2/stage2/Drishti_GS/pair07,2,2,Drishti_GS,7,P0,False,0.11140835720690667,0.11128706642564093,-0.00012129078126574266,0.0015122248528270932,"[-0.014871363525839953, 0.015792636474615485]","[0.0022305655407945935, 0.0007938841648597039]"
B0/seed2/stage2/Drishti_GS/pair07,2,2,Drishti_GS,7,P1,False,0.11140835720690667,0.11128706642564093,-0.00012129078126574266,0.0015122248528270932,"[-0.014871363525839953, 0.015792636474615485]","[0.0022305655407945935, 0.0007938841648597039]"
B0/seed2/stage2/Drishti_GS/pair07,2,2,Drishti_GS,7,P2,False,0.11140835720690667,0.11148781090332423,7.945369641755573e-05,0.00072953181756652,"[-0.003946124508151461, 0.006393314558821306]","[0.0009742191395473165, 0.0004848444955858344]"
B0/seed2/stage2/Drishti_GS/pair07,2,2,Drishti_GS,7,P3,False,0.11140835720690667,0.11169612445646086,0.0002877672495541911,0.0006719480777525044,"[-0.0026425824921721963, 0.007688975953707211]","[0.0009048102225227561, 0.00043908593298225274]"
B0/seed2/stage2/Drishti_GS/pair07,2,2,Drishti_GS,7,P4,True,0.11140835720690667,0.11148386618079886,7.550897389219102e-05,0.000705598134155716,"[-0.0038842875347315786, 0.006242624599749391]","[0.0009438357648274831, 0.000467360503483949]"
