seed,transition,update_batch,lambda_relation,lambda_assim,kappa_i,kappa_p,relation_gradient_norm,assimilation_gradient_norm,kappa_ifc_gradient_norm,kappa_pfc_gradient_norm,c0_total_gradient_norm,c3_total_gradient_norm,ifc_to_relation_ratio,pfc_to_assimilation_ratio,c3_to_c0_total_ratio,ifc_supervised_cosine,ifc_relation_cosine,ifc_assimilation_cosine,pfc_supervised_cosine,pfc_relation_cosine,pfc_assimilation_cosine,c3_supervised_cosine,c3_relation_cosine,c3_assimilation_cosine,finite,old_model_gradient_nonnull,pseudo_valid_pixels
0,REFUGE->RIM_ONE_r3,0,1.0,1.0,0.07106708362698555,0.9289329163730145,0.1498851329088211,0.8300902843475342,0.09673380851745605,1.822203516960144,0.9699146747589111,2.2238259315490723,0.6453862810816712,2.195187139664487,2.2928057378880697,0.08917968720197678,0.193050354719162,0.10447733104228973,-0.11267194151878357,0.0349351204931736,0.220818892121315,0.1429477035999298,0.1264294534921646,0.5875738263130188,True,0,36423
0,REFUGE->RIM_ONE_r3,1,1.0,1.0,0.07106708362698555,0.9289329163730145,0.16056665778160095,0.1392775923013687,0.04486483708024025,2.0678768157958984,0.28972241282463074,2.0784740447998047,0.27941565017355197,14.847160850694696,7.174018829043464,0.18718747794628143,-0.08377566933631897,-0.37790632247924805,0.2723497450351715,-0.5055562853813171,-0.14133653044700623,0.3715652525424957,-0.4602508544921875,-0.1255887895822525,True,0,36375
0,REFUGE->RIM_ONE_r3,2,1.0,1.0,0.07106708362698555,0.9289329163730145,0.30105188488960266,0.13756825029850006,0.060166943818330765,1.6130499839782715,0.4235030710697174,1.6148340702056885,0.19985572865751797,11.72545249705672,3.813039811321352,-0.40968024730682373,0.49462947249412537,-0.31902360916137695,0.26743951439857483,-0.6128838658332825,0.2850397527217865,0.45801499485969543,-0.561077892780304,0.39910659193992615,True,0,36412
0,REFUGE->RIM_ONE_r3,3,1.0,1.0,0.07106708362698555,0.9289329163730145,0.16042876243591309,0.5189470052719116,0.07176205515861511,1.6646959781646729,0.662675142288208,1.7174904346466064,0.4473141478435458,3.2078342513845426,2.5917532212180707,-0.243152916431427,0.025256508961319923,0.34150147438049316,-0.17037992179393768,-0.10746703296899796,-0.03394037485122681,0.06337597966194153,0.04051930084824562,0.2283831238746643,True,0,36214
0,REFUGE->RIM_ONE_r3,4,1.0,1.0,0.07106708362698555,0.9289329163730145,0.26089781522750854,0.49569299817085266,0.04410610347986221,1.0477735996246338,0.738135576248169,1.3717455863952637,0.16905508940885816,2.113755093356177,1.858392455987067,-0.015477648936212063,0.569266140460968,0.04412699118256569,-0.0735716000199318,0.20545974373817444,0.12819376587867737,0.25618794560432434,0.387518972158432,0.5433872938156128,True,0,35966
0,REFUGE->RIM_ONE_r3,5,1.0,1.0,0.07106708362698555,0.9289329163730145,0.38954707980155945,0.9551265835762024,0.056194502860307693,1.375697135925293,1.2876255512237549,2.227346420288086,0.14425599824527996,1.4403296480078929,1.729809118940847,-0.08232520520687103,-0.5191709995269775,-0.6003803014755249,-0.032944273203611374,0.4803544282913208,0.4044421315193176,0.06307423859834671,0.7770223617553711,0.7876378297805786,True,0,36088
0,REFUGE->RIM_ONE_r3,6,1.0,1.0,0.07106708362698555,0.9289329163730145,0.12629027664661407,0.40553534030914307,0.026409361511468887,1.487296223640442,0.5670897960662842,1.6396334171295166,0.20911634856393307,3.6674885658711354,2.8913117966556894,-0.0441310815513134,0.17123576998710632,0.32377660274505615,-0.13002799451351166,0.08594966679811478,0.16899938881397247,0.1216323971748352,0.1891305148601532,0.42387938499450684,True,0,36179
0,REFUGE->RIM_ONE_r3,7,1.0,1.0,0.07106708362698555,0.9289329163730145,0.2168733924627304,0.28803887963294983,0.0396699495613575,0.9168660044670105,0.8230016231536865,1.324617862701416,0.18291754977814884,3.183132796639745,1.6094960513268126,-0.05672062560915947,-0.021178605034947395,0.1118108332157135,0.08622442930936813,0.16433559358119965,0.09119190275669098,0.620546281337738,0.44075679779052734,0.21402022242546082,True,0,35744
0,REFUGE->RIM_ONE_r3,8,1.0,1.0,0.07106708362698555,0.9289329163730145,0.2168368548154831,0.3419599235057831,0.03541239723563194,0.8259604573249817,0.38120970129966736,0.8780572414398193,0.16331355325074262,2.4153720964059504,2.303344428135585,-0.11777046322822571,0.1715034544467926,0.2675175368785858,-0.10169767588376999,-0.08626828342676163,-0.0030087409541010857,-0.02728167735040188,0.17846208810806274,0.2882283627986908,True,0,35911
0,REFUGE->RIM_ONE_r3,9,1.0,1.0,0.07106708362698555,0.9289329163730145,0.6516544818878174,0.7141456604003906,0.26470422744750977,1.4784942865371704,1.120641827583313,1.5631699562072754,0.40620334058114976,2.070297935729586,1.3948881058440263,-0.22146925330162048,0.7937241196632385,0.2825148403644562,0.3114694356918335,-0.6240447759628296,-0.04420188441872597,0.2936207056045532,0.07579675316810608,0.6299589276313782,True,0,36007
0,REFUGE->RIM_ONE_r3,10,1.0,1.0,0.07106708362698555,0.9289329163730145,0.16710038483142853,0.2842191755771637,0.06010093539953232,1.5954606533050537,0.5799629092216492,1.6532918214797974,0.3596696408578733,5.613487021293172,2.8506854407269437,-0.23081383109092712,0.2661281228065491,0.024771785363554955,-0.22294388711452484,0.09087243676185608,0.046745993196964264,0.06655950099229813,0.1617770493030548,0.26386937499046326,True,0,36376
0,REFUGE->RIM_ONE_r3,11,1.0,1.0,0.07106708362698555,0.9289329163730145,0.1911485344171524,0.3498857915401459,0.06504116952419281,1.1342803239822388,0.666118860244751,1.1806479692459106,0.3402650704203173,3.2418587762289612,1.77242837533846,0.23326507210731506,0.3999914228916168,0.4577041268348694,-0.1531400978565216,-0.3638863265514374,-0.07789677381515503,0.30816084146499634,0.02629493549466133,0.23845967650413513,True,0,36322
0,REFUGE->RIM_ONE_r3,12,1.0,1.0,0.07106708362698555,0.9289329163730145,0.2466421276330948,0.4425385594367981,0.1033904030919075,1.5482045412063599,0.883771538734436,1.4766714572906494,0.41919198510041733,3.498462468844976,1.6708746464105964,0.2149374783039093,0.7230657339096069,0.5362525582313538,-0.200093075633049,-0.41274189949035645,-0.23186200857162476,0.23095811903476715,0.019592946395277977,0.2339857816696167,True,0,36102
0,REFUGE->RIM_ONE_r3,13,1.0,1.0,0.07106708362698555,0.9289329163730145,0.3831127882003784,0.5562464594841003,0.07702506333589554,1.2684708833694458,0.543290913105011,1.4194862842559814,0.20105061931686116,2.2804116084548376,2.612755431787635,-0.08006804436445236,0.7509756684303284,-0.367855429649353,0.0049584791995584965,-0.17641033232212067,0.19706913828849792,0.13389839231967926,-0.02770092897117138,0.4186525344848633,True,0,35799
0,REFUGE->RIM_ONE_r3,14,1.0,1.0,0.07106708362698555,0.9289329163730145,0.20111143589019775,0.3157635033130646,0.04521457850933075,1.3070019483566284,0.4033060371875763,1.2827636003494263,0.22482350796807435,4.139179907251022,3.180620873653863,-0.16344939172267914,0.030849410220980644,0.13671009242534637,-0.27189409732818604,0.3021235466003418,-0.1982199251651764,-0.12060198187828064,0.37893202900886536,-0.00012388467439450324,True,0,36233
0,REFUGE->RIM_ONE_r3,15,1.0,1.0,0.07106708362698555,0.9289329163730145,0.26841944456100464,0.8934792876243591,0.05907004326581955,2.3188581466674805,1.0325486660003662,2.87502384185791,0.22006618545250173,2.595312704822751,2.784395483260341,-0.43531882762908936,-0.21761706471443176,0.3609820306301117,-0.2287725955247879,0.07990282028913498,0.5758434534072876,-0.03261983022093773,0.20662669837474823,0.7155537605285645,True,0,27164
0,REFUGE->RIM_ONE_r3,16,1.0,1.0,0.07106708362698555,0.9289329163730145,0.2913913428783417,1.4668716192245483,0.0867057740688324,2.0391104221343994,1.5301284790039062,2.5739574432373047,0.29755782451310775,1.3901083062827007,1.682183867927821,0.049623798578977585,-0.041829969733953476,0.17749857902526855,-0.18414102494716644,-0.508184552192688,0.13791689276695251,-0.017280977219343185,-0.24199368059635162,0.6748228073120117,True,0,36427
0,REFUGE->RIM_ONE_r3,17,1.0,1.0,0.07106708362698555,0.9289329163730145,0.10970242321491241,0.22119228541851044,0.042618922889232635,1.5607244968414307,0.45810431241989136,1.815974473953247,0.3884957290846719,7.055962615913284,3.9641069178339294,-0.02349240705370903,-0.06458111852407455,-0.5432080030441284,0.4457922577857971,-0.07149422913789749,0.04038935899734497,0.5961335897445679,-0.08786742389202118,0.09560520201921463,True,0,36343
0,REFUGE->RIM_ONE_r3,18,1.0,1.0,0.07106708362698555,0.9289329163730145,0.15179909765720367,0.1263057440519333,0.058852117508649826,3.644690752029419,0.466060608625412,3.6843607425689697,0.3876974133374039,28.856096604211658,7.905325346923301,-0.43167203664779663,0.36572349071502686,-0.23148387670516968,0.010338770225644112,-0.02458500675857067,0.17369551956653595,0.116178497672081,-0.004524040501564741,0.2546815276145935,True,0,36427
0,REFUGE->RIM_ONE_r3,19,1.0,1.0,0.07106708362698555,0.9289329163730145,0.17232917249202728,0.4212575852870941,0.05844782665371895,2.027543783187866,0.5622045993804932,2.047351121902466,0.3391638560582249,4.813073649002809,3.64164776339164,0.14615744352340698,0.30571556091308594,-0.23650701344013214,-0.08258013427257538,-0.23505724966526031,-0.043501388281583786,0.10565803945064545,-0.13954715430736542,0.14334510266780853,True,0,36201
0,REFUGE->RIM_ONE_r3,20,1.0,1.0,0.07106708362698555,0.9289329163730145,0.2024359107017517,0.4321969449520111,0.04719233140349388,1.199289321899414,0.5052109360694885,1.232916235923767,0.23312233111160904,2.7748676521361735,2.4403989460635653,-0.2853209674358368,0.3826918601989746,-0.398032009601593,-0.16979430615901947,0.14883030951023102,-0.14021673798561096,0.0906711146235466,0.09187022596597672,0.17467497289180756,True,0,35956
0,REFUGE->RIM_ONE_r3,21,1.0,1.0,0.07106708362698555,0.9289329163730145,0.18411466479301453,0.5548208951950073,0.05836721509695053,1.934180736541748,0.5117518305778503,1.9932222366333008,0.31701556832840094,3.4861353515929245,3.8949000619746323,-0.11677289009094238,-0.2783319056034088,0.1366601139307022,-0.037254154682159424,0.18813590705394745,-0.028710830956697464,0.03117555007338524,0.1857937127351761,0.17468824982643127,True,0,36030
0,REFUGE->RIM_ONE_r3,22,1.0,1.0,0.07106708362698555,0.9289329163730145,0.21516582369804382,0.7355677485466003,0.03549744188785553,1.2991082668304443,0.7095686197280884,1.4740397930145264,0.1649771384589004,1.7661299987626389,2.0773745512863697,-0.07448350638151169,-0.31900280714035034,0.3388546109199524,-0.04106147214770317,-0.32670941948890686,0.08709067106246948,0.10478834807872772,-0.2446616142988205,0.4546526372432709,True,0,36074
0,REFUGE->RIM_ONE_r3,23,1.0,1.0,0.07106708362698555,0.9289329163730145,0.17158564925193787,0.2620829641819,0.037904299795627594,1.3112194538116455,0.5868873000144958,1.5716384649276733,0.2209060021096112,5.003070145763411,2.677922089792801,0.016125647351145744,0.06565265357494354,0.03127783536911011,0.32798007130622864,0.08111334592103958,-0.09330219030380249,0.5891718864440918,0.09886600077152252,0.1268596351146698,True,0,35783
0,REFUGE->RIM_ONE_r3,24,1.0,1.0,0.07106708362698555,0.9289329163730145,0.15391241014003754,0.5008845925331116,0.034577563405036926,0.9256777763366699,0.48226314783096313,1.0075173377990723,0.22465740984483615,1.8480859466154909,2.0891443651261836,-0.21066659688949585,-0.2810988426208496,0.2768705189228058,-0.18713636696338654,-0.08993373811244965,0.08652408421039581,-0.026225896552205086,0.0861218199133873,0.3746546506881714,True,0,35846
0,REFUGE->RIM_ONE_r3,25,1.0,1.0,0.07106708362698555,0.9289329163730145,0.6618232131004333,0.8157938718795776,0.27185460925102234,1.6408665180206299,1.1910475492477417,1.699168086051941,0.41076620443315837,2.011373920032148,1.4266165000088578,-0.6828787326812744,0.8054126501083374,0.5994876027107239,0.5769997239112854,-0.5816991329193115,-0.2863927483558655,0.33709532022476196,0.09200087189674377,0.4818795621395111,True,0,35998
0,REFUGE->RIM_ONE_r3,26,1.0,1.0,0.07106708362698555,0.9289329163730145,0.28027427196502686,0.4029677212238312,0.04572303593158722,1.6066062450408936,0.7075272798538208,1.8250360488891602,0.16313675747338174,3.9869353311018507,2.5794567939008983,0.09352624416351318,0.2980763018131256,0.1628335565328598,-0.042479854077100754,0.2524692118167877,0.019666720181703568,0.20751000940799713,0.4159625172615051,0.31036853790283203,True,0,36479
0,REFUGE->RIM_ONE_r3,27,1.0,1.0,0.07106708362698555,0.9289329163730145,0.15939608216285706,0.2941631078720093,0.05890519171953201,1.1301794052124023,0.5223314166069031,1.2702230215072632,0.3695523184776136,3.8420161297185667,2.4318334703256217,-0.09931834787130356,0.2994029223918915,0.5825966000556946,-0.02790149115025997,-0.3398451507091522,0.24472028017044067,0.269927054643631,-0.19011655449867249,0.4635217785835266,True,0,36232
0,REFUGE->RIM_ONE_r3,28,1.0,1.0,0.07106708362698555,0.9289329163730145,0.22384236752986908,0.2524873912334442,0.11574925482273102,1.4257174730300903,0.5090435147285461,1.4176661968231201,0.5171016376392001,5.6466878051423315,2.7849607269412093,-0.09434190392494202,0.7532296776771545,-0.04529666155576706,0.04723452404141426,-0.41974076628685,0.022923966869711876,0.2919760048389435,-0.19143709540367126,0.21413740515708923,True,0,36054
0,REFUGE->RIM_ONE_r3,29,1.0,1.0,0.07106708362698555,0.9289329163730145,0.4072592854499817,0.9172284603118896,0.0606507733464241,1.5467597246170044,1.0066388845443726,2.0907866954803467,0.14892422472187694,1.686340744476084,2.076997747237515,0.0708722472190857,0.47708407044410706,-0.1295616626739502,-0.03773660212755203,0.27406516671180725,0.2050110399723053,0.12106264382600784,0.35765960812568665,0.5740099549293518,True,0,35702
0,REFUGE->RIM_ONE_r3,30,1.0,1.0,0.07106708362698555,0.9289329163730145,0.3217800259590149,0.24114789068698883,0.04051842913031578,1.1880412101745605,0.31702670454978943,1.2389090061187744,0.12591965274897643,4.926608343079575,3.9079010958340334,-0.0889618918299675,0.08976960927248001,0.011802519671618938,-0.3411705195903778,0.3415434956550598,0.02938433550298214,-0.22052223980426788,0.3981610834598541,0.12767964601516724,True,0,36240
0,REFUGE->RIM_ONE_r3,31,1.0,1.0,0.07106708362698555,0.9289329163730145,0.22620636224746704,0.30262309312820435,0.06664905697107315,1.7134255170822144,0.7685368657112122,1.8937647342681885,0.2946382953551054,5.661912643118523,2.464116971819795,-0.47631099820137024,-0.2561548054218292,0.23152275383472443,-0.16759991645812988,0.0021498077549040318,0.41460850834846497,0.18433360755443573,0.18702444434165955,0.49187687039375305,True,0,27169
0,RIM_ONE_r3->Drishti_GS,0,1.0,1.0,0.11247364431619644,0.8875263556838036,0.16496813297271729,0.4932001531124115,0.13243022561073303,1.604601263999939,0.554517388343811,1.8636999130249023,0.8027624682679446,3.2534484303661886,3.360940436135384,0.19313208758831024,0.06972144544124603,-0.3123359680175781,0.3273923993110657,0.1231079250574112,0.08230092376470566,0.4347274601459503,0.13931521773338318,0.3075398802757263,True,0,36037
0,RIM_ONE_r3->Drishti_GS,1,1.0,1.0,0.11247364431619644,0.8875263556838036,0.09066713601350784,0.26372313499450684,0.15214377641677856,2.311008930206299,0.56195068359375,2.552715301513672,1.6780476709235832,8.763011748113929,4.542596665580537,0.22382593154907227,0.011700448580086231,0.09985987097024918,0.2886331379413605,0.09977352619171143,-0.24044053256511688,0.46853363513946533,0.11249005049467087,-0.1299772411584854,True,0,35761
0,RIM_ONE_r3->Drishti_GS,2,1.0,1.0,0.11247364431619644,0.8875263556838036,0.16443395614624023,1.09604012966156,0.1865047663450241,2.2817676067352295,1.116021752357483,1.9610036611557007,1.1342229471092642,2.0818285252382167,1.7571374903878703,-0.5513765811920166,0.32160013914108276,0.22526849806308746,0.34861770272254944,-0.4508712887763977,-0.49628010392189026,0.2901918590068817,-0.1281607449054718,-0.012349851429462433,True,0,36205
0,RIM_ONE_r3->Drishti_GS,3,1.0,1.0,0.11247364431619644,0.8875263556838036,0.20996341109275818,1.8244373798370361,0.2712918519973755,2.0356295108795166,1.768507719039917,2.1801483631134033,1.2920910866585391,1.115757401912772,1.2327615761252977,-0.48119890689849854,0.5007066130638123,-0.6154761910438538,0.023177336901426315,0.36139723658561707,-0.35670608282089233,0.19859670102596283,-0.06509840488433838,0.38908931612968445,True,0,36043
0,RIM_ONE_r3->Drishti_GS,4,1.0,1.0,0.11247364431619644,0.8875263556838036,0.25632816553115845,0.9226685166358948,0.13245055079460144,2.0984530448913574,0.8449028730392456,2.385314702987671,0.5167225791209479,2.274330387409819,2.823182142116912,-0.08121255040168762,-0.19748300313949585,0.37449178099632263,-0.4236191511154175,-0.6896336078643799,0.44607987999916077,-0.25196245312690735,-0.7082231044769287,0.7177801728248596,True,0,36083
0,RIM_ONE_r3->Drishti_GS,5,1.0,1.0,0.11247364431619644,0.8875263556838036,0.09152349829673767,0.28423237800598145,0.17764295637607574,2.4606151580810547,0.42521896958351135,2.3663883209228516,1.9409546147386258,8.6570543980365,5.565105252102592,-0.062440916895866394,0.007019281852990389,-0.44460099935531616,-0.16392956674098969,-0.23695172369480133,-0.5145159363746643,-0.061653800308704376,-0.13716603815555573,-0.4271814823150635,True,0,35824
0,RIM_ONE_r3->Drishti_GS,6,1.0,1.0,0.11247364431619644,0.8875263556838036,0.1836458146572113,0.2578919529914856,0.14021632075309753,1.9638081789016724,0.5226030945777893,2.1545016765594482,0.763514926897854,7.614848606643063,4.122634746929826,0.4398684799671173,0.494003027677536,-0.3865562975406647,0.10933705419301987,-0.0352649949491024,0.21828489005565643,0.33697012066841125,0.11003994941711426,0.23754428327083588,True,0,36145
0,RIM_ONE_r3->Drishti_GS,7,1.0,1.0,0.11247364431619644,0.8875263556838036,0.11911429464817047,0.8548119068145752,0.1552376002073288,2.0202271938323975,0.883209764957428,2.5338172912597656,1.3032659150260364,2.363358743282717,2.868873728294772,-0.17731663584709167,0.21958321332931519,-0.2876799702644348,0.14113032817840576,-0.24638213217258453,0.5053718090057373,0.2039746195077896,-0.1918085813522339,0.695440948009491,True,0,36138
0,RIM_ONE_r3->Drishti_GS,8,1.0,1.0,0.11247364431619644,0.8875263556838036,0.10084722191095352,0.8458563685417175,0.15550532937049866,2.261018991470337,0.9219340085983276,2.9982402324676514,1.5419892231419856,2.6730531040020464,3.2521202217348053,0.28158870339393616,0.35559847950935364,0.4031737148761749,0.2092137336730957,-0.12181798368692398,0.6080236434936523,0.289754718542099,-0.04908236488699913,0.7679243087768555,True,0,35777
0,RIM_ONE_r3->Drishti_GS,9,1.0,1.0,0.11247364431619644,0.8875263556838036,0.2013021856546402,1.2287758588790894,0.11734231561422348,2.688429117202759,1.3019939661026,3.6110520362854004,0.5829162521639945,2.187892200010497,2.773478318870213,-0.3614344000816345,0.4745020270347595,0.6168134808540344,-0.33960700035095215,0.3786950707435608,0.5499559044837952,-0.358347088098526,0.6067413091659546,0.7826741933822632,True,0,36186
0,RIM_ONE_r3->Drishti_GS,10,1.0,1.0,0.11247364431619644,0.8875263556838036,0.5590185523033142,0.5682457089424133,0.2649771273136139,3.6969547271728516,0.5969699621200562,3.3925940990448,0.4740041743191408,6.505908745097986,5.683023123971719,-0.0943906307220459,0.336059033870697,-0.08800870180130005,0.4638988971710205,-0.40348321199417114,-0.4032597541809082,0.4943888485431671,-0.32658955454826355,-0.34498119354248047,True,0,9063
0,RIM_ONE_r3->Drishti_GS,11,1.0,1.0,0.11247364431619644,0.8875263556838036,0.1087571531534195,0.7868069410324097,0.128012552857399,1.5472601652145386,0.8133344650268555,1.919776201248169,1.1770495010734296,1.966505485048593,2.3603772910137035,0.2505568265914917,0.28281500935554504,-0.34886500239372253,0.16467538475990295,-0.07659018039703369,0.17424046993255615,0.27715829014778137,0.0068992385640740395,0.4904406666755676,True,0,35968
0,RIM_ONE_r3->Drishti_GS,12,1.0,1.0,0.11247364431619644,0.8875263556838036,0.08863531798124313,0.39737996459007263,0.14281272888183594,2.1096251010894775,0.4816829264163971,2.4862382411956787,1.6112395389844232,5.3088360991367916,5.161566052782235,-0.1691971868276596,0.10294985771179199,0.4291996955871582,0.09171148389577866,0.09846597909927368,0.6060735583305359,0.1636400669813156,0.1343381255865097,0.7039432525634766,True,0,35847
0,RIM_ONE_r3->Drishti_GS,13,1.0,1.0,0.11247364431619644,0.8875263556838036,0.21852505207061768,1.5366088151931763,0.18334700167179108,2.4682135581970215,1.5842489004135132,2.195504903793335,0.8390205147396163,1.6062731996540887,1.3858333139573427,0.025445984676480293,0.49388980865478516,0.13771577179431915,0.40059617161750793,-0.2995496094226837,-0.5375822186470032,0.4481370449066162,0.04374179244041443,0.10380424559116364,True,0,36191
0,RIM_ONE_r3->Drishti_GS,14,1.0,1.0,0.11247364431619644,0.8875263556838036,0.18753324449062347,0.7305894494056702,0.26814669370651245,2.309328079223633,0.6650923490524292,2.5128142833709717,1.4298621795556872,3.160910797578936,3.7781434216632173,-0.3422597646713257,0.6156463027000427,-0.04462363198399544,-0.471875935792923,0.44481584429740906,0.2500663101673126,-0.4487062096595764,0.5516136884689331,0.4303617775440216,True,0,36015
0,RIM_ONE_r3->Drishti_GS,15,1.0,1.0,0.11247364431619644,0.8875263556838036,0.3148023784160614,0.7783803939819336,0.12976230680942535,2.8800110816955566,0.959704577922821,3.067852258682251,0.4122024346268561,3.700004655772975,3.1966631495311737,-0.312461793422699,-0.15605606138706207,0.17695285379886627,-0.21758528053760529,-0.5423017740249634,0.30511710047721863,0.006172758061438799,-0.48842576146125793,0.5707561373710632,True,0,36155
0,RIM_ONE_r3->Drishti_GS,16,1.0,1.0,0.11247364431619644,0.8875263556838036,0.09164095669984818,0.34173911809921265,0.16475896537303925,1.813276767730713,0.5390132665634155,1.890014886856079,1.7978747855358455,5.306026356644041,3.5064348209947385,0.022021105512976646,0.19920317828655243,0.3135974705219269,-0.010637525469064713,-0.11165999621152878,-0.11458985507488251,0.19369985163211823,-0.022169657051563263,0.10582169890403748,True,0,35806
0,RIM_ONE_r3->Drishti_GS,17,1.0,1.0,0.11247364431619644,0.8875263556838036,0.1678284853696823,0.5529394745826721,0.13987432420253754,1.5744719505310059,0.6303308010101318,1.899167776107788,0.8334361350782076,2.8474580363779047,3.0129699723768715,0.06224333867430687,0.27440938353538513,-0.29666024446487427,-0.029119113460183144,0.07851159572601318,0.42693057656288147,0.09572736918926239,0.21332265436649323,0.6022725105285645,True,0,36073
0,RIM_ONE_r3->Drishti_GS,18,1.0,1.0,0.11247364431619644,0.8875263556838036,0.11690651625394821,0.567058801651001,0.1778593361377716,1.8223795890808105,0.7055729031562805,2.073359251022339,1.5213808591423565,3.213740063243746,2.938547160396126,-0.5287779569625854,0.35083431005477905,0.01272277720272541,0.48956143856048584,-0.274950236082077,0.04094105586409569,0.5864362716674805,-0.3213339149951935,0.3258048892021179,True,0,36096
0,RIM_ONE_r3->Drishti_GS,19,1.0,1.0,0.11247364431619644,0.8875263556838036,0.0892876610159874,1.2516131401062012,0.17173629999160767,2.3027048110961914,1.1127018928527832,2.832279920578003,1.923404623185923,1.8397895781925104,2.545407659293638,0.3100709915161133,0.19137689471244812,0.06537310034036636,0.15800942480564117,-0.20351223647594452,0.13068373501300812,0.1286601424217224,-0.18070882558822632,0.4692692160606384,True,0,35801
0,RIM_ONE_r3->Drishti_GS,20,1.0,1.0,0.11247364431619644,0.8875263556838036,0.09041699767112732,1.2533563375473022,0.12077072262763977,3.322726249694824,1.282009482383728,2.818060874938965,1.3357081714537535,2.651062710702911,2.198159150663341,-0.1826258897781372,0.5533012747764587,-0.5832509398460388,-0.17215433716773987,0.36762696504592896,-0.611135721206665,0.0037762189749628305,0.20541593432426453,-0.2952348589897156,True,0,36162
0,RIM_ONE_r3->Drishti_GS,21,1.0,1.0,0.11247364431619644,0.8875263556838036,0.40939489006996155,1.2118483781814575,0.27103546261787415,3.8627121448516846,1.1917684078216553,3.606630563735962,0.662039192945366,3.1874549773695344,3.026284754710232,0.0346178263425827,0.38829994201660156,-0.40132567286491394,0.14016076922416687,-0.3281448185443878,-0.25374752283096313,0.22566473484039307,-0.2908804714679718,-0.008989051915705204,True,0,9043
0,RIM_ONE_r3->Drishti_GS,22,1.0,1.0,0.11247364431619644,0.8875263556838036,0.130975142121315,0.5538281202316284,0.14477206766605377,1.8338764905929565,0.6560257077217102,1.9913986921310425,1.1053400311026915,3.311273703158972,3.0355497790580563,0.21861407160758972,0.4236636161804199,-0.3264528810977936,-0.10130629688501358,0.11662053316831589,-0.0009988645324483514,0.11732806265354156,0.1543111950159073,0.21233177185058594,True,0,36088
0,RIM_ONE_r3->Drishti_GS,23,1.0,1.0,0.11247364431619644,0.8875263556838036,0.09919627010822296,0.2970346510410309,0.15517674386501312,2.252256393432617,0.49335038661956787,2.253037214279175,1.5643405109457802,7.582470211940026,4.56680946318288,0.08515273779630661,0.012181302532553673,0.08442148566246033,-0.20871953666210175,0.11873141676187515,-0.21396726369857788,-0.01077065896242857,0.061432115733623505,-0.05225120112299919,True,0,35759
0,RIM_ONE_r3->Drishti_GS,24,1.0,1.0,0.11247364431619644,0.8875263556838036,0.17103835940361023,1.143876075744629,0.21032966673374176,1.9304907321929932,1.2453752756118774,1.650136947631836,1.229722194875673,1.6876747168055786,1.3250118096499797,-0.02200392633676529,0.4389022886753082,0.5745143294334412,-0.08737490326166153,-0.46521809697151184,-0.47705069184303284,-0.018316108733415604,-0.0008206191123463213,0.24342605471611023,True,0,36234
0,RIM_ONE_r3->Drishti_GS,25,1.0,1.0,0.11247364431619644,0.8875263556838036,0.26365768909454346,1.3274794816970825,0.2738966643810272,2.864558696746826,1.3100535869598389,2.7942416667938232,1.0388343511681628,2.1578930117132233,2.1329216564936466,-0.08627231419086456,0.41805049777030945,0.060548268258571625,-0.31780678033828735,0.5783557295799255,-0.4544931650161743,-0.12464345246553421,0.49503543972969055,-0.0002525166783016175,True,0,36082
0,RIM_ONE_r3->Drishti_GS,26,1.0,1.0,0.11247364431619644,0.8875263556838036,0.23887820541858673,0.8431104421615601,0.1297418773174286,2.8366570472717285,0.6471173763275146,3.2333359718322754,0.5431298225389866,3.364514191046109,4.996521635969549,0.18078595399856567,-0.15676750242710114,-0.08625204861164093,0.06212146207690239,-0.41858139634132385,0.4483027458190918,0.11808676272630692,-0.4310080409049988,0.5258011221885681,True,0,36096
0,RIM_ONE_r3->Drishti_GS,27,1.0,1.0,0.11247364431619644,0.8875263556838036,0.1125652864575386,0.4358978867530823,0.17424796521663666,1.2893339395523071,0.5339191555976868,1.3978822231292725,1.5479724762426268,2.957880684295816,2.6181533448906453,-0.21754394471645355,0.16072450578212738,0.29517772793769836,0.0531245581805706,-0.23669148981571198,-0.08169367164373398,0.23823359608650208,-0.17931875586509705,0.25940993428230286,True,0,35880
0,RIM_ONE_r3->Drishti_GS,28,1.0,1.0,0.11247364431619644,0.8875263556838036,0.20360170304775238,1.314720630645752,0.13246700167655945,1.9042418003082275,1.4869457483291626,2.1850037574768066,0.6506183381260365,1.448400333820669,1.4694576180281167,0.23502065241336823,0.38682806491851807,-0.5061705112457275,-0.13237011432647705,0.17651067674160004,-0.21786198019981384,0.1872679740190506,0.4614449441432953,0.422209233045578,True,0,36159
0,RIM_ONE_r3->Drishti_GS,29,1.0,1.0,0.11247364431619644,0.8875263556838036,0.10045088082551956,0.8770225644111633,0.15979430079460144,2.242434501647949,0.9190841913223267,2.2391357421875,1.590770528654296,2.5568720722180385,2.4362683672819543,-0.08546657115221024,0.34442558884620667,0.0716991275548935,0.2823408544063568,-0.014965265989303589,-0.34741905331611633,0.4422445297241211,-0.04094817116856575,-0.012679445557296276,True,0,36148
0,RIM_ONE_r3->Drishti_GS,30,1.0,1.0,0.11247364431619644,0.8875263556838036,0.14578968286514282,1.2674641609191895,0.16040165722370148,2.157886266708374,1.3444219827651978,2.7689568996429443,1.1002263951151805,1.7025225116767273,2.0595891283685894,0.022446375340223312,0.21459734439849854,0.382718950510025,-0.11417447775602341,0.06895886361598969,0.17380698025226593,-0.10674288868904114,0.41273295879364014,0.6358675360679626,True,0,35765
0,RIM_ONE_r3->Drishti_GS,31,1.0,1.0,0.11247364431619644,0.8875263556838036,0.1943882554769516,0.7052891850471497,0.11571855843067169,3.1796388626098633,0.6442869901657104,3.315636157989502,0.5952960385736489,4.5082767891830064,5.146210009822985,0.42202237248420715,0.3283531069755554,-0.5153603553771973,0.4595099687576294,0.3407624363899231,-0.42775100469589233,0.5449756383895874,0.25473517179489136,-0.2921862006187439,True,0,36187
1,REFUGE->RIM_ONE_r3,0,1.0,1.0,0.09018471091985703,0.909815289080143,0.10769706219434738,0.8793551325798035,0.12082108110189438,1.441659927368164,0.9349939227104187,1.7529112100601196,1.1218605098425407,1.639451313758415,1.8747835333289347,-0.09306082129478455,0.3150445818901062,-0.7570441365242004,-0.3446257412433624,0.02300715260207653,0.2598886489868164,-0.06778962910175323,-0.0953739807009697,0.6400206089019775,True,0,36113
1,REFUGE->RIM_ONE_r3,1,1.0,1.0,0.09018471091985703,0.909815289080143,0.17347188293933868,0.19293084740638733,0.07038027048110962,0.9293104410171509,0.4163261353969574,1.0942095518112183,0.40571572342776074,4.816805884129364,2.6282509282486304,-0.11511542648077011,0.47385933995246887,-0.44373345375061035,0.2517106533050537,-0.05389166250824928,-0.15350449085235596,0.5162590146064758,0.002606290392577648,0.01719232089817524,True,0,35992
1,REFUGE->RIM_ONE_r3,2,1.0,1.0,0.09018471091985703,0.909815289080143,0.23311464488506317,0.9146798849105835,0.042519036680459976,1.9588440656661987,1.063559889793396,2.2588253021240234,0.18239539048018164,2.141562417607653,2.1238346084702537,-0.13741110265254974,-0.28508269786834717,-0.15134841203689575,-0.23391708731651306,-0.14678366482257843,0.11057903617620468,-0.2375161051750183,0.250717431306839,0.5501055121421814,True,0,36244
1,REFUGE->RIM_ONE_r3,3,1.0,1.0,0.09018471091985703,0.909815289080143,0.1709606796503067,1.0415139198303223,0.07751531898975372,1.9588791131973267,1.130163550376892,2.849893569946289,0.453410217766496,1.880799743431616,2.5216647351579278,-0.10028482228517532,0.6021737456321716,0.4593542814254761,-0.30737021565437317,0.5838655829429626,0.6959764361381531,-0.2175782322883606,0.7610612511634827,0.8661029934883118,True,0,36157
1,REFUGE->RIM_ONE_r3,4,1.0,1.0,0.09018471091985703,0.909815289080143,0.17245455086231232,0.4723873436450958,0.09520713984966278,1.7171902656555176,0.5889346599578857,1.8885412216186523,0.5520709043258368,3.6351318229762755,3.2067075518253594,0.1351533979177475,0.4238065183162689,-0.1324242651462555,0.3833165168762207,0.031437404453754425,-0.18282803893089294,0.4497964382171631,0.24008940160274506,0.09403440356254578,True,0,36309
1,REFUGE->RIM_ONE_r3,5,1.0,1.0,0.09018471091985703,0.909815289080143,0.09811215102672577,0.14890056848526,0.046362485736608505,1.0637431144714355,0.30955973267555237,1.1098278760910034,0.4725458085612592,7.14398289605414,3.5851816594447286,-0.07639127969741821,0.2734481692314148,0.02914339117705822,-0.11658446490764618,-0.011773851700127125,0.14853036403656006,0.08702586591243744,0.15392960608005524,0.29866066575050354,True,0,36215
1,REFUGE->RIM_ONE_r3,6,1.0,1.0,0.09018471091985703,0.909815289080143,0.1327308714389801,0.16271917521953583,0.041658416390419006,1.3282029628753662,0.3692477345466614,1.470572829246521,0.3138562712561598,8.162547290959376,3.982618420264638,0.3263956308364868,0.2800127863883972,-0.36150458455085754,0.22614645957946777,0.16367429494857788,-0.16784194111824036,0.42986857891082764,0.22434313595294952,-0.11344568431377411,True,0,36319
1,REFUGE->RIM_ONE_r3,7,1.0,1.0,0.09018471091985703,0.909815289080143,0.17831386625766754,0.2982650399208069,0.09642796218395233,2.8722994327545166,0.3193642795085907,2.886857748031616,0.5407765767616286,9.630023798689743,9.039388351363701,0.04864756762981415,0.3120197355747223,-0.41167646646499634,-0.09946461021900177,-0.1481732279062271,0.07413778454065323,-0.028338124975562096,-0.1453532725572586,0.10509183257818222,True,0,36236
1,REFUGE->RIM_ONE_r3,8,1.0,1.0,0.09018471091985703,0.909815289080143,0.1286303550004959,0.1875120848417282,0.09178269654512405,1.4055392742156982,0.47212281823158264,1.6345232725143433,0.7135383910335177,7.495726344262346,3.462072175703627,-0.4782222807407379,-0.006204524543136358,0.32225263118743896,0.27467262744903564,0.45534613728523254,0.06606943160295486,0.4602706730365753,0.5579974055290222,0.1735905110836029,True,0,36237
1,REFUGE->RIM_ONE_r3,9,1.0,1.0,0.09018471091985703,0.909815289080143,0.09388218075037003,0.4418402314186096,0.06666076928377151,1.3675791025161743,0.5116010308265686,1.4888811111450195,0.7100470904166634,3.0951891776022955,2.9102386848976978,-0.1546258181333542,-0.018435567617416382,0.057616062462329865,-0.23393864929676056,-0.07546543329954147,0.14575320482254028,-0.05277634039521217,-0.004146035294979811,0.41194871068000793,True,0,36243
1,REFUGE->RIM_ONE_r3,10,1.0,1.0,0.09018471091985703,0.909815289080143,0.08130227029323578,0.11319505423307419,0.029570214450359344,0.7975218296051025,0.42445969581604004,0.9023893475532532,0.36370711843233167,7.045553668475354,2.125971809451484,0.058206938207149506,-0.04562476649880409,0.2042134404182434,-0.08147339522838593,0.2819000482559204,0.07261849194765091,0.37271246314048767,0.336131751537323,0.19654132425785065,True,0,36280
1,REFUGE->RIM_ONE_r3,11,1.0,1.0,0.09018471091985703,0.909815289080143,0.23216784000396729,1.1832436323165894,0.09489845484495163,1.2398881912231445,1.465916633605957,2.1884210109710693,0.40874935496376247,1.0478722702235506,1.4928686671545905,-0.08334870636463165,0.31931355595588684,-0.025824325159192085,0.062192849814891815,0.1833905428647995,0.30925098061561584,0.29920879006385803,0.6411426067352295,0.8270820379257202,True,0,36273
1,REFUGE->RIM_ONE_r3,12,1.0,1.0,0.09018471091985703,0.909815289080143,0.16455306112766266,0.6795972585678101,0.031050952151417732,1.0921560525894165,0.7639033794403076,1.4577703475952148,0.18869872087841594,1.6070636525094832,1.9083177098434696,0.10687971115112305,0.007169651798903942,0.42047637701034546,0.018519802019000053,0.18513812124729156,0.16707944869995117,0.04228877276182175,0.445995956659317,0.6427760720252991,True,0,36232
1,REFUGE->RIM_ONE_r3,13,1.0,1.0,0.09018471091985703,0.909815289080143,0.19103480875492096,0.3527534306049347,0.13809381425380707,2.20888614654541,0.5634509325027466,2.1993002891540527,0.7228725233576043,6.261841714076047,3.903268523108411,-0.09439371526241302,0.39605459570884705,-0.3793220520019531,-0.3038460314273834,0.12581941485404968,-0.19480440020561218,-0.14490947127342224,0.2906041145324707,-0.062376413494348526,True,0,36288
1,REFUGE->RIM_ONE_r3,14,1.0,1.0,0.09018471091985703,0.909815289080143,0.12840959429740906,0.2287960648536682,0.05303262546658516,1.2978055477142334,0.5661728382110596,1.4837067127227783,0.41299581823891185,5.672324602891552,2.6205897079253346,0.2497997283935547,0.3031228482723236,0.3873884677886963,0.04916511848568916,-0.09469527751207352,0.1599859893321991,0.3704001307487488,0.10985731333494186,0.3849778473377228,True,0,36318
1,REFUGE->RIM_ONE_r3,15,1.0,1.0,0.09018471091985703,0.909815289080143,0.17693060636520386,0.594499409198761,0.06255927681922913,2.2458853721618652,0.6535587310791016,2.5904386043548584,0.3535808648623519,3.777775616612919,3.9635896227378717,-0.14306098222732544,0.4341171085834503,0.5310308337211609,-0.02158360742032528,0.13617989420890808,0.3723241686820984,0.017898425459861755,0.26172852516174316,0.5508450865745544,True,0,27091
1,REFUGE->RIM_ONE_r3,16,1.0,1.0,0.09018471091985703,0.909815289080143,0.33863332867622375,0.7116848826408386,0.1266404092311859,1.748104453086853,0.7807402610778809,1.931164026260376,0.3739750299424016,2.4562899897496595,2.4735038303189762,0.30246061086654663,0.6881899237632751,-0.6359339356422424,-0.5315240621566772,0.0016124891117215157,0.31826403737068176,-0.2620736360549927,0.20516522228717804,0.5000903606414795,True,0,36105
1,REFUGE->RIM_ONE_r3,17,1.0,1.0,0.09018471091985703,0.909815289080143,0.2504981458187103,0.30333638191223145,0.06807979941368103,1.34298574924469,0.6777395606040955,1.434769630432129,0.2717776580388404,4.427381050629379,2.1169925939593424,-0.13585233688354492,0.21661491692066193,-0.37547850608825684,0.1240922212600708,-0.5023061633110046,-0.07665594667196274,0.4836805462837219,-0.25011271238327026,0.19210386276245117,True,0,36019
1,REFUGE->RIM_ONE_r3,18,1.0,1.0,0.09018471091985703,0.909815289080143,0.1311168372631073,0.4122113883495331,0.04236190393567085,1.6486257314682007,0.6520589590072632,1.907576560974121,0.32308515687168987,3.999466725238204,2.925466377884508,0.19748826324939728,0.323551744222641,-0.14560922980308533,0.1909773200750351,0.22190092504024506,0.0422554537653923,0.4397309720516205,0.2628406882286072,0.2514627277851105,True,0,36263
1,REFUGE->RIM_ONE_r3,19,1.0,1.0,0.09018471091985703,0.909815289080143,0.17893104255199432,0.6406174302101135,0.07988345623016357,1.766614556312561,0.7970163822174072,2.3238511085510254,0.4464482802471281,2.757674819639447,2.915688008928697,-0.00732565950602293,0.5313990116119385,0.27811264991760254,-0.041697561740875244,0.3342818021774292,0.5840848684310913,0.05368249863386154,0.5482472777366638,0.7695170044898987,True,0,36191
1,REFUGE->RIM_ONE_r3,20,1.0,1.0,0.09018471091985703,0.909815289080143,0.1428608000278473,0.20592330396175385,0.0934305265545845,1.2531613111495972,0.2539123296737671,1.331236720085144,0.6539969434328553,6.085573060649546,5.242899081724587,0.1720510870218277,0.4362187087535858,-0.4827529191970825,-0.07628344744443893,0.13584893941879272,-0.02565481886267662,0.031713154166936874,0.25330865383148193,0.04845646396279335,True,0,36321
1,REFUGE->RIM_ONE_r3,21,1.0,1.0,0.09018471091985703,0.909815289080143,0.14300690591335297,0.19558218121528625,0.04596970975399017,0.864467442035675,0.41755443811416626,0.9174495935440063,0.3214509779118146,4.419970350387473,2.1971975622808744,-0.11869992315769196,0.28689566254615784,-0.12501700222492218,-0.2702926695346832,0.053734805434942245,0.1702762246131897,0.12384720891714096,0.14025303721427917,0.3338087797164917,True,0,36249
1,REFUGE->RIM_ONE_r3,22,1.0,1.0,0.09018471091985703,0.909815289080143,0.44715696573257446,2.0268635749816895,0.03978462144732475,1.6121227741241455,2.4586877822875977,3.131303548812866,0.08897238441124551,0.7953780382770504,1.2735669698978442,0.10544279217720032,-0.13332420587539673,-0.20457838475704193,0.016374755650758743,0.1721188873052597,0.13314373791217804,0.13656747341156006,0.7824091911315918,0.8375318050384521,True,0,36288
1,REFUGE->RIM_ONE_r3,23,1.0,1.0,0.09018471091985703,0.909815289080143,0.34558671712875366,0.9389366507530212,0.09197968989610672,3.9174373149871826,1.2633287906646729,3.6722543239593506,0.2661551655118685,4.172206199263202,2.906808070151931,0.14957588911056519,-0.5404314398765564,-0.6628180146217346,-0.02494147978723049,-0.3808155655860901,-0.3335895836353302,0.07850731164216995,-0.15604755282402039,-0.057879738509655,True,0,36244
1,REFUGE->RIM_ONE_r3,24,1.0,1.0,0.09018471091985703,0.909815289080143,0.19275735318660736,0.3101606070995331,0.09703641384840012,2.020606756210327,0.6892392635345459,2.0340259075164795,0.5034122550669166,6.514711120493447,2.9511172899315397,0.4545581340789795,0.6174989342689514,0.29249289631843567,-0.2579205334186554,-0.20296594500541687,0.023572413250803947,0.04544423893094063,0.10923656821250916,0.24667036533355713,True,0,36252
1,REFUGE->RIM_ONE_r3,25,1.0,1.0,0.09018471091985703,0.909815289080143,0.12461494654417038,0.09317532181739807,0.07023892551660538,1.3484848737716675,0.3857438564300537,1.5790077447891235,0.5636476800293683,14.472553971043789,4.093409962254168,0.2600412666797638,0.05015980079770088,0.1857338845729828,0.41539010405540466,-0.2583807110786438,0.22673070430755615,0.5966651439666748,-0.20168811082839966,0.26683852076530457,True,0,36237
1,REFUGE->RIM_ONE_r3,26,1.0,1.0,0.09018471091985703,0.909815289080143,0.09509770572185516,0.3720645010471344,0.030384497717022896,1.0443819761276245,0.40359461307525635,1.255951166152954,0.3195082098604193,2.806991726403156,3.111912610981165,-0.029198208823800087,0.12043651938438416,0.03536902740597725,-0.2649122178554535,0.4666031002998352,0.5357058048248291,-0.12199076265096664,0.5508550405502319,0.6644105911254883,True,0,36257
1,REFUGE->RIM_ONE_r3,27,1.0,1.0,0.09018471091985703,0.909815289080143,0.12886497378349304,0.2546084225177765,0.09156855940818787,1.1961746215820312,0.33944806456565857,1.2925713062286377,0.7105775659570059,4.698095254482461,3.8078617648992927,-0.12142591178417206,0.46258848905563354,-0.270358145236969,-0.11818801611661911,-0.13153384625911713,0.3040737211704254,0.06114284694194794,-0.017424633726477623,0.3946606516838074,True,0,36283
1,REFUGE->RIM_ONE_r3,28,1.0,1.0,0.09018471091985703,0.909815289080143,0.1900959610939026,0.3194146156311035,0.03366350010037422,1.1172618865966797,0.46638303995132446,1.1470192670822144,0.17708687710490234,3.4978420896275497,2.4593931786240053,0.09684807062149048,-0.07583224028348923,0.14767809212207794,-0.12853498756885529,-0.4247327744960785,0.10130171477794647,0.12452224642038345,-0.16902773082256317,0.4078715741634369,True,0,36211
1,REFUGE->RIM_ONE_r3,29,1.0,1.0,0.09018471091985703,0.909815289080143,0.17649099230766296,0.46452799439430237,0.14579163491725922,2.5783560276031494,0.7012202143669128,2.6144464015960693,0.8260570866025392,5.550485780657989,3.7284241783538525,-0.09659803658723831,0.10124354809522629,-0.40252548456192017,-0.30064696073532104,0.11180099099874496,-0.08646155893802643,-0.12698547542095184,0.2707247734069824,0.09718471020460129,True,0,36278
1,REFUGE->RIM_ONE_r3,30,1.0,1.0,0.09018471091985703,0.909815289080143,0.14253506064414978,0.18053597211837769,0.051269806921482086,1.1981021165847778,0.6176615357398987,1.4738885164260864,0.3596996183941106,6.636362285734283,2.386239762624219,0.24135403335094452,-0.07070646435022354,0.29450666904449463,0.23513491451740265,-0.23437181115150452,0.1798008233308792,0.5877078175544739,-0.06963332742452621,0.41447755694389343,True,0,36362
1,REFUGE->RIM_ONE_r3,31,1.0,1.0,0.09018471091985703,0.909815289080143,0.12008374184370041,0.5225241780281067,0.07110914587974548,1.5806812047958374,0.6956942081451416,1.7443649768829346,0.5921629755033809,3.0250872041194086,2.5073731482309687,-0.18977868556976318,0.04282329976558685,0.0034538425970822573,-0.06454043090343475,-0.07912652939558029,0.024091478437185287,0.2008802890777588,-0.044626228511333466,0.3762897253036499,True,0,27181
1,RIM_ONE_r3->Drishti_GS,0,1.0,1.0,0.05191849323455244,0.9480815067654476,0.1099398136138916,0.7930082678794861,0.30499616265296936,1.5918704271316528,0.7067817449569702,1.6334320306777954,2.7742102940442965,2.0073818793697247,2.3110840685015726,-0.09868666529655457,0.546583890914917,-0.6536116003990173,0.4134955406188965,0.17379224300384521,-0.1889733076095581,0.41779276728630066,-0.03851380944252014,0.11682219058275223,True,0,35943
1,RIM_ONE_r3->Drishti_GS,1,1.0,1.0,0.05191849323455244,0.9480815067654476,0.4883763790130615,0.5467214584350586,0.3495742976665497,1.9290719032287598,1.1088052988052368,3.1133577823638916,0.7157887086451419,3.5284364157766115,2.807848939501467,0.0785495862364769,0.9269773960113525,0.6662597060203552,0.35776305198669434,0.6380798816680908,0.6427515149116516,0.442689448595047,0.7792454361915588,0.7914132475852966,True,0,36091
1,RIM_ONE_r3->Drishti_GS,2,1.0,1.0,0.05191849323455244,0.9480815067654476,0.25179794430732727,0.9000510573387146,0.24897581338882446,2.9233462810516357,0.9398024082183838,2.899890899658203,0.9887920811813368,3.247978275471875,3.0856389325024476,0.5357363820075989,0.23684397339820862,0.39434459805488586,-0.12478780746459961,0.13371184468269348,-0.15566949546337128,0.05645110830664635,0.16772156953811646,0.18010376393795013,True,0,35882
1,RIM_ONE_r3->Drishti_GS,3,1.0,1.0,0.05191849323455244,0.9480815067654476,0.09937510639429092,0.2652914226055145,0.17168115079402924,2.0065784454345703,0.44147399067878723,2.0706582069396973,1.7276072149583357,7.563676298793613,4.690328877032964,0.33307236433029175,0.40653303265571594,-0.7304667234420776,-0.19261205196380615,-0.22077113389968872,0.8129228949546814,0.008926079608500004,-0.08817094564437866,0.8246009945869446,True,0,36303
1,RIM_ONE_r3->Drishti_GS,4,1.0,1.0,0.05191849323455244,0.9480815067654476,0.19552074372768402,1.1118340492248535,0.1979655921459198,2.053176164627075,1.2699685096740723,1.5055066347122192,1.0125042917269222,1.8466570312885318,1.1854676893512863,-0.11412397027015686,0.24936352670192719,0.6765408515930176,-0.2217903882265091,-0.46702560782432556,-0.6969829201698303,-0.12799228727817535,0.006703605875372887,-0.03340568765997887,True,0,35623
1,RIM_ONE_r3->Drishti_GS,5,1.0,1.0,0.05191849323455244,0.9480815067654476,0.1307612806558609,0.300706148147583,0.1181054413318634,1.1516658067703247,0.41434696316719055,1.262742280960083,0.9032141681350974,3.829871167799006,3.0475480532255323,-0.49692195653915405,0.1627771407365799,0.12236131727695465,0.07930899411439896,-0.04647209867835045,0.11856456100940704,0.2644336223602295,-0.020949237048625946,0.3780670464038849,True,0,36307
1,RIM_ONE_r3->Drishti_GS,6,1.0,1.0,0.05191849323455244,0.9480815067654476,0.2095526158809662,0.39754152297973633,0.18917223811149597,1.1107981204986572,0.5471897721290588,1.4705008268356323,0.9027433865056257,2.794168800714881,2.6873689928707285,0.4019218385219574,0.44227197766304016,0.3143408000469208,0.2826785743236542,-0.25796931982040405,0.3515702784061432,0.45464909076690674,0.059862446039915085,0.5822581052780151,True,0,35573
1,RIM_ONE_r3->Drishti_GS,7,1.0,1.0,0.05191849323455244,0.9480815067654476,0.22663921117782593,0.7165915966033936,0.11943846940994263,1.142491102218628,0.7146485447883606,1.3060073852539062,0.526998257667905,1.5943406364712838,1.8274820466340884,0.30052298307418823,-0.14846834540367126,0.6732631325721741,-0.3334452211856842,-0.5064801573753357,0.14542512595653534,-0.10637126117944717,-0.44761601090431213,0.6857339143753052,True,0,36168
1,RIM_ONE_r3->Drishti_GS,8,1.0,1.0,0.05191849323455244,0.9480815067654476,0.22257323563098907,0.42626461386680603,0.22120483219623566,1.8541754484176636,0.6993480920791626,2.220820426940918,0.9938518958450955,4.349822593993302,3.1755579976466604,-0.289154976606369,-0.180921271443367,0.7090634107589722,0.6423885226249695,0.734860360622406,-0.16961021721363068,0.7446280717849731,0.8199476599693298,0.11454100906848907,True,0,36065
1,RIM_ONE_r3->Drishti_GS,9,1.0,1.0,0.05191849323455244,0.9480815067654476,0.1928890347480774,0.4516381323337555,0.28312379121780396,1.8914198875427246,0.4406161606311798,2.140941858291626,1.4678065634346587,4.187910081394515,4.8589726151322745,0.32755011320114136,0.5757234692573547,-0.6082910895347595,0.2260754555463791,-0.3991798460483551,0.6414075493812561,0.356711745262146,-0.29655057191848755,0.6337289810180664,True,0,36052
1,RIM_ONE_r3->Drishti_GS,10,1.0,1.0,0.05191849323455244,0.9480815067654476,0.9773273468017578,5.130441665649414,0.12441930174827576,4.0232110023498535,5.590002536773682,8.148536682128906,0.12730565880043168,0.784184143304277,1.4576982082787935,-0.3233843147754669,0.27231496572494507,0.40810030698776245,-0.014413917437195778,-0.22215771675109863,0.48967182636260986,-0.042561158537864685,0.26843664050102234,0.9250352382659912,True,0,9088
1,RIM_ONE_r3->Drishti_GS,11,1.0,1.0,0.05191849323455244,0.9480815067654476,0.2312294989824295,1.0704066753387451,0.2643750309944153,2.59635066986084,1.0755813121795654,2.9419102668762207,1.1433447382701998,2.425574064211799,2.735181648809715,0.4253234267234802,0.14142030477523804,-0.6139275431632996,-0.6439130306243896,-0.19017767906188965,0.6716304421424866,-0.4207721948623657,-0.1352311372756958,0.8475641012191772,True,0,35920
1,RIM_ONE_r3->Drishti_GS,12,1.0,1.0,0.05191849323455244,0.9480815067654476,0.3097124993801117,0.3374689221382141,0.3552316725254059,1.1182407140731812,0.494147390127182,1.3236467838287354,1.1469723476979476,3.313610945233035,2.678647727934088,-0.39406564831733704,0.6350530385971069,0.05655067414045334,-0.008737084455788136,-0.015347392298281193,-0.31567010283470154,-0.09486553072929382,0.3905940055847168,0.07203269004821777,True,0,36041
1,RIM_ONE_r3->Drishti_GS,13,1.0,1.0,0.05191849323455244,0.9480815067654476,0.27210530638694763,1.0959357023239136,0.23145046830177307,3.1597938537597656,1.1024649143218994,3.2109179496765137,0.8505915278720757,2.8831927338980514,2.9124899196011826,0.027635011821985245,0.5421804189682007,0.515454888343811,-0.7013407349586487,0.03785153850913048,0.09598656743764877,-0.6579135656356812,0.14042779803276062,0.45137324929237366,True,0,35780
1,RIM_ONE_r3->Drishti_GS,14,1.0,1.0,0.05191849323455244,0.9480815067654476,0.15878230333328247,0.5977580547332764,0.18854302167892456,2.0961880683898926,0.7772616744041443,2.6095588207244873,1.1874309524479856,3.5067500166521817,3.3573748798626903,-0.21075263619422913,-0.6456192135810852,-0.8018270134925842,0.11384089291095734,0.6992267370223999,0.7879617214202881,0.17679348587989807,0.7711284160614014,0.8591864109039307,True,0,36305
1,RIM_ONE_r3->Drishti_GS,15,1.0,1.0,0.05191849323455244,0.9480815067654476,0.18223778903484344,1.1010164022445679,0.1895175278186798,2.1698405742645264,1.170880913734436,1.6349775791168213,1.0399463734848347,1.9707613527291863,1.3963653860427052,0.06253044307231903,-0.03579840809106827,0.45876845717430115,0.1473672240972519,-0.1647403985261917,-0.7135475873947144,0.11875109374523163,0.16522304713726044,-0.18622608482837677,True,0,35640
1,RIM_ONE_r3->Drishti_GS,16,1.0,1.0,0.05191849323455244,0.9480815067654476,0.15640902519226074,0.48596641421318054,0.15131507813930511,1.2382062673568726,0.7279391288757324,1.4824637174606323,0.9674318854254474,2.547925599676739,2.0365215423303695,-0.4260542392730713,-0.47234925627708435,0.15021729469299316,-0.09994150698184967,-0.1563396453857422,0.14252124726772308,0.2656570374965668,-0.06820123642683029,0.5137273669242859,True,0,36291
1,RIM_ONE_r3->Drishti_GS,17,1.0,1.0,0.05191849323455244,0.9480815067654476,0.14286158978939056,0.6926761865615845,0.1890489161014557,1.3459663391113281,0.7576277256011963,1.6187430620193481,1.3233012202941001,1.9431393271835264,2.1365942762124175,0.3852998614311218,0.10031010955572128,-0.06772799789905548,0.3167020082473755,-0.1945316642522812,-0.08080724626779556,0.3083179295063019,0.1614329069852829,0.37259724736213684,True,0,35564
1,RIM_ONE_r3->Drishti_GS,18,1.0,1.0,0.05191849323455244,0.9480815067654476,0.21253874897956848,4.158504009246826,0.09560233354568481,3.0207881927490234,4.316971302032471,6.737168312072754,0.44981131207691044,0.7264122352730732,1.5606238357203885,0.01055814977735281,0.31838005781173706,0.21447815001010895,0.33900970220565796,0.23266606032848358,0.6601642370223999,0.24106919765472412,0.4889582097530365,0.9375614523887634,True,0,36213
1,RIM_ONE_r3->Drishti_GS,19,1.0,1.0,0.05191849323455244,0.9480815067654476,0.21017220616340637,0.7983322143554688,0.2152259349822998,1.891332983970642,0.8166972398757935,1.9319409132003784,1.0240456571834442,2.369105179474192,2.3655533762966994,-0.08449860662221909,-0.13349184393882751,0.7247056365013123,0.2117549628019333,0.7049682140350342,-0.39682167768478394,0.29813218116760254,0.7295632362365723,0.08424798399209976,True,0,36048
1,RIM_ONE_r3->Drishti_GS,20,1.0,1.0,0.05191849323455244,0.9480815067654476,0.20203115046024323,0.6382457613945007,0.28967681527137756,1.6809608936309814,0.6091482043266296,1.7839652299880981,1.4338225298993272,2.6337204182261336,2.928622652610699,-0.12282682955265045,0.6385080814361572,-0.7407688498497009,0.29311591386795044,-0.5467227101325989,0.34450605511665344,0.3656389117240906,-0.45751896500587463,0.507137656211853,True,0,35984
1,RIM_ONE_r3->Drishti_GS,21,1.0,1.0,0.05191849323455244,0.9480815067654476,0.1728794127702713,0.451801061630249,0.2028004676103592,2.84594464302063,0.39158889651298523,2.983693838119507,1.1730747135279094,6.299110127699815,7.619454649221819,0.4238043427467346,0.33887481689453125,-0.7067612409591675,0.02072099596261978,0.2515470087528229,-0.03198384866118431,0.10020916908979416,0.2889043092727661,-0.020060712471604347,True,0,9074
1,RIM_ONE_r3->Drishti_GS,22,1.0,1.0,0.05191849323455244,0.9480815067654476,0.1736670285463333,0.8464388251304626,0.2648073136806488,2.170206069946289,0.7849739789962769,2.3482465744018555,1.5247990127843973,2.5639254787394616,2.9914960715060763,0.1184019222855568,0.5074157118797302,-0.2780367434024811,-0.1591004580259323,-0.5940310955047607,0.3963213264942169,-0.015714101493358612,-0.684295654296875,0.6463194489479065,True,0,35925
1,RIM_ONE_r3->Drishti_GS,23,1.0,1.0,0.05191849323455244,0.9480815067654476,0.10059965401887894,1.0048519372940063,0.3486554026603699,1.3449736833572388,1.181520938873291,1.8050862550735474,3.465771389183305,1.3384794649241119,1.5277649305097325,-0.4285895824432373,0.5008678436279297,-0.27526357769966125,-0.04340564087033272,-0.04404791072010994,0.0047308593057096004,0.3245241343975067,0.010465293191373348,0.5865389108657837,True,0,36112
1,RIM_ONE_r3->Drishti_GS,24,1.0,1.0,0.05191849323455244,0.9480815067654476,0.11143289506435394,0.3153177499771118,0.2360880821943283,2.8914337158203125,0.41954490542411804,2.7755126953125,2.1186569913487787,9.16990469464594,6.615531876156936,0.17912054061889648,0.5952681303024292,0.7309038043022156,0.027444444596767426,-0.027468349784612656,-0.35440173745155334,0.12009252607822418,0.1077524870634079,-0.16967038810253143,True,0,35762
1,RIM_ONE_r3->Drishti_GS,25,1.0,1.0,0.05191849323455244,0.9480815067654476,0.09443754702806473,0.33200836181640625,0.20542827248573303,2.126267433166504,0.4637238383293152,2.3583106994628906,2.1752817491615315,6.40425868051566,5.085592985599605,-0.41792306303977966,0.1720234751701355,-0.6883602738380432,0.42537686228752136,0.08768090605735779,0.7644839286804199,0.4725009500980377,0.15494504570960999,0.8021601438522339,True,0,36295
1,RIM_ONE_r3->Drishti_GS,26,1.0,1.0,0.05191849323455244,0.9480815067654476,0.2704342305660248,0.6932583451271057,0.1785276085138321,2.7994654178619385,0.9392773509025574,2.4565067291259766,0.6601516684488125,4.038127254492219,2.615315621914554,0.5963282585144043,-0.10113084316253662,0.6830712556838989,-0.16286540031433105,-0.36483216285705566,-0.48784339427948,0.12322983145713806,-0.3066789507865906,-0.14474253356456757,True,0,35534
1,RIM_ONE_r3->Drishti_GS,27,1.0,1.0,0.05191849323455244,0.9480815067654476,0.14846612513065338,0.32189038395881653,0.15022015571594238,1.2259668111801147,0.4355175197124481,1.4020135402679443,1.0118143487866031,3.808646894332103,3.219189761168801,0.014699231833219528,-0.12594397366046906,0.4068725109100342,-0.07872380316257477,0.16170942783355713,0.10790127515792847,0.14171195030212402,0.21721197664737701,0.39004790782928467,True,0,36308
1,RIM_ONE_r3->Drishti_GS,28,1.0,1.0,0.05191849323455244,0.9480815067654476,0.23757387697696686,0.6708568334579468,0.18438203632831573,0.9223737120628357,0.8490473031997681,1.2575663328170776,0.7761040004671551,1.374918859078232,1.4811499054030812,0.4959401786327362,0.44354018568992615,0.21923623979091644,0.025401106104254723,-0.3793651759624481,-0.006563209462910891,0.43219083547592163,0.12627936899662018,0.5666484236717224,True,0,35591
1,RIM_ONE_r3->Drishti_GS,29,1.0,1.0,0.05191849323455244,0.9480815067654476,0.23271889984607697,0.6697699427604675,0.10402076691389084,1.9302884340286255,0.6168401837348938,2.195321559906006,0.446980313943953,2.882017108849213,3.5589794857617663,-0.2753830850124359,-0.22817309200763702,-0.11152306199073792,-0.22665689885616302,-0.4612346589565277,0.5885372757911682,-0.12732021510601044,-0.42737671732902527,0.7415686845779419,True,0,36171
1,RIM_ONE_r3->Drishti_GS,30,1.0,1.0,0.05191849323455244,0.9480815067654476,0.09552580863237381,0.6560894846916199,0.20992054045200348,2.250877857208252,0.7060778737068176,2.3369154930114746,2.1975269663497112,3.430748258777881,3.309713531657592,-0.33248698711395264,-0.3489663600921631,-0.5777654051780701,0.39489424228668213,0.39996227622032166,-0.12661629915237427,0.4336261451244354,0.4648040235042572,0.1072995513677597,True,0,36042
1,RIM_ONE_r3->Drishti_GS,31,1.0,1.0,0.05191849323455244,0.9480815067654476,0.18575172126293182,0.8459836840629578,0.2961631119251251,2.0822062492370605,0.9033170938491821,2.474414825439453,1.5944030553876043,2.4612841694971785,2.739253848164841,0.5434909462928772,0.4893048107624054,-0.41100069880485535,-0.2200702279806137,-0.2734651267528534,0.5699018836021423,-0.04825109615921974,-0.016508175060153008,0.7631494402885437,True,0,36038
2,REFUGE->RIM_ONE_r3,0,1.0,1.0,0.05835294909775257,0.9416470509022474,0.3235316872596741,0.7000811696052551,0.05837687477469444,1.8481595516204834,0.7783676385879517,1.9593327045440674,0.1804363438683513,2.6399218145841274,2.5172329981479216,0.026967763900756836,0.7024534940719604,-0.7147248387336731,-0.2575610280036926,-0.36205971240997314,0.27494311332702637,0.009340820834040642,-0.30926990509033203,0.5291492938995361,True,0,36164
2,REFUGE->RIM_ONE_r3,1,1.0,1.0,0.05835294909775257,0.9416470509022474,0.3906630575656891,0.47322967648506165,0.06770453602075577,2.1179633140563965,1.1768358945846558,2.3340885639190674,0.17330672739479958,4.475550497567441,1.9833594256086524,0.48736244440078735,0.6362304091453552,0.04302847012877464,-0.07754815369844437,0.21106386184692383,-0.33119046688079834,0.3924720287322998,0.5827993750572205,0.08909620344638824,True,0,36456
2,REFUGE->RIM_ONE_r3,2,1.0,1.0,0.05835294909775257,0.9416470509022474,0.22573283314704895,0.33445513248443604,0.11828061193227768,6.205115795135498,0.529854416847229,6.653613567352295,0.5239849705657406,18.552909471120927,12.557437205002497,0.6698707938194275,0.2319190353155136,-0.3028069734573364,0.6936237215995789,0.12342140823602676,-0.09921044111251831,0.7278257012367249,0.1341080367565155,-0.08515004068613052,True,0,36301
2,REFUGE->RIM_ONE_r3,3,1.0,1.0,0.05835294909775257,0.9416470509022474,0.11655177175998688,0.4783255457878113,0.08087620884180069,2.942964792251587,0.7253029942512512,2.8913652896881104,0.6939080171886852,6.152639803932002,3.9864240360305425,-0.42965078353881836,0.26604053378105164,-0.42810219526290894,-0.20512691140174866,-0.084687739610672,-0.1951776146888733,-0.015715567395091057,-0.10712119936943054,0.010977019555866718,True,0,36462
2,REFUGE->RIM_ONE_r3,4,1.0,1.0,0.05835294909775257,0.9416470509022474,0.1935553103685379,0.9376255869865417,0.048075344413518906,1.3947904109954834,0.9608107805252075,1.9640039205551147,0.2483803948441472,1.487577163373106,2.044111036599248,0.09078038483858109,-0.26361140608787537,0.5546761155128479,0.5657505989074707,0.005588748957961798,-0.015633301809430122,0.6236331462860107,-0.050591275095939636,0.3757324516773224,True,0,36131
2,REFUGE->RIM_ONE_r3,5,1.0,1.0,0.05835294909775257,0.9416470509022474,0.09779652953147888,0.3383358418941498,0.05720750242471695,5.988483428955078,0.8632072806358337,5.609508514404297,0.5849645452531413,17.699819786839516,6.498449028687946,0.07486800849437714,0.24263840913772583,0.33594927191734314,-0.2887427806854248,-0.10570866614580154,-0.5156524181365967,-0.16780412197113037,-0.10963038355112076,-0.4795393645763397,True,0,36413
2,REFUGE->RIM_ONE_r3,6,1.0,1.0,0.05835294909775257,0.9416470509022474,0.25765442848205566,0.2633339464664459,0.04977160319685936,1.693115234375,0.7332638502120972,1.96550714969635,0.1931719298988323,6.42953655270851,2.68049099806001,-0.06583548337221146,0.5408528447151184,-0.13507507741451263,0.2120412141084671,-0.2409253567457199,0.14863182604312897,0.5187807679176331,-0.08678821474313736,0.15834450721740723,True,0,36040
2,REFUGE->RIM_ONE_r3,7,1.0,1.0,0.05835294909775257,0.9416470509022474,0.1492043286561966,0.4211229979991913,0.033440057188272476,1.5935198068618774,0.7503469586372375,2.0386428833007812,0.22412256728373195,3.7839771620949034,2.7169336262831214,-0.2045043706893921,0.6704272627830505,0.6237363815307617,-0.02530881017446518,0.5189717411994934,0.5862624049186707,0.24555444717407227,0.5400210618972778,0.6760651469230652,True,0,35930
2,REFUGE->RIM_ONE_r3,8,1.0,1.0,0.05835294909775257,0.9416470509022474,0.20048104226589203,0.4516746699810028,0.07181893289089203,1.9900113344192505,0.5697275400161743,2.2342450618743896,0.3582330382921729,4.405851084150788,3.9216027047085706,0.16398221254348755,-0.07949450612068176,0.34544724225997925,-0.06156789883971214,0.03042798861861229,0.339557409286499,0.07724311947822571,0.09856924414634705,0.5193805694580078,True,0,35805
2,REFUGE->RIM_ONE_r3,9,1.0,1.0,0.05835294909775257,0.9416470509022474,0.07848477363586426,0.6311594247817993,0.06977376341819763,2.8122212886810303,0.885571300983429,3.3451945781707764,0.8890101886758063,4.455643341859712,3.7774423973043505,0.5096522569656372,-0.026082251220941544,0.5197792053222656,0.34274381399154663,-0.24193966388702393,0.4538377821445465,0.5156306624412537,-0.23835071921348572,0.6384961009025574,True,0,36302
2,REFUGE->RIM_ONE_r3,10,1.0,1.0,0.05835294909775257,0.9416470509022474,0.30701884627342224,0.37986648082733154,0.08662621676921844,3.0605251789093018,0.4545455873012543,2.9819958209991455,0.2821527662574551,8.056844531909265,6.560388890152838,-0.5390931963920593,0.5839248895645142,-0.8391194343566895,0.04427816718816757,-0.08512495458126068,-0.31711068749427795,0.14171485602855682,-0.09017406404018402,-0.23209550976753235,True,0,36389
2,REFUGE->RIM_ONE_r3,11,1.0,1.0,0.05835294909775257,0.9416470509022474,0.2240011841058731,0.826555073261261,0.18253681063652039,5.685374736785889,0.9615803360939026,6.216220378875732,0.8148921683835618,6.878397968514836,6.464587664226831,-0.4590117037296295,-0.01629861257970333,-0.4436105489730835,-0.019769303500652313,0.24054382741451263,0.596185564994812,0.01071307435631752,0.2994517385959625,0.678662896156311,True,0,35626
2,REFUGE->RIM_ONE_r3,12,1.0,1.0,0.05835294909775257,0.9416470509022474,0.10892662405967712,0.5189129710197449,0.09278984367847443,5.184168338775635,0.6937486529350281,4.817423343658447,0.851856416918219,9.99043891423245,6.944047131879066,-0.3406095504760742,0.1624874621629715,-0.7373337745666504,-0.4338487684726715,-0.16214221715927124,-0.5445280075073242,-0.3791228234767914,-0.15682156383991241,-0.4790929853916168,True,0,36406
2,REFUGE->RIM_ONE_r3,13,1.0,1.0,0.05835294909775257,0.9416470509022474,0.23495347797870636,0.5286912322044373,0.10903219878673553,4.8622660636901855,0.8253134489059448,4.763339519500732,0.4640586712090171,9.196797237238876,5.771552039791826,-0.66683429479599,0.706061065196991,-0.5878725051879883,-0.38113030791282654,0.540732204914093,-0.2475389987230301,-0.25365975499153137,0.4987167418003082,-0.11786656081676483,True,0,35724
2,REFUGE->RIM_ONE_r3,14,1.0,1.0,0.05835294909775257,0.9416470509022474,0.19249208271503448,0.3074325621128082,0.059433240443468094,2.6451334953308105,0.7254300713539124,2.9399218559265137,0.3087568049822243,8.603947080791704,4.0526605830380955,0.30674999952316284,0.6746034026145935,-0.19330058991909027,0.1098313257098198,-0.10052239149808884,0.5102118849754333,0.3174848258495331,0.03864843025803566,0.5360836982727051,True,0,36425
2,REFUGE->RIM_ONE_r3,15,1.0,1.0,0.05835294909775257,0.9416470509022474,0.1364508867263794,0.47709158062934875,0.05838891863822937,3.2887322902679443,0.7565382719039917,3.031144142150879,0.42791161009686074,6.89329349708846,4.006597226763361,-0.13472798466682434,0.41983839869499207,-0.3168960213661194,-0.07095682621002197,-0.1715536117553711,-0.5708746910095215,0.0994812622666359,-0.09843315184116364,-0.49043068289756775,True,0,27331
2,REFUGE->RIM_ONE_r3,16,1.0,1.0,0.05835294909775257,0.9416470509022474,0.31727853417396545,1.443447470664978,0.0612354502081871,2.0789036750793457,1.3475046157836914,2.6602814197540283,0.19300218455564155,1.4402350742432082,1.9742280572499877,-0.13540786504745483,0.6631534695625305,-0.8655500411987305,0.004019745159894228,-0.5885446071624756,0.3211539387702942,0.23038749396800995,-0.7093385457992554,0.7094483375549316,True,0,36184
2,REFUGE->RIM_ONE_r3,17,1.0,1.0,0.05835294909775257,0.9416470509022474,0.5021759271621704,0.5139214396476746,0.06943734735250473,1.737546443939209,0.9884694814682007,1.946144461631775,0.13827295096541126,3.380957301821084,1.9688462801513238,0.1733558624982834,0.5587316155433655,0.3074546754360199,-0.2288525104522705,0.12851911783218384,-0.12335938960313797,-0.0054580941796302795,0.5507687926292419,0.34361618757247925,True,0,36368
2,REFUGE->RIM_ONE_r3,18,1.0,1.0,0.05835294909775257,0.9416470509022474,0.2856695055961609,0.21667015552520752,0.11327138543128967,6.557404518127441,0.6563402414321899,7.086109638214111,0.3965119944983443,30.264456598705628,10.796396732815925,0.6058603525161743,0.39501824975013733,-0.1906542330980301,0.6617732644081116,0.2100735902786255,0.04382850602269173,0.704473078250885,0.24073591828346252,0.0632316991686821,True,0,36281
2,REFUGE->RIM_ONE_r3,19,1.0,1.0,0.05835294909775257,0.9416470509022474,0.0982573926448822,0.25637340545654297,0.07899156957864761,2.2437760829925537,0.35034260153770447,2.198512554168701,0.8039249511142197,8.751984547683083,6.275321769374067,-0.32962900400161743,0.25762277841567993,-0.5653588175773621,0.005107208155095577,-0.010452397167682648,-0.41742169857025146,0.10121084749698639,0.01562531851232052,-0.33094677329063416,True,0,36413
2,REFUGE->RIM_ONE_r3,20,1.0,1.0,0.05835294909775257,0.9416470509022474,0.26030102372169495,0.5960286259651184,0.04368143901228905,1.7142093181610107,0.5299239158630371,1.9689857959747314,0.16781124556387364,2.8760519939546194,3.7156009325754433,0.1595631241798401,-0.5405053496360779,0.32084593176841736,0.34183257818222046,-0.3108801543712616,0.13748402893543243,0.40012356638908386,-0.2264484018087387,0.2637263238430023,True,0,36168
2,REFUGE->RIM_ONE_r3,21,1.0,1.0,0.05835294909775257,0.9416470509022474,0.08974969387054443,0.32097670435905457,0.05623399466276169,4.641098499298096,0.6051731109619141,4.442624092102051,0.6265647517848248,14.459300118261599,7.341079786311991,-0.06877811998128891,0.10782156139612198,0.21082358062267303,-0.17794834077358246,-0.07570089399814606,-0.4059014916419983,-0.07336249202489853,-0.06282740831375122,-0.35060685873031616,True,0,36359
2,REFUGE->RIM_ONE_r3,22,1.0,1.0,0.05835294909775257,0.9416470509022474,0.37503257393836975,0.4879758954048157,0.06013929098844528,2.348933458328247,0.566944420337677,2.537111759185791,0.16035751336716728,4.813626001709809,4.4750625778707995,0.27111348509788513,0.5174723267555237,-0.5568976402282715,-0.019287750124931335,-0.35964223742485046,0.5661131143569946,0.13486255705356598,-0.25724121928215027,0.6129298210144043,True,0,36022
2,REFUGE->RIM_ONE_r3,23,1.0,1.0,0.05835294909775257,0.9416470509022474,0.19377769529819489,0.35885125398635864,0.038521088659763336,1.595913052558899,0.81012362241745,2.172271966934204,0.19879010636639652,4.447282919678932,2.6814080059189416,0.30459263920783997,0.4354645907878876,0.43670761585235596,0.34486186504364014,0.37548547983169556,0.507891833782196,0.5682126879692078,0.45572584867477417,0.660435140132904,True,0,35947
2,REFUGE->RIM_ONE_r3,24,1.0,1.0,0.05835294909775257,0.9416470509022474,0.1854715347290039,0.5812543034553528,0.06322195380926132,3.428877592086792,0.7790882587432861,3.889735698699951,0.3408714652716718,5.899100568724083,4.9926765742488755,0.4944929778575897,-0.18889859318733215,0.2282477617263794,0.4501208961009979,-0.3286784589290619,0.4057474136352539,0.5465711355209351,-0.30739420652389526,0.5314962863922119,True,0,35795
2,REFUGE->RIM_ONE_r3,25,1.0,1.0,0.05835294909775257,0.9416470509022474,0.08704259246587753,0.7399740815162659,0.07490106672048569,3.0327210426330566,0.8292234539985657,3.5046486854553223,0.8605105224760904,4.098415226137069,4.2264225264682205,0.12395334988832474,-0.33871692419052124,0.5155513286590576,0.00012301905371714383,-0.4756302535533905,0.5145328044891357,0.1317996084690094,-0.49345386028289795,0.6708613038063049,True,0,36274
2,REFUGE->RIM_ONE_r3,26,1.0,1.0,0.05835294909775257,0.9416470509022474,0.2050890177488327,0.9912932515144348,0.08931134641170502,2.2083582878112793,0.9497270584106445,2.1697590351104736,0.43547600642898565,2.227754788441755,2.284613264300942,0.09701258689165115,0.23002775013446808,-0.7968561053276062,-0.24822987616062164,-0.16244924068450928,-0.1377204954624176,-0.21089492738246918,-0.16739033162593842,0.238321915268898,True,0,36420
2,REFUGE->RIM_ONE_r3,27,1.0,1.0,0.05835294909775257,0.9416470509022474,0.26695629954338074,0.7664443850517273,0.21691901981830597,3.0312530994415283,0.7519365549087524,2.6403417587280273,0.8125637798746022,3.9549550607471007,3.511389014793187,-0.3946588933467865,0.4123474955558777,0.13427096605300903,-0.32905450463294983,0.21055051684379578,-0.548607587814331,-0.2726186513900757,0.20759353041648865,-0.3573877811431885,True,0,35722
2,REFUGE->RIM_ONE_r3,28,1.0,1.0,0.05835294909775257,0.9416470509022474,0.218457892537117,0.29273170232772827,0.09600400924682617,3.721726655960083,0.40822306275367737,3.7656733989715576,0.4394623061307554,12.713780661151,9.224548396580358,-0.47181883454322815,0.7409402132034302,-0.40582266449928284,-0.38320186734199524,0.2964288592338562,0.25517672300338745,-0.30419421195983887,0.28602778911590576,0.2841709852218628,True,0,36374
2,REFUGE->RIM_ONE_r3,29,1.0,1.0,0.05835294909775257,0.9416470509022474,0.34540805220603943,0.5795976519584656,0.074894979596138,3.368847608566284,0.8345803022384644,3.4185240268707275,0.21683043900627533,5.812390021220614,4.096099581672075,-0.4812488555908203,0.4858638644218445,-0.4191038906574249,0.08375569432973862,0.12633758783340454,-0.27493590116500854,0.19840742647647858,0.19932964444160461,-0.07561951130628586,True,0,35782
2,REFUGE->RIM_ONE_r3,30,1.0,1.0,0.05835294909775257,0.9416470509022474,0.1227426528930664,0.4660091698169708,0.05705203860998154,2.4240152835845947,0.8789005279541016,2.297531843185425,0.4648102127928208,5.201647179038662,2.614097693778388,0.2767629027366638,0.3592016398906708,-0.29796910285949707,-0.37374815344810486,-0.13762107491493225,0.04076105356216431,-0.07211823761463165,0.035641737282276154,0.18057303130626678,True,0,36398
2,REFUGE->RIM_ONE_r3,31,1.0,1.0,0.05835294909775257,0.9416470509022474,0.11040407419204712,0.5039259195327759,0.06671354174613953,3.3854947090148926,0.9313241243362427,3.2423179149627686,0.6042670275925849,6.71823888748135,3.481406558939486,0.1846276968717575,0.4721432328224182,-0.3334934413433075,0.03616992384195328,0.12068402022123337,-0.6274762749671936,0.2872408628463745,0.19940288364887238,-0.4632614850997925,True,0,27326
2,RIM_ONE_r3->Drishti_GS,0,1.0,1.0,0.06594929681159556,0.9340507031884044,0.07501804083585739,0.2808523178100586,0.09761323034763336,2.214475631713867,0.2952197194099426,2.0920815467834473,1.3011967422771702,7.884840150087438,7.086523728716032,-0.055355098098516464,0.3120768368244171,-0.0623546727001667,-0.5441817045211792,-0.07585605978965759,0.20848211646080017,-0.4959145486354828,-0.01132278610020876,0.24990244209766388,True,0,35565
2,RIM_ONE_r3->Drishti_GS,1,1.0,1.0,0.06594929681159556,0.9340507031884044,0.18266987800598145,0.30823037028312683,0.2470746785402298,5.116118431091309,0.565840482711792,5.267678737640381,1.3525748264425919,16.598359293381336,9.309476607956746,0.16964571177959442,0.3097677528858185,0.7634591460227966,0.256295382976532,-0.19039466977119446,-0.017366785556077957,0.3303396701812744,-0.13559001684188843,0.08812877535820007,True,0,35914
2,RIM_ONE_r3->Drishti_GS,2,1.0,1.0,0.06594929681159556,0.9340507031884044,0.1729426383972168,0.31560030579566956,0.11848863214254379,2.5886669158935547,0.32575175166130066,2.4907236099243164,0.6851325574806927,8.202358706108308,7.646078945767384,0.04314234480261803,0.382619172334671,-0.39872297644615173,-0.39616987109184265,-0.4739152193069458,0.48034051060676575,-0.3222710192203522,-0.4450271725654602,0.5136381983757019,True,0,36198
2,RIM_ONE_r3->Drishti_GS,3,1.0,1.0,0.06594929681159556,0.9340507031884044,0.12114229798316956,0.25918880105018616,0.14534685015678406,6.274927139282227,0.6025352478027344,6.12816858291626,1.1998026500783177,24.209869847220855,10.170639153914822,-0.04925918951630592,0.32947906851768494,-0.47985997796058655,-0.33135002851486206,-0.10266092419624329,-0.052197858691215515,-0.25049689412117004,-0.07419595122337341,0.002804239047691226,True,0,36361
2,RIM_ONE_r3->Drishti_GS,4,1.0,1.0,0.06594929681159556,0.9340507031884044,0.10426807403564453,0.19590623676776886,0.11432939022779465,1.894751787185669,0.37271302938461304,1.9922086000442505,1.096494696820722,9.671727753270792,5.345154161456573,0.12689261138439178,-0.27955174446105957,-0.2673298716545105,0.148829847574234,0.14484719932079315,0.14353884756565094,0.30672210454940796,0.07504721730947495,0.1555606871843338,True,0,35841
2,RIM_ONE_r3->Drishti_GS,5,1.0,1.0,0.06594929681159556,0.9340507031884044,0.2856349050998688,0.6760740280151367,0.29068344831466675,3.669754981994629,0.5290248394012451,3.7575266361236572,1.0176748118827872,5.42803721179549,7.102741414517433,-0.44221821427345276,-0.026315348222851753,0.681925892829895,-0.3654225766658783,-0.16226352751255035,0.2211381494998932,-0.3679769039154053,-0.13146372139453888,0.35459575057029724,True,0,36239
2,RIM_ONE_r3->Drishti_GS,6,1.0,1.0,0.06594929681159556,0.9340507031884044,0.2374953180551529,0.30538153648376465,0.18993456661701202,3.786419630050659,0.5031909346580505,3.7296371459960938,0.7997402566601504,12.398980218805603,7.411972054962821,-0.2374361753463745,0.2330411672592163,-0.28742069005966187,-0.396738201379776,-0.3508663475513458,0.2224096953868866,-0.3072182238101959,-0.29164445400238037,0.2883743345737457,True,0,35990
2,RIM_ONE_r3->Drishti_GS,7,1.0,1.0,0.06594929681159556,0.9340507031884044,0.13954266905784607,0.506363034248352,0.19803357124328613,4.7380242347717285,0.4820074439048767,4.788041591644287,1.4191614119204874,9.356971015478798,9.933542836714361,0.6334403157234192,-0.49603456258773804,-0.39171531796455383,-0.6395987868309021,0.7222120761871338,0.5631874799728394,-0.6077172756195068,0.7351107001304626,0.6263158917427063,True,0,35742
2,RIM_ONE_r3->Drishti_GS,8,1.0,1.0,0.06594929681159556,0.9340507031884044,0.33292660117149353,2.0839052200317383,0.1082722619175911,1.32974374294281,2.2335455417633057,2.8393657207489014,0.32521361025705203,0.6381018340760036,1.271236994123398,-0.12929172813892365,0.11250725388526917,0.21455439925193787,-0.1424316018819809,0.09322800487279892,0.21101830899715424,0.10337577760219574,0.3375931978225708,0.8837072253227234,True,0,35584
2,RIM_ONE_r3->Drishti_GS,9,1.0,1.0,0.06594929681159556,0.9340507031884044,0.27216964960098267,0.5753448009490967,0.2751356363296509,4.574741363525391,0.9365245699882507,4.993059158325195,1.010897566032864,7.951303906768314,5.331476950346147,0.6049848198890686,0.47617197036743164,0.25824519991874695,0.20997896790504456,0.14639443159103394,0.19829711318016052,0.3561626374721527,0.2991846799850464,0.3624015152454376,True,0,36138
2,RIM_ONE_r3->Drishti_GS,10,1.0,1.0,0.06594929681159556,0.9340507031884044,0.219328835606575,0.9697546362876892,0.28705301880836487,1.9520440101623535,0.8987841606140137,2.124840021133423,1.3087792036760333,2.0129256794635797,2.3641271333506997,0.598450779914856,0.2103593796491623,-0.6389022469520569,0.38903746008872986,0.3426980972290039,-0.40163272619247437,0.40304189920425415,0.44404175877571106,-0.07363750785589218,True,0,8883
2,RIM_ONE_r3->Drishti_GS,11,1.0,1.0,0.06594929681159556,0.9340507031884044,0.11683990806341171,0.30755814909935,0.09814615547657013,2.6886191368103027,0.4739595949649811,2.4762988090515137,0.8400054151301107,8.741823764655972,5.224704458688039,-0.1377735584974289,0.10953418910503387,0.1228020191192627,-0.5298181772232056,-0.057004984468221664,-0.27735376358032227,-0.445548951625824,0.014645026065409184,-0.15852180123329163,True,0,35555
2,RIM_ONE_r3->Drishti_GS,12,1.0,1.0,0.06594929681159556,0.9340507031884044,0.15421904623508453,1.0657459497451782,0.24306198954582214,3.455630302429199,1.16457200050354,3.8607985973358154,1.5760828216724245,3.242452202849513,3.31520815859086,-0.07793556153774261,-0.3833500146865845,-0.5779293775558472,0.3159947097301483,-0.157523974776268,0.2148267775774002,0.3824615776538849,-0.0643366277217865,0.45198988914489746,True,0,35901
2,RIM_ONE_r3->Drishti_GS,13,1.0,1.0,0.06594929681159556,0.9340507031884044,0.10224122554063797,0.27589136362075806,0.1068417951464653,2.052741050720215,0.41297879815101624,2.0215063095092773,1.0449972071588554,7.440396189936287,4.894939688332528,-0.28807520866394043,0.24397346377372742,-0.10337766259908676,-0.04321923851966858,0.16709695756435394,-0.23815277218818665,0.08267281204462051,0.2594762444496155,-0.08397763967514038,True,0,36294
2,RIM_ONE_r3->Drishti_GS,14,1.0,1.0,0.06594929681159556,0.9340507031884044,0.3691863417625427,0.23997041583061218,0.12514673173427582,5.041632175445557,0.35958367586135864,5.037910461425781,0.3389798526587125,21.009390503387266,14.010398134336336,-0.06765606254339218,0.1773439645767212,-0.42455047369003296,0.20000596344470978,-0.36722591519355774,0.3006680905818939,0.23604220151901245,-0.33979982137680054,0.31499576568603516,True,0,36322
2,RIM_ONE_r3->Drishti_GS,15,1.0,1.0,0.06594929681159556,0.9340507031884044,0.1608084738254547,0.18611407279968262,0.10784569382667542,2.1525719165802,0.4202689826488495,2.2260913848876953,0.670646833846167,11.565874005116452,5.296825311392723,-0.07251782715320587,-0.02113417349755764,0.21554358303546906,0.12397276610136032,0.2053326964378357,-0.02523368038237095,0.25877219438552856,0.3350718021392822,0.09106552600860596,True,0,35881
2,RIM_ONE_r3->Drishti_GS,16,1.0,1.0,0.06594929681159556,0.9340507031884044,0.08735274523496628,0.5493981838226318,0.29307955503463745,3.338909864425659,0.7484932541847229,3.529000759124756,3.3551270111350906,6.077395162091754,4.714806365180444,-0.8081731200218201,0.5066302418708801,-0.17808836698532104,-0.10809639096260071,0.30604615807533264,0.15986715257167816,-0.03647196665406227,0.3353138566017151,0.30448392033576965,True,0,36243
2,RIM_ONE_r3->Drishti_GS,17,1.0,1.0,0.06594929681159556,0.9340507031884044,0.3837551474571228,0.4438660740852356,0.20154793560504913,4.625510215759277,0.5330081582069397,4.598846912384033,0.5251993020564453,10.420959126673512,8.628098541408324,0.11137841641902924,-0.2048967331647873,0.23674316704273224,-0.16167153418064117,-0.45278438925743103,0.2876667380332947,-0.08116007596254349,-0.4028399586677551,0.33805882930755615,True,0,36021
2,RIM_ONE_r3->Drishti_GS,18,1.0,1.0,0.06594929681159556,0.9340507031884044,0.16599121689796448,0.21174602210521698,0.20468555390834808,7.153682231903076,0.3846525251865387,7.00710391998291,1.2331107496739975,33.784257955733395,18.216711086414392,0.453464150428772,-0.6534456610679626,0.414705365896225,-0.4297228455543518,0.8024912476539612,-0.03419726714491844,-0.3851696848869324,0.8057915568351746,0.013148055411875248,True,0,35667
2,RIM_ONE_r3->Drishti_GS,19,1.0,1.0,0.06594929681159556,0.9340507031884044,0.10168366134166718,0.831826388835907,0.11416074633598328,1.3320430517196655,0.8361714482307434,1.4464612007141113,1.1227049147295343,1.601347432105133,1.729861984374952,0.18382763862609863,-0.03239357843995094,-0.1721186339855194,0.24568122625350952,-0.21870048344135284,-0.30821168422698975,0.3161250948905945,0.12786230444908142,0.20398227870464325,True,0,35565
2,RIM_ONE_r3->Drishti_GS,20,1.0,1.0,0.06594929681159556,0.9340507031884044,0.3530082404613495,0.6255221366882324,0.2732554078102112,3.5365922451019287,0.5219441652297974,3.326162099838257,0.7740765695811841,5.653824281625076,6.372639683353565,0.46915197372436523,0.6882318258285522,-0.8982087969779968,-0.37179121375083923,-0.28594619035720825,-0.024581270292401314,-0.2754785418510437,-0.22666746377944946,-0.025631023570895195,True,0,36086
2,RIM_ONE_r3->Drishti_GS,21,1.0,1.0,0.06594929681159556,0.9340507031884044,0.27843502163887024,0.8543803095817566,0.28705301880836487,2.9440581798553467,1.0248043537139893,2.57369065284729,1.030951556017519,3.4458403907933537,2.5113970715678446,-0.7314696907997131,0.3546868562698364,-0.6608102321624756,-0.6709001660346985,0.43054115772247314,-0.640365481376648,-0.5827065110206604,0.47227877378463745,-0.4390019476413727,True,0,8883
2,RIM_ONE_r3->Drishti_GS,22,1.0,1.0,0.06594929681159556,0.9340507031884044,0.11624114215373993,0.29043206572532654,0.11295273154973984,2.8561365604400635,0.34427592158317566,2.9604837894439697,0.9717104413887223,9.834095120685566,8.59916016150647,-0.15781615674495697,0.3988513946533203,-0.026966819539666176,0.1323961764574051,-0.13207855820655823,0.19897741079330444,0.17478705942630768,-0.09190475195646286,0.28685203194618225,True,0,35534
2,RIM_ONE_r3->Drishti_GS,23,1.0,1.0,0.06594929681159556,0.9340507031884044,0.2164836972951889,0.2303105741739273,0.23581267893314362,3.4298174381256104,0.553170919418335,3.695690870285034,1.0892860842615713,14.892140538607926,6.680920382024225,0.4780873656272888,0.2698105275630951,0.6142203211784363,0.2210526168346405,-0.1130061224102974,0.1782238632440567,0.34808021783828735,0.0043594506569206715,0.3253052234649658,True,0,35915
2,RIM_ONE_r3->Drishti_GS,24,1.0,1.0,0.06594929681159556,0.9340507031884044,0.11641377210617065,0.4956740438938141,0.1307792067527771,2.5025479793548584,0.9180209040641785,2.716707944869995,1.1233997866979606,5.048777538754818,2.9593094589053837,-0.1528511345386505,0.20830585062503815,0.0864613875746727,0.18148139119148254,0.030853766947984695,0.03775368258357048,0.45207154750823975,0.12198260426521301,0.3275516927242279,True,0,36245
2,RIM_ONE_r3->Drishti_GS,25,1.0,1.0,0.06594929681159556,0.9340507031884044,0.19148337841033936,0.2390044778585434,0.12286777794361115,5.0070061683654785,0.3637715280056,4.897955417633057,0.6416628898217558,20.949424099614205,13.464372664035588,-0.16183049976825714,0.24609778821468353,-0.06888597458600998,-0.0702795460820198,-0.1750500649213791,-0.28131425380706787,-0.03272537142038345,-0.13082312047481537,-0.24437233805656433,True,0,36319
2,RIM_ONE_r3->Drishti_GS,26,1.0,1.0,0.06594929681159556,0.9340507031884044,0.15399758517742157,0.22330838441848755,0.11142457276582718,2.035848379135132,0.6354690194129944,2.3731954097747803,0.7235475324983456,9.116757458241615,3.7345572125089377,-0.3374875783920288,0.42074188590049744,0.10605818033218384,0.5686493515968323,0.04479885846376419,-0.24855577945709229,0.7158508896827698,0.15308783948421478,-0.187735453248024,True,0,35882
2,RIM_ONE_r3->Drishti_GS,27,1.0,1.0,0.06594929681159556,0.9340507031884044,0.2759360373020172,0.45925191044807434,0.30050942301750183,4.242415904998779,0.3990578353404999,4.28137731552124,1.089054644531945,9.237666318817526,10.728713826325738,0.31805121898651123,-0.0661042332649231,0.11776173859834671,-0.3091106712818146,-0.3924761712551117,0.30703169107437134,-0.21782666444778442,-0.4268706440925598,0.37611544132232666,True,0,36243
2,RIM_ONE_r3->Drishti_GS,28,1.0,1.0,0.06594929681159556,0.9340507031884044,0.22477836906909943,0.6828130483627319,0.16904540359973907,2.9278502464294434,0.9192858934402466,2.9609522819519043,0.752053697603672,4.2879236907524305,3.2209264855257627,-0.507253885269165,-0.29691752791404724,-0.36536705493927,-0.5175243020057678,-0.34339991211891174,0.33372458815574646,-0.3333146870136261,-0.21619293093681335,0.5214621424674988,True,0,36049
2,RIM_ONE_r3->Drishti_GS,29,1.0,1.0,0.06594929681159556,0.9340507031884044,0.15676401555538177,0.46177810430526733,0.2069019377231598,4.5039849281311035,0.411918580532074,4.603724002838135,1.3198305554380574,9.753569704018831,11.176296045911593,0.691939651966095,-0.36119344830513,-0.6511378288269043,-0.566710352897644,0.680840790271759,0.7448620796203613,-0.5124594569206238,0.7063553929328918,0.7499715685844421,True,0,35617
2,RIM_ONE_r3->Drishti_GS,30,1.0,1.0,0.06594929681159556,0.9340507031884044,0.10953439027070999,0.41567474603652954,0.10935439169406891,1.415437936782837,0.5266260504722595,1.6810925006866455,0.9983566934896316,3.4051573983723515,3.192193966058271,-0.11678076535463333,0.11294963955879211,-0.050711631774902344,0.15806341171264648,0.2708931863307953,0.23020723462104797,0.24500668048858643,0.4483935236930847,0.4654904007911682,True,0,35584
2,RIM_ONE_r3->Drishti_GS,31,1.0,1.0,0.06594929681159556,0.9340507031884044,0.12966489791870117,0.58022141456604,0.2660345435142517,4.009304523468018,0.5682454705238342,3.9588465690612793,2.0517082709697823,6.90995613539473,6.966789485205815,0.5374061465263367,-0.0028897623997181654,-0.7120308876037598,0.1340455710887909,-0.17978322505950928,-0.35975855588912964,0.21190020442008972,-0.17065075039863586,-0.30060020089149475,True,0,36140
