run_name,checkpoint,checkpoint_name,checkpoint_sha256,method_name,site_id,site_index,route,class_id,bin,pixel_count,valid_pixel_count,valid_coverage,correctness,applied_count,applied_fraction,weight_mean_over_valid,effective_pixel_count,score_mean,score_p10,score_p50,score_p90
fundus_seed0_lcrseg_v0_2_r0_uniform_full200e,/home/jiangsuiyang/SSL_CL/runs/fundus_seed0_lcrseg_v0_2_r0_uniform_full200e/checkpoint_final_site0_REFUGE.pt,checkpoint_final_site0_REFUGE.pt,7cf2741b2a59802683fefc7cd340aefe7dd4e4e4b20e633be14dcae73823b33c,lcrseg_v0_2,REFUGE,0,learnability,0,0,130140,130140,1.0,0.930567081604426,130140,1.0,1.0,130140.0,0.13783280351421412,0.09280102103948594,0.13671263307332993,0.18681978583335876
fundus_seed0_lcrseg_v0_2_r0_uniform_full200e,/home/jiangsuiyang/SSL_CL/runs/fundus_seed0_lcrseg_v0_2_r0_uniform_full200e/checkpoint_final_site0_REFUGE.pt,checkpoint_final_site0_REFUGE.pt,7cf2741b2a59802683fefc7cd340aefe7dd4e4e4b20e633be14dcae73823b33c,lcrseg_v0_2,REFUGE,0,learnability,0,1,130140,130140,1.0,0.9920316582142308,130140,1.0,1.0,130140.0,0.28256298741123925,0.21587604135274888,0.28095419704914093,0.35217238068580625
fundus_seed0_lcrseg_v0_2_r0_uniform_full200e,/home/jiangsuiyang/SSL_CL/runs/fundus_seed0_lcrseg_v0_2_r0_uniform_full200e/checkpoint_final_site0_REFUGE.pt,checkpoint_final_site0_REFUGE.pt,7cf2741b2a59802683fefc7cd340aefe7dd4e4e4b20e633be14dcae73823b33c,lcrseg_v0_2,REFUGE,0,learnability,0,2,130140,130140,1.0,0.9968341785769171,130140,1.0,1.0,130140.0,0.45733653607136904,0.38851001262664797,0.45911018550395966,0.5228929400444031
fundus_seed0_lcrseg_v0_2_r0_uniform_full200e,/home/jiangsuiyang/SSL_CL/runs/fundus_seed0_lcrseg_v0_2_r0_uniform_full200e/checkpoint_final_site0_REFUGE.pt,checkpoint_final_site0_REFUGE.pt,7cf2741b2a59802683fefc7cd340aefe7dd4e4e4b20e633be14dcae73823b33c,lcrseg_v0_2,REFUGE,0,learnability,0,3,130140,130140,1.0,0.9986015060703858,130140,1.0,1.0,130140.0,0.596593537368825,0.551146411895752,0.5994121432304382,0.6368597269058227
fundus_seed0_lcrseg_v0_2_r0_uniform_full200e,/home/jiangsuiyang/SSL_CL/runs/fundus_seed0_lcrseg_v0_2_r0_uniform_full200e/checkpoint_final_site0_REFUGE.pt,checkpoint_final_site0_REFUGE.pt,7cf2741b2a59802683fefc7cd340aefe7dd4e4e4b20e633be14dcae73823b33c,lcrseg_v0_2,REFUGE,0,learnability,0,4,130140,130140,1.0,0.9992162286768096,130140,1.0,1.0,130140.0,0.6739019035624344,0.6518961608409881,0.6756753027439117,0.692645138502121
fundus_seed0_lcrseg_v0_2_r0_uniform_full200e,/home/jiangsuiyang/SSL_CL/runs/fundus_seed0_lcrseg_v0_2_r0_uniform_full200e/checkpoint_final_site0_REFUGE.pt,checkpoint_final_site0_REFUGE.pt,7cf2741b2a59802683fefc7cd340aefe7dd4e4e4b20e633be14dcae73823b33c,lcrseg_v0_2,REFUGE,0,learnability,0,5,130140,130140,1.0,0.9992930690026126,130140,1.0,1.0,130140.0,0.7082156619626988,0.6991220057010651,0.7090186774730682,0.7158297896385193
fundus_seed0_lcrseg_v0_2_r0_uniform_full200e,/home/jiangsuiyang/SSL_CL/runs/fundus_seed0_lcrseg_v0_2_r0_uniform_full200e/checkpoint_final_site0_REFUGE.pt,checkpoint_final_site0_REFUGE.pt,7cf2741b2a59802683fefc7cd340aefe7dd4e4e4b20e633be14dcae73823b33c,lcrseg_v0_2,REFUGE,0,learnability,0,6,130140,130140,1.0,0.9990241278623021,130140,1.0,1.0,130140.0,0.7218976557813556,0.7183779418468476,0.7222181260585785,0.7248277723789215
fundus_seed0_lcrseg_v0_2_r0_uniform_full200e,/home/jiangsuiyang/SSL_CL/runs/fundus_seed0_lcrseg_v0_2_r0_uniform_full200e/checkpoint_final_site0_REFUGE.pt,checkpoint_final_site0_REFUGE.pt,7cf2741b2a59802683fefc7cd340aefe7dd4e4e4b20e633be14dcae73823b33c,lcrseg_v0_2,REFUGE,0,learnability,0,7,130140,130140,1.0,0.9997003227293684,130140,1.0,1.0,130140.0,0.7271335430723814,0.7257967591285706,0.7272566556930542,0.7282438933849334
fundus_seed0_lcrseg_v0_2_r0_uniform_full200e,/home/jiangsuiyang/SSL_CL/runs/fundus_seed0_lcrseg_v0_2_r0_uniform_full200e/checkpoint_final_site0_REFUGE.pt,checkpoint_final_site0_REFUGE.pt,7cf2741b2a59802683fefc7cd340aefe7dd4e4e4b20e633be14dcae73823b33c,lcrseg_v0_2,REFUGE,0,learnability,0,8,130140,130140,1.0,0.9996004303058245,130140,1.0,1.0,130140.0,0.7291233702539134,0.7286136150360107,0.7291680574417114,0.7295504808425903
fundus_seed0_lcrseg_v0_2_r0_uniform_full200e,/home/jiangsuiyang/SSL_CL/runs/fundus_seed0_lcrseg_v0_2_r0_uniform_full200e/checkpoint_final_site0_REFUGE.pt,checkpoint_final_site0_REFUGE.pt,7cf2741b2a59802683fefc7cd340aefe7dd4e4e4b20e633be14dcae73823b33c,lcrseg_v0_2,REFUGE,0,learnability,0,9,130140,130140,1.0,0.9998847395112955,130140,1.0,1.0,130140.0,0.7299354525655394,0.7296965718269348,0.7299323081970215,0.7301744818687439
fundus_seed0_lcrseg_v0_2_r0_uniform_full200e,/home/jiangsuiyang/SSL_CL/runs/fundus_seed0_lcrseg_v0_2_r0_uniform_full200e/checkpoint_final_site0_REFUGE.pt,checkpoint_final_site0_REFUGE.pt,7cf2741b2a59802683fefc7cd340aefe7dd4e4e4b20e633be14dcae73823b33c,lcrseg_v0_2,REFUGE,0,learnability,1,0,11352,11352,1.0,0.6321353065539113,11352,1.0,1.0,11351.999999999998,0.15574244874427154,0.08523885756731034,0.16041000932455063,0.21916398406028748
fundus_seed0_lcrseg_v0_2_r0_uniform_full200e,/home/jiangsuiyang/SSL_CL/runs/fundus_seed0_lcrseg_v0_2_r0_uniform_full200e/checkpoint_final_site0_REFUGE.pt,checkpoint_final_site0_REFUGE.pt,7cf2741b2a59802683fefc7cd340aefe7dd4e4e4b20e633be14dcae73823b33c,lcrseg_v0_2,REFUGE,0,learnability,1,1,11352,11352,1.0,0.7284178999295279,11352,1.0,1.0,11351.999999999998,0.31699557538085876,0.24896369874477386,0.3147341310977936,0.38876895904541015
fundus_seed0_lcrseg_v0_2_r0_uniform_full200e,/home/jiangsuiyang/SSL_CL/runs/fundus_seed0_lcrseg_v0_2_r0_uniform_full200e/checkpoint_final_site0_REFUGE.pt,checkpoint_final_site0_REFUGE.pt,7cf2741b2a59802683fefc7cd340aefe7dd4e4e4b20e633be14dcae73823b33c,lcrseg_v0_2,REFUGE,0,learnability,1,2,11352,11352,1.0,0.7973925299506694,11352,1.0,1.0,11351.999999999998,0.49028066840807766,0.4248529314994812,0.49283507466316223,0.5506392061710358
fundus_seed0_lcrseg_v0_2_r0_uniform_full200e,/home/jiangsuiyang/SSL_CL/runs/fundus_seed0_lcrseg_v0_2_r0_uniform_full200e/checkpoint_final_site0_REFUGE.pt,checkpoint_final_site0_REFUGE.pt,7cf2741b2a59802683fefc7cd340aefe7dd4e4e4b20e633be14dcae73823b33c,lcrseg_v0_2,REFUGE,0,learnability,1,3,11352,11352,1.0,0.8601127554615927,11352,1.0,1.0,11351.999999999998,0.6133569054636341,0.5754696726799011,0.6157104671001434,0.6469152569770813
fundus_seed0_lcrseg_v0_2_r0_uniform_full200e,/home/jiangsuiyang/SSL_CL/runs/fundus_seed0_lcrseg_v0_2_r0_uniform_full200e/checkpoint_final_site0_REFUGE.pt,checkpoint_final_site0_REFUGE.pt,7cf2741b2a59802683fefc7cd340aefe7dd4e4e4b20e633be14dcae73823b33c,lcrseg_v0_2,REFUGE,0,learnability,1,4,11352,11352,1.0,0.9049506694855532,11352,1.0,1.0,11351.999999999998,0.6777476646777943,0.6594752311706543,0.6793575882911682,0.6931594729423523
fundus_seed0_lcrseg_v0_2_r0_uniform_full200e,/home/jiangsuiyang/SSL_CL/runs/fundus_seed0_lcrseg_v0_2_r0_uniform_full200e/checkpoint_final_site0_REFUGE.pt,checkpoint_final_site0_REFUGE.pt,7cf2741b2a59802683fefc7cd340aefe7dd4e4e4b20e633be14dcae73823b33c,lcrseg_v0_2,REFUGE,0,learnability,1,5,11352,11352,1.0,0.9301444679351656,11352,1.0,1.0,11351.999999999998,0.7058240573714114,0.6984484195709229,0.7064614295959473,0.7120335817337036
fundus_seed0_lcrseg_v0_2_r0_uniform_full200e,/home/jiangsuiyang/SSL_CL/runs/fundus_seed0_lcrseg_v0_2_r0_uniform_full200e/checkpoint_final_site0_REFUGE.pt,checkpoint_final_site0_REFUGE.pt,7cf2741b2a59802683fefc7cd340aefe7dd4e4e4b20e633be14dcae73823b33c,lcrseg_v0_2,REFUGE,0,learnability,1,6,11352,11352,1.0,0.9386011275546159,11352,1.0,1.0,11351.999999999998,0.717453739240272,0.7141969382762909,0.7176616489887238,0.7202768146991729
fundus_seed0_lcrseg_v0_2_r0_uniform_full200e,/home/jiangsuiyang/SSL_CL/runs/fundus_seed0_lcrseg_v0_2_r0_uniform_full200e/checkpoint_final_site0_REFUGE.pt,checkpoint_final_site0_REFUGE.pt,7cf2741b2a59802683fefc7cd340aefe7dd4e4e4b20e633be14dcae73823b33c,lcrseg_v0_2,REFUGE,0,learnability,1,7,11352,11352,1.0,0.9562191684284708,11352,1.0,1.0,11351.999999999998,0.7230454696167767,0.7213058531284332,0.7231467366218567,0.7246048390865326
fundus_seed0_lcrseg_v0_2_r0_uniform_full200e,/home/jiangsuiyang/SSL_CL/runs/fundus_seed0_lcrseg_v0_2_r0_uniform_full200e/checkpoint_final_site0_REFUGE.pt,checkpoint_final_site0_REFUGE.pt,7cf2741b2a59802683fefc7cd340aefe7dd4e4e4b20e633be14dcae73823b33c,lcrseg_v0_2,REFUGE,0,learnability,1,8,11352,11352,1.0,0.9706659619450317,11352,1.0,1.0,11351.999999999998,0.7263952325911401,0.7252732574939728,0.7264329493045807,0.7274386405944824
fundus_seed0_lcrseg_v0_2_r0_uniform_full200e,/home/jiangsuiyang/SSL_CL/runs/fundus_seed0_lcrseg_v0_2_r0_uniform_full200e/checkpoint_final_site0_REFUGE.pt,checkpoint_final_site0_REFUGE.pt,7cf2741b2a59802683fefc7cd340aefe7dd4e4e4b20e633be14dcae73823b33c,lcrseg_v0_2,REFUGE,0,learnability,1,9,11352,11352,1.0,0.9741014799154334,11352,1.0,1.0,11351.999999999998,0.7292025892498462,0.7279220938682556,0.7288876175880432,0.7300588428974152
fundus_seed0_lcrseg_v0_2_r0_uniform_full200e,/home/jiangsuiyang/SSL_CL/runs/fundus_seed0_lcrseg_v0_2_r0_uniform_full200e/checkpoint_final_site0_REFUGE.pt,checkpoint_final_site0_REFUGE.pt,7cf2741b2a59802683fefc7cd340aefe7dd4e4e4b20e633be14dcae73823b33c,lcrseg_v0_2,REFUGE,0,learnability,2,0,4292,4292,1.0,0.505591798695247,4292,1.0,1.0,4291.999999999999,0.16804197626010464,0.09481924772262573,0.1717619150876999,0.23540299534797668
fundus_seed0_lcrseg_v0_2_r0_uniform_full200e,/home/jiangsuiyang/SSL_CL/runs/fundus_seed0_lcrseg_v0_2_r0_uniform_full200e/checkpoint_final_site0_REFUGE.pt,checkpoint_final_site0_REFUGE.pt,7cf2741b2a59802683fefc7cd340aefe7dd4e4e4b20e633be14dcae73823b33c,lcrseg_v0_2,REFUGE,0,learnability,2,1,4292,4292,1.0,0.6202236719478099,4292,1.0,1.0,4291.999999999999,0.3329986055856371,0.26721257865428927,0.33320167660713196,0.39971019327640533
fundus_seed0_lcrseg_v0_2_r0_uniform_full200e,/home/jiangsuiyang/SSL_CL/runs/fundus_seed0_lcrseg_v0_2_r0_uniform_full200e/checkpoint_final_site0_REFUGE.pt,checkpoint_final_site0_REFUGE.pt,7cf2741b2a59802683fefc7cd340aefe7dd4e4e4b20e633be14dcae73823b33c,lcrseg_v0_2,REFUGE,0,learnability,2,2,4292,4292,1.0,0.7038676607642125,4292,1.0,1.0,4291.999999999999,0.4945401565518095,0.4334900349378586,0.49673087894916534,0.5514902651309967
fundus_seed0_lcrseg_v0_2_r0_uniform_full200e,/home/jiangsuiyang/SSL_CL/runs/fundus_seed0_lcrseg_v0_2_r0_uniform_full200e/checkpoint_final_site0_REFUGE.pt,checkpoint_final_site0_REFUGE.pt,7cf2741b2a59802683fefc7cd340aefe7dd4e4e4b20e633be14dcae73823b33c,lcrseg_v0_2,REFUGE,0,learnability,2,3,4292,4292,1.0,0.7910065237651445,4292,1.0,1.0,4291.999999999999,0.6120274796012619,0.5750244319438934,0.6144660711288452,0.6445801854133606
fundus_seed0_lcrseg_v0_2_r0_uniform_full200e,/home/jiangsuiyang/SSL_CL/runs/fundus_seed0_lcrseg_v0_2_r0_uniform_full200e/checkpoint_final_site0_REFUGE.pt,checkpoint_final_site0_REFUGE.pt,7cf2741b2a59802683fefc7cd340aefe7dd4e4e4b20e633be14dcae73823b33c,lcrseg_v0_2,REFUGE,0,learnability,2,4,4292,4292,1.0,0.8515843429636533,4292,1.0,1.0,4291.999999999999,0.676024205128611,0.6571624159812928,0.6774998605251312,0.6920047581195832
fundus_seed0_lcrseg_v0_2_r0_uniform_full200e,/home/jiangsuiyang/SSL_CL/runs/fundus_seed0_lcrseg_v0_2_r0_uniform_full200e/checkpoint_final_site0_REFUGE.pt,checkpoint_final_site0_REFUGE.pt,7cf2741b2a59802683fefc7cd340aefe7dd4e4e4b20e633be14dcae73823b33c,lcrseg_v0_2,REFUGE,0,learnability,2,5,4292,4292,1.0,0.8902609506057781,4292,1.0,1.0,4291.999999999999,0.7064015106380486,0.6979350805282593,0.7070513069629669,0.713770079612732
fundus_seed0_lcrseg_v0_2_r0_uniform_full200e,/home/jiangsuiyang/SSL_CL/runs/fundus_seed0_lcrseg_v0_2_r0_uniform_full200e/checkpoint_final_site0_REFUGE.pt,checkpoint_final_site0_REFUGE.pt,7cf2741b2a59802683fefc7cd340aefe7dd4e4e4b20e633be14dcae73823b33c,lcrseg_v0_2,REFUGE,0,learnability,2,6,4292,4292,1.0,0.9361602982292637,4292,1.0,1.0,4291.999999999999,0.7204731800988359,0.7164539933204651,0.7207659780979156,0.723916208744049
fundus_seed0_lcrseg_v0_2_r0_uniform_full200e,/home/jiangsuiyang/SSL_CL/runs/fundus_seed0_lcrseg_v0_2_r0_uniform_full200e/checkpoint_final_site0_REFUGE.pt,checkpoint_final_site0_REFUGE.pt,7cf2741b2a59802683fefc7cd340aefe7dd4e4e4b20e633be14dcae73823b33c,lcrseg_v0_2,REFUGE,0,learnability,2,7,4292,4292,1.0,0.9643522833178005,4292,1.0,1.0,4291.999999999999,0.7268957945918326,0.7251591742038727,0.7270380556583405,0.7283661186695098
fundus_seed0_lcrseg_v0_2_r0_uniform_full200e,/home/jiangsuiyang/SSL_CL/runs/fundus_seed0_lcrseg_v0_2_r0_uniform_full200e/checkpoint_final_site0_REFUGE.pt,checkpoint_final_site0_REFUGE.pt,7cf2741b2a59802683fefc7cd340aefe7dd4e4e4b20e633be14dcae73823b33c,lcrseg_v0_2,REFUGE,0,learnability,2,8,4292,4292,1.0,0.9857875116495806,4292,1.0,1.0,4291.999999999999,0.7295475839485327,0.7288565158843994,0.7296073138713837,0.7301200330257416
fundus_seed0_lcrseg_v0_2_r0_uniform_full200e,/home/jiangsuiyang/SSL_CL/runs/fundus_seed0_lcrseg_v0_2_r0_uniform_full200e/checkpoint_final_site0_REFUGE.pt,checkpoint_final_site0_REFUGE.pt,7cf2741b2a59802683fefc7cd340aefe7dd4e4e4b20e633be14dcae73823b33c,lcrseg_v0_2,REFUGE,0,learnability,2,9,4291,4291,1.0,0.989979025868096,4291,1.0,1.0,4290.999999999999,0.730576836529436,0.7303087711334229,0.7305875420570374,0.7307741045951843
fundus_seed0_lcrseg_v0_2_r0_uniform_full200e,/home/jiangsuiyang/SSL_CL/runs/fundus_seed0_lcrseg_v0_2_r0_uniform_full200e/checkpoint_final_site1_RIM_ONE_r3.pt,checkpoint_final_site1_RIM_ONE_r3.pt,d1fa3d4c4872e549b5278dbeef966ff304fe5786aa76b0d8b482674879e073c3,lcrseg_v0_2,RIM_ONE_r3,1,learnability,0,0,51360,51360,1.0,0.9480140186915887,51360,1.0,1.0,51360.0,0.14827810265742186,0.10076383724808693,0.14815499633550644,0.2018712043762207
fundus_seed0_lcrseg_v0_2_r0_uniform_full200e,/home/jiangsuiyang/SSL_CL/runs/fundus_seed0_lcrseg_v0_2_r0_uniform_full200e/checkpoint_final_site1_RIM_ONE_r3.pt,checkpoint_final_site1_RIM_ONE_r3.pt,d1fa3d4c4872e549b5278dbeef966ff304fe5786aa76b0d8b482674879e073c3,lcrseg_v0_2,RIM_ONE_r3,1,learnability,0,1,51360,51360,1.0,0.9860981308411215,51360,1.0,1.0,51360.0,0.30071180647912193,0.23230923861265182,0.29955218732357025,0.3712265610694885
fundus_seed0_lcrseg_v0_2_r0_uniform_full200e,/home/jiangsuiyang/SSL_CL/runs/fundus_seed0_lcrseg_v0_2_r0_uniform_full200e/checkpoint_final_site1_RIM_ONE_r3.pt,checkpoint_final_site1_RIM_ONE_r3.pt,d1fa3d4c4872e549b5278dbeef966ff304fe5786aa76b0d8b482674879e073c3,lcrseg_v0_2,RIM_ONE_r3,1,learnability,0,2,51360,51360,1.0,0.9904789719626168,51360,1.0,1.0,51360.0,0.4738618373052678,0.40715396106243135,0.4758704602718353,0.5368885099887848
fundus_seed0_lcrseg_v0_2_r0_uniform_full200e,/home/jiangsuiyang/SSL_CL/runs/fundus_seed0_lcrseg_v0_2_r0_uniform_full200e/checkpoint_final_site1_RIM_ONE_r3.pt,checkpoint_final_site1_RIM_ONE_r3.pt,d1fa3d4c4872e549b5278dbeef966ff304fe5786aa76b0d8b482674879e073c3,lcrseg_v0_2,RIM_ONE_r3,1,learnability,0,3,51360,51360,1.0,0.9931658878504673,51360,1.0,1.0,51360.0,0.6061431318649158,0.5635686159133911,0.6088405549526215,0.6437684834003449
fundus_seed0_lcrseg_v0_2_r0_uniform_full200e,/home/jiangsuiyang/SSL_CL/runs/fundus_seed0_lcrseg_v0_2_r0_uniform_full200e/checkpoint_final_site1_RIM_ONE_r3.pt,checkpoint_final_site1_RIM_ONE_r3.pt,d1fa3d4c4872e549b5278dbeef966ff304fe5786aa76b0d8b482674879e073c3,lcrseg_v0_2,RIM_ONE_r3,1,learnability,0,4,51360,51360,1.0,0.9967095015576324,51360,1.0,1.0,51360.0,0.6781470630364348,0.6577184796333313,0.6797782778739929,0.6955735981464386
fundus_seed0_lcrseg_v0_2_r0_uniform_full200e,/home/jiangsuiyang/SSL_CL/runs/fundus_seed0_lcrseg_v0_2_r0_uniform_full200e/checkpoint_final_site1_RIM_ONE_r3.pt,checkpoint_final_site1_RIM_ONE_r3.pt,d1fa3d4c4872e549b5278dbeef966ff304fe5786aa76b0d8b482674879e073c3,lcrseg_v0_2,RIM_ONE_r3,1,learnability,0,5,51360,51360,1.0,0.9978582554517134,51360,1.0,1.0,51360.0,0.7101090818875675,0.7016104400157929,0.7108510136604309,0.7172380089759827
fundus_seed0_lcrseg_v0_2_r0_uniform_full200e,/home/jiangsuiyang/SSL_CL/runs/fundus_seed0_lcrseg_v0_2_r0_uniform_full200e/checkpoint_final_site1_RIM_ONE_r3.pt,checkpoint_final_site1_RIM_ONE_r3.pt,d1fa3d4c4872e549b5278dbeef966ff304fe5786aa76b0d8b482674879e073c3,lcrseg_v0_2,RIM_ONE_r3,1,learnability,0,6,51360,51360,1.0,0.9980529595015576,51360,1.0,1.0,51360.0,0.7229462731339479,0.7196289658546448,0.7232494056224823,0.7257087409496308
fundus_seed0_lcrseg_v0_2_r0_uniform_full200e,/home/jiangsuiyang/SSL_CL/runs/fundus_seed0_lcrseg_v0_2_r0_uniform_full200e/checkpoint_final_site1_RIM_ONE_r3.pt,checkpoint_final_site1_RIM_ONE_r3.pt,d1fa3d4c4872e549b5278dbeef966ff304fe5786aa76b0d8b482674879e073c3,lcrseg_v0_2,RIM_ONE_r3,1,learnability,0,7,51360,51360,1.0,0.9977998442367602,51360,1.0,1.0,51360.0,0.7278937362180877,0.7266271054744721,0.7280100882053375,0.7289477109909057
fundus_seed0_lcrseg_v0_2_r0_uniform_full200e,/home/jiangsuiyang/SSL_CL/runs/fundus_seed0_lcrseg_v0_2_r0_uniform_full200e/checkpoint_final_site1_RIM_ONE_r3.pt,checkpoint_final_site1_RIM_ONE_r3.pt,d1fa3d4c4872e549b5278dbeef966ff304fe5786aa76b0d8b482674879e073c3,lcrseg_v0_2,RIM_ONE_r3,1,learnability,0,8,51359,51359,1.0,0.998442337272922,51359,1.0,1.0,51359.0,0.7297848440636662,0.7292996525764466,0.7298284769058228,0.7301898002624512
fundus_seed0_lcrseg_v0_2_r0_uniform_full200e,/home/jiangsuiyang/SSL_CL/runs/fundus_seed0_lcrseg_v0_2_r0_uniform_full200e/checkpoint_final_site1_RIM_ONE_r3.pt,checkpoint_final_site1_RIM_ONE_r3.pt,d1fa3d4c4872e549b5278dbeef966ff304fe5786aa76b0d8b482674879e073c3,lcrseg_v0_2,RIM_ONE_r3,1,learnability,0,9,51359,51359,1.0,0.999591113534142,51359,1.0,1.0,51359.0,0.7305234984938964,0.7303254008293152,0.7305359840393066,0.7306964993476868
fundus_seed0_lcrseg_v0_2_r0_uniform_full200e,/home/jiangsuiyang/SSL_CL/runs/fundus_seed0_lcrseg_v0_2_r0_uniform_full200e/checkpoint_final_site1_RIM_ONE_r3.pt,checkpoint_final_site1_RIM_ONE_r3.pt,d1fa3d4c4872e549b5278dbeef966ff304fe5786aa76b0d8b482674879e073c3,lcrseg_v0_2,RIM_ONE_r3,1,learnability,1,0,3517,3517,1.0,0.38612453795848733,3517,1.0,1.0,3516.999999999999,0.10622537325890796,0.06785553991794586,0.10816371440887451,0.1467013418674469
fundus_seed0_lcrseg_v0_2_r0_uniform_full200e,/home/jiangsuiyang/SSL_CL/runs/fundus_seed0_lcrseg_v0_2_r0_uniform_full200e/checkpoint_final_site1_RIM_ONE_r3.pt,checkpoint_final_site1_RIM_ONE_r3.pt,d1fa3d4c4872e549b5278dbeef966ff304fe5786aa76b0d8b482674879e073c3,lcrseg_v0_2,RIM_ONE_r3,1,learnability,1,1,3517,3517,1.0,0.580608473130509,3517,1.0,1.0,3516.999999999999,0.2593708841984401,0.1795925796031952,0.2565976679325104,0.3463135719299317
fundus_seed0_lcrseg_v0_2_r0_uniform_full200e,/home/jiangsuiyang/SSL_CL/runs/fundus_seed0_lcrseg_v0_2_r0_uniform_full200e/checkpoint_final_site1_RIM_ONE_r3.pt,checkpoint_final_site1_RIM_ONE_r3.pt,d1fa3d4c4872e549b5278dbeef966ff304fe5786aa76b0d8b482674879e073c3,lcrseg_v0_2,RIM_ONE_r3,1,learnability,1,2,3517,3517,1.0,0.6835371054876315,3517,1.0,1.0,3516.999999999999,0.46911031461114533,0.3911074757575989,0.4734078049659729,0.5401163697242737
fundus_seed0_lcrseg_v0_2_r0_uniform_full200e,/home/jiangsuiyang/SSL_CL/runs/fundus_seed0_lcrseg_v0_2_r0_uniform_full200e/checkpoint_final_site1_RIM_ONE_r3.pt,checkpoint_final_site1_RIM_ONE_r3.pt,d1fa3d4c4872e549b5278dbeef966ff304fe5786aa76b0d8b482674879e073c3,lcrseg_v0_2,RIM_ONE_r3,1,learnability,1,3,3517,3517,1.0,0.7605914131361956,3517,1.0,1.0,3516.999999999999,0.610423430635199,0.5679425716400146,0.6136587262153625,0.6477425932884217
fundus_seed0_lcrseg_v0_2_r0_uniform_full200e,/home/jiangsuiyang/SSL_CL/runs/fundus_seed0_lcrseg_v0_2_r0_uniform_full200e/checkpoint_final_site1_RIM_ONE_r3.pt,checkpoint_final_site1_RIM_ONE_r3.pt,d1fa3d4c4872e549b5278dbeef966ff304fe5786aa76b0d8b482674879e073c3,lcrseg_v0_2,RIM_ONE_r3,1,learnability,1,4,3517,3517,1.0,0.7770827409724197,3517,1.0,1.0,3516.999999999999,0.6797522909267741,0.6606947302818298,0.6812579035758972,0.6959445357322693
fundus_seed0_lcrseg_v0_2_r0_uniform_full200e,/home/jiangsuiyang/SSL_CL/runs/fundus_seed0_lcrseg_v0_2_r0_uniform_full200e/checkpoint_final_site1_RIM_ONE_r3.pt,checkpoint_final_site1_RIM_ONE_r3.pt,d1fa3d4c4872e549b5278dbeef966ff304fe5786aa76b0d8b482674879e073c3,lcrseg_v0_2,RIM_ONE_r3,1,learnability,1,5,3517,3517,1.0,0.792721069092977,3517,1.0,1.0,3516.999999999999,0.7092743257856654,0.7015965580940247,0.7099971175193787,0.7157766342163085
fundus_seed0_lcrseg_v0_2_r0_uniform_full200e,/home/jiangsuiyang/SSL_CL/runs/fundus_seed0_lcrseg_v0_2_r0_uniform_full200e/checkpoint_final_site1_RIM_ONE_r3.pt,checkpoint_final_site1_RIM_ONE_r3.pt,d1fa3d4c4872e549b5278dbeef966ff304fe5786aa76b0d8b482674879e073c3,lcrseg_v0_2,RIM_ONE_r3,1,learnability,1,6,3517,3517,1.0,0.8069377310207563,3517,1.0,1.0,3516.999999999999,0.721164966327818,0.717992615699768,0.7214494347572327,0.7238430976867676
fundus_seed0_lcrseg_v0_2_r0_uniform_full200e,/home/jiangsuiyang/SSL_CL/runs/fundus_seed0_lcrseg_v0_2_r0_uniform_full200e/checkpoint_final_site1_RIM_ONE_r3.pt,checkpoint_final_site1_RIM_ONE_r3.pt,d1fa3d4c4872e549b5278dbeef966ff304fe5786aa76b0d8b482674879e073c3,lcrseg_v0_2,RIM_ONE_r3,1,learnability,1,7,3517,3517,1.0,0.8294000568666478,3517,1.0,1.0,3516.999999999999,0.7262207918591481,0.724802577495575,0.7263261079788208,0.7274548411369324
fundus_seed0_lcrseg_v0_2_r0_uniform_full200e,/home/jiangsuiyang/SSL_CL/runs/fundus_seed0_lcrseg_v0_2_r0_uniform_full200e/checkpoint_final_site1_RIM_ONE_r3.pt,checkpoint_final_site1_RIM_ONE_r3.pt,d1fa3d4c4872e549b5278dbeef966ff304fe5786aa76b0d8b482674879e073c3,lcrseg_v0_2,RIM_ONE_r3,1,learnability,1,8,3516,3516,1.0,0.8515358361774744,3516,1.0,1.0,3515.999999999999,0.7286384500164763,0.72789266705513,0.728671669960022,0.7293133437633514
fundus_seed0_lcrseg_v0_2_r0_uniform_full200e,/home/jiangsuiyang/SSL_CL/runs/fundus_seed0_lcrseg_v0_2_r0_uniform_full200e/checkpoint_final_site1_RIM_ONE_r3.pt,checkpoint_final_site1_RIM_ONE_r3.pt,d1fa3d4c4872e549b5278dbeef966ff304fe5786aa76b0d8b482674879e073c3,lcrseg_v0_2,RIM_ONE_r3,1,learnability,1,9,3516,3516,1.0,0.8657565415244596,3516,1.0,1.0,3515.999999999999,0.7313610665898546,0.7295772135257721,0.73006471991539,0.7305532991886139
fundus_seed0_lcrseg_v0_2_r0_uniform_full200e,/home/jiangsuiyang/SSL_CL/runs/fundus_seed0_lcrseg_v0_2_r0_uniform_full200e/checkpoint_final_site1_RIM_ONE_r3.pt,checkpoint_final_site1_RIM_ONE_r3.pt,d1fa3d4c4872e549b5278dbeef966ff304fe5786aa76b0d8b482674879e073c3,lcrseg_v0_2,RIM_ONE_r3,1,learnability,2,0,1678,1678,1.0,0.39392133492252684,1678,1.0,1.0,1677.999999999999,0.1282449578394596,0.08108777329325675,0.12969961762428284,0.1725776106119156
fundus_seed0_lcrseg_v0_2_r0_uniform_full200e,/home/jiangsuiyang/SSL_CL/runs/fundus_seed0_lcrseg_v0_2_r0_uniform_full200e/checkpoint_final_site1_RIM_ONE_r3.pt,checkpoint_final_site1_RIM_ONE_r3.pt,d1fa3d4c4872e549b5278dbeef966ff304fe5786aa76b0d8b482674879e073c3,lcrseg_v0_2,RIM_ONE_r3,1,learnability,2,1,1678,1678,1.0,0.41179976162097737,1678,1.0,1.0,1677.999999999999,0.25069394813355445,0.1990887328982353,0.2509837746620178,0.30288525819778445
fundus_seed0_lcrseg_v0_2_r0_uniform_full200e,/home/jiangsuiyang/SSL_CL/runs/fundus_seed0_lcrseg_v0_2_r0_uniform_full200e/checkpoint_final_site1_RIM_ONE_r3.pt,checkpoint_final_site1_RIM_ONE_r3.pt,d1fa3d4c4872e549b5278dbeef966ff304fe5786aa76b0d8b482674879e073c3,lcrseg_v0_2,RIM_ONE_r3,1,learnability,2,2,1678,1678,1.0,0.46305125148986886,1678,1.0,1.0,1677.999999999999,0.39495831147209254,0.3313134998083115,0.3938288390636444,0.45849041640758514
fundus_seed0_lcrseg_v0_2_r0_uniform_full200e,/home/jiangsuiyang/SSL_CL/runs/fundus_seed0_lcrseg_v0_2_r0_uniform_full200e/checkpoint_final_site1_RIM_ONE_r3.pt,checkpoint_final_site1_RIM_ONE_r3.pt,d1fa3d4c4872e549b5278dbeef966ff304fe5786aa76b0d8b482674879e073c3,lcrseg_v0_2,RIM_ONE_r3,1,learnability,2,3,1678,1678,1.0,0.5738974970202623,1678,1.0,1.0,1677.999999999999,0.5451951466847091,0.4889127641916275,0.5469726622104645,0.597906893491745
fundus_seed0_lcrseg_v0_2_r0_uniform_full200e,/home/jiangsuiyang/SSL_CL/runs/fundus_seed0_lcrseg_v0_2_r0_uniform_full200e/checkpoint_final_site1_RIM_ONE_r3.pt,checkpoint_final_site1_RIM_ONE_r3.pt,d1fa3d4c4872e549b5278dbeef966ff304fe5786aa76b0d8b482674879e073c3,lcrseg_v0_2,RIM_ONE_r3,1,learnability,2,4,1678,1678,1.0,0.6388557806912991,1678,1.0,1.0,1677.999999999999,0.6504962787795834,0.6189142286777496,0.6529345810413361,0.6780427157878876
fundus_seed0_lcrseg_v0_2_r0_uniform_full200e,/home/jiangsuiyang/SSL_CL/runs/fundus_seed0_lcrseg_v0_2_r0_uniform_full200e/checkpoint_final_site1_RIM_ONE_r3.pt,checkpoint_final_site1_RIM_ONE_r3.pt,d1fa3d4c4872e549b5278dbeef966ff304fe5786aa76b0d8b482674879e073c3,lcrseg_v0_2,RIM_ONE_r3,1,learnability,2,5,1678,1678,1.0,0.7038140643623361,1678,1.0,1.0,1677.999999999999,0.7007828156271765,0.6874290406703949,0.7018398642539978,0.7117636799812317
fundus_seed0_lcrseg_v0_2_r0_uniform_full200e,/home/jiangsuiyang/SSL_CL/runs/fundus_seed0_lcrseg_v0_2_r0_uniform_full200e/checkpoint_final_site1_RIM_ONE_r3.pt,checkpoint_final_site1_RIM_ONE_r3.pt,d1fa3d4c4872e549b5278dbeef966ff304fe5786aa76b0d8b482674879e073c3,lcrseg_v0_2,RIM_ONE_r3,1,learnability,2,6,1678,1678,1.0,0.7830750893921334,1678,1.0,1.0,1677.999999999999,0.7202042222236138,0.7153458058834076,0.720687985420227,0.7241812467575073
fundus_seed0_lcrseg_v0_2_r0_uniform_full200e,/home/jiangsuiyang/SSL_CL/runs/fundus_seed0_lcrseg_v0_2_r0_uniform_full200e/checkpoint_final_site1_RIM_ONE_r3.pt,checkpoint_final_site1_RIM_ONE_r3.pt,d1fa3d4c4872e549b5278dbeef966ff304fe5786aa76b0d8b482674879e073c3,lcrseg_v0_2,RIM_ONE_r3,1,learnability,2,7,1678,1678,1.0,0.7717520858164482,1678,1.0,1.0,1677.999999999999,0.7272038638804894,0.7254798233509063,0.7273710370063782,0.72864830493927
fundus_seed0_lcrseg_v0_2_r0_uniform_full200e,/home/jiangsuiyang/SSL_CL/runs/fundus_seed0_lcrseg_v0_2_r0_uniform_full200e/checkpoint_final_site1_RIM_ONE_r3.pt,checkpoint_final_site1_RIM_ONE_r3.pt,d1fa3d4c4872e549b5278dbeef966ff304fe5786aa76b0d8b482674879e073c3,lcrseg_v0_2,RIM_ONE_r3,1,learnability,2,8,1677,1677,1.0,0.802623732856291,1677,1.0,1.0,1676.999999999999,0.7297799526827635,0.7291389346122742,0.7298470735549927,0.7302971839904785
fundus_seed0_lcrseg_v0_2_r0_uniform_full200e,/home/jiangsuiyang/SSL_CL/runs/fundus_seed0_lcrseg_v0_2_r0_uniform_full200e/checkpoint_final_site1_RIM_ONE_r3.pt,checkpoint_final_site1_RIM_ONE_r3.pt,d1fa3d4c4872e549b5278dbeef966ff304fe5786aa76b0d8b482674879e073c3,lcrseg_v0_2,RIM_ONE_r3,1,learnability,2,9,1677,1677,1.0,0.8252832438878951,1677,1.0,1.0,1676.999999999999,0.7359008780532318,0.7304665565490722,0.7307043671607971,0.730812156200409
fundus_seed0_lcrseg_v0_2_r0_uniform_full200e,/home/jiangsuiyang/SSL_CL/runs/fundus_seed0_lcrseg_v0_2_r0_uniform_full200e/checkpoint_final_site1_RIM_ONE_r3.pt,checkpoint_final_site1_RIM_ONE_r3.pt,d1fa3d4c4872e549b5278dbeef966ff304fe5786aa76b0d8b482674879e073c3,lcrseg_v0_2,RIM_ONE_r3,1,raw_compatibility,0,0,51105,51105,1.0,0.884297035515116,51105,1.0,1.0,51105.0,0.6994063496230654,0.0,0.8227742314338684,0.9181153655052186
fundus_seed0_lcrseg_v0_2_r0_uniform_full200e,/home/jiangsuiyang/SSL_CL/runs/fundus_seed0_lcrseg_v0_2_r0_uniform_full200e/checkpoint_final_site1_RIM_ONE_r3.pt,checkpoint_final_site1_RIM_ONE_r3.pt,d1fa3d4c4872e549b5278dbeef966ff304fe5786aa76b0d8b482674879e073c3,lcrseg_v0_2,RIM_ONE_r3,1,raw_compatibility,0,1,51105,51105,1.0,0.9814695235299873,51105,1.0,1.0,51105.0,0.9586652023476662,0.9388979911804199,0.9615904092788696,0.9729340076446533
fundus_seed0_lcrseg_v0_2_r0_uniform_full200e,/home/jiangsuiyang/SSL_CL/runs/fundus_seed0_lcrseg_v0_2_r0_uniform_full200e/checkpoint_final_site1_RIM_ONE_r3.pt,checkpoint_final_site1_RIM_ONE_r3.pt,d1fa3d4c4872e549b5278dbeef966ff304fe5786aa76b0d8b482674879e073c3,lcrseg_v0_2,RIM_ONE_r3,1,raw_compatibility,0,2,51105,51105,1.0,0.996849623324528,51105,1.0,1.0,51105.0,0.9803776804125597,0.9763876795768738,0.9808744788169861,0.9834465742111206
fundus_seed0_lcrseg_v0_2_r0_uniform_full200e,/home/jiangsuiyang/SSL_CL/runs/fundus_seed0_lcrseg_v0_2_r0_uniform_full200e/checkpoint_final_site1_RIM_ONE_r3.pt,checkpoint_final_site1_RIM_ONE_r3.pt,d1fa3d4c4872e549b5278dbeef966ff304fe5786aa76b0d8b482674879e073c3,lcrseg_v0_2,RIM_ONE_r3,1,raw_compatibility,0,3,51105,51105,1.0,0.998884649251541,51105,1.0,1.0,51105.0,0.9857747933563917,0.984354567527771,0.9858466982841492,0.9870691299438477
fundus_seed0_lcrseg_v0_2_r0_uniform_full200e,/home/jiangsuiyang/SSL_CL/runs/fundus_seed0_lcrseg_v0_2_r0_uniform_full200e/checkpoint_final_site1_RIM_ONE_r3.pt,checkpoint_final_site1_RIM_ONE_r3.pt,d1fa3d4c4872e549b5278dbeef966ff304fe5786aa76b0d8b482674879e073c3,lcrseg_v0_2,RIM_ONE_r3,1,raw_compatibility,0,4,51105,51105,1.0,0.999041189707465,51105,1.0,1.0,51105.0,0.9885077518185644,0.9876124143600464,0.9885452389717102,0.9893369078636169
fundus_seed0_lcrseg_v0_2_r0_uniform_full200e,/home/jiangsuiyang/SSL_CL/runs/fundus_seed0_lcrseg_v0_2_r0_uniform_full200e/checkpoint_final_site1_RIM_ONE_r3.pt,checkpoint_final_site1_RIM_ONE_r3.pt,d1fa3d4c4872e549b5278dbeef966ff304fe5786aa76b0d8b482674879e073c3,lcrseg_v0_2,RIM_ONE_r3,1,raw_compatibility,0,5,51105,51105,1.0,0.9993347030623226,51105,1.0,1.0,51105.0,0.9903088705003897,0.9896875500679017,0.9903262257575989,0.9909007549285889
fundus_seed0_lcrseg_v0_2_r0_uniform_full200e,/home/jiangsuiyang/SSL_CL/runs/fundus_seed0_lcrseg_v0_2_r0_uniform_full200e/checkpoint_final_site1_RIM_ONE_r3.pt,checkpoint_final_site1_RIM_ONE_r3.pt,d1fa3d4c4872e549b5278dbeef966ff304fe5786aa76b0d8b482674879e073c3,lcrseg_v0_2,RIM_ONE_r3,1,raw_compatibility,0,6,51105,51105,1.0,0.9996086488601899,51105,1.0,1.0,51105.0,0.99165040583611,0.991166615486145,0.9916588068008423,0.9921179175376892
fundus_seed0_lcrseg_v0_2_r0_uniform_full200e,/home/jiangsuiyang/SSL_CL/runs/fundus_seed0_lcrseg_v0_2_r0_uniform_full200e/checkpoint_final_site1_RIM_ONE_r3.pt,checkpoint_final_site1_RIM_ONE_r3.pt,d1fa3d4c4872e549b5278dbeef966ff304fe5786aa76b0d8b482674879e073c3,lcrseg_v0_2,RIM_ONE_r3,1,raw_compatibility,0,7,51105,51105,1.0,0.9997847568731044,51105,1.0,1.0,51105.0,0.9927663132818043,0.9923403859138489,0.992765486240387,0.9931946992874146
fundus_seed0_lcrseg_v0_2_r0_uniform_full200e,/home/jiangsuiyang/SSL_CL/runs/fundus_seed0_lcrseg_v0_2_r0_uniform_full200e/checkpoint_final_site1_RIM_ONE_r3.pt,checkpoint_final_site1_RIM_ONE_r3.pt,d1fa3d4c4872e549b5278dbeef966ff304fe5786aa76b0d8b482674879e073c3,lcrseg_v0_2,RIM_ONE_r3,1,raw_compatibility,0,8,51105,51105,1.0,0.9997456217591234,51105,1.0,1.0,51105.0,0.9938649272536149,0.99340900182724,0.9938578605651855,0.9943332672119141
fundus_seed0_lcrseg_v0_2_r0_uniform_full200e,/home/jiangsuiyang/SSL_CL/runs/fundus_seed0_lcrseg_v0_2_r0_uniform_full200e/checkpoint_final_site1_RIM_ONE_r3.pt,checkpoint_final_site1_RIM_ONE_r3.pt,d1fa3d4c4872e549b5278dbeef966ff304fe5786aa76b0d8b482674879e073c3,lcrseg_v0_2,RIM_ONE_r3,1,raw_compatibility,0,9,51104,51104,1.0,0.999726048841578,51104,1.0,1.0,51104.0,0.9955436736625213,0.9946017265319824,0.9952878952026367,0.9967933773994446
fundus_seed0_lcrseg_v0_2_r0_uniform_full200e,/home/jiangsuiyang/SSL_CL/runs/fundus_seed0_lcrseg_v0_2_r0_uniform_full200e/checkpoint_final_site1_RIM_ONE_r3.pt,checkpoint_final_site1_RIM_ONE_r3.pt,d1fa3d4c4872e549b5278dbeef966ff304fe5786aa76b0d8b482674879e073c3,lcrseg_v0_2,RIM_ONE_r3,1,calibrated_compatibility,0,0,51105,51105,1.0,0.884297035515116,51105,1.0,1.0,51105.0,0.6994063496230654,0.0,0.8227742314338684,0.9181153655052186
fundus_seed0_lcrseg_v0_2_r0_uniform_full200e,/home/jiangsuiyang/SSL_CL/runs/fundus_seed0_lcrseg_v0_2_r0_uniform_full200e/checkpoint_final_site1_RIM_ONE_r3.pt,checkpoint_final_site1_RIM_ONE_r3.pt,d1fa3d4c4872e549b5278dbeef966ff304fe5786aa76b0d8b482674879e073c3,lcrseg_v0_2,RIM_ONE_r3,1,calibrated_compatibility,0,1,51105,51105,1.0,0.9814695235299873,51105,1.0,1.0,51105.0,0.9586652023476662,0.9388979911804199,0.9615904092788696,0.9729340076446533
fundus_seed0_lcrseg_v0_2_r0_uniform_full200e,/home/jiangsuiyang/SSL_CL/runs/fundus_seed0_lcrseg_v0_2_r0_uniform_full200e/checkpoint_final_site1_RIM_ONE_r3.pt,checkpoint_final_site1_RIM_ONE_r3.pt,d1fa3d4c4872e549b5278dbeef966ff304fe5786aa76b0d8b482674879e073c3,lcrseg_v0_2,RIM_ONE_r3,1,calibrated_compatibility,0,2,51105,51105,1.0,0.996849623324528,51105,1.0,1.0,51105.0,0.9803776804125597,0.9763876795768738,0.9808744788169861,0.9834465742111206
fundus_seed0_lcrseg_v0_2_r0_uniform_full200e,/home/jiangsuiyang/SSL_CL/runs/fundus_seed0_lcrseg_v0_2_r0_uniform_full200e/checkpoint_final_site1_RIM_ONE_r3.pt,checkpoint_final_site1_RIM_ONE_r3.pt,d1fa3d4c4872e549b5278dbeef966ff304fe5786aa76b0d8b482674879e073c3,lcrseg_v0_2,RIM_ONE_r3,1,calibrated_compatibility,0,3,51105,51105,1.0,0.998884649251541,51105,1.0,1.0,51105.0,0.9857747933563917,0.984354567527771,0.9858466982841492,0.9870691299438477
fundus_seed0_lcrseg_v0_2_r0_uniform_full200e,/home/jiangsuiyang/SSL_CL/runs/fundus_seed0_lcrseg_v0_2_r0_uniform_full200e/checkpoint_final_site1_RIM_ONE_r3.pt,checkpoint_final_site1_RIM_ONE_r3.pt,d1fa3d4c4872e549b5278dbeef966ff304fe5786aa76b0d8b482674879e073c3,lcrseg_v0_2,RIM_ONE_r3,1,calibrated_compatibility,0,4,51105,51105,1.0,0.999041189707465,51105,1.0,1.0,51105.0,0.9885077518185644,0.9876124143600464,0.9885452389717102,0.9893369078636169
fundus_seed0_lcrseg_v0_2_r0_uniform_full200e,/home/jiangsuiyang/SSL_CL/runs/fundus_seed0_lcrseg_v0_2_r0_uniform_full200e/checkpoint_final_site1_RIM_ONE_r3.pt,checkpoint_final_site1_RIM_ONE_r3.pt,d1fa3d4c4872e549b5278dbeef966ff304fe5786aa76b0d8b482674879e073c3,lcrseg_v0_2,RIM_ONE_r3,1,calibrated_compatibility,0,5,51105,51105,1.0,0.9993347030623226,51105,1.0,1.0,51105.0,0.9903088705003897,0.9896875500679017,0.9903262257575989,0.9909007549285889
fundus_seed0_lcrseg_v0_2_r0_uniform_full200e,/home/jiangsuiyang/SSL_CL/runs/fundus_seed0_lcrseg_v0_2_r0_uniform_full200e/checkpoint_final_site1_RIM_ONE_r3.pt,checkpoint_final_site1_RIM_ONE_r3.pt,d1fa3d4c4872e549b5278dbeef966ff304fe5786aa76b0d8b482674879e073c3,lcrseg_v0_2,RIM_ONE_r3,1,calibrated_compatibility,0,6,51105,51105,1.0,0.9996086488601899,51105,1.0,1.0,51105.0,0.99165040583611,0.991166615486145,0.9916588068008423,0.9921179175376892
fundus_seed0_lcrseg_v0_2_r0_uniform_full200e,/home/jiangsuiyang/SSL_CL/runs/fundus_seed0_lcrseg_v0_2_r0_uniform_full200e/checkpoint_final_site1_RIM_ONE_r3.pt,checkpoint_final_site1_RIM_ONE_r3.pt,d1fa3d4c4872e549b5278dbeef966ff304fe5786aa76b0d8b482674879e073c3,lcrseg_v0_2,RIM_ONE_r3,1,calibrated_compatibility,0,7,51105,51105,1.0,0.9997847568731044,51105,1.0,1.0,51105.0,0.9927663132818043,0.9923403859138489,0.992765486240387,0.9931946992874146
fundus_seed0_lcrseg_v0_2_r0_uniform_full200e,/home/jiangsuiyang/SSL_CL/runs/fundus_seed0_lcrseg_v0_2_r0_uniform_full200e/checkpoint_final_site1_RIM_ONE_r3.pt,checkpoint_final_site1_RIM_ONE_r3.pt,d1fa3d4c4872e549b5278dbeef966ff304fe5786aa76b0d8b482674879e073c3,lcrseg_v0_2,RIM_ONE_r3,1,calibrated_compatibility,0,8,51105,51105,1.0,0.9997456217591234,51105,1.0,1.0,51105.0,0.9938649272536149,0.99340900182724,0.9938578605651855,0.9943332672119141
fundus_seed0_lcrseg_v0_2_r0_uniform_full200e,/home/jiangsuiyang/SSL_CL/runs/fundus_seed0_lcrseg_v0_2_r0_uniform_full200e/checkpoint_final_site1_RIM_ONE_r3.pt,checkpoint_final_site1_RIM_ONE_r3.pt,d1fa3d4c4872e549b5278dbeef966ff304fe5786aa76b0d8b482674879e073c3,lcrseg_v0_2,RIM_ONE_r3,1,calibrated_compatibility,0,9,51104,51104,1.0,0.999726048841578,51104,1.0,1.0,51104.0,0.9955436736625213,0.9946017265319824,0.9952878952026367,0.9967933773994446
fundus_seed0_lcrseg_v0_2_r0_uniform_full200e,/home/jiangsuiyang/SSL_CL/runs/fundus_seed0_lcrseg_v0_2_r0_uniform_full200e/checkpoint_final_site1_RIM_ONE_r3.pt,checkpoint_final_site1_RIM_ONE_r3.pt,d1fa3d4c4872e549b5278dbeef966ff304fe5786aa76b0d8b482674879e073c3,lcrseg_v0_2,RIM_ONE_r3,1,raw_compatibility,1,0,3797,3797,1.0,0.12931261522254411,3797,1.0,1.0,3796.999999999999,0.0,0.0,0.0,0.0
fundus_seed0_lcrseg_v0_2_r0_uniform_full200e,/home/jiangsuiyang/SSL_CL/runs/fundus_seed0_lcrseg_v0_2_r0_uniform_full200e/checkpoint_final_site1_RIM_ONE_r3.pt,checkpoint_final_site1_RIM_ONE_r3.pt,d1fa3d4c4872e549b5278dbeef966ff304fe5786aa76b0d8b482674879e073c3,lcrseg_v0_2,RIM_ONE_r3,1,raw_compatibility,1,1,3797,3797,1.0,0.14985514880168554,3797,1.0,1.0,3796.999999999999,0.0,0.0,0.0,0.0
fundus_seed0_lcrseg_v0_2_r0_uniform_full200e,/home/jiangsuiyang/SSL_CL/runs/fundus_seed0_lcrseg_v0_2_r0_uniform_full200e/checkpoint_final_site1_RIM_ONE_r3.pt,checkpoint_final_site1_RIM_ONE_r3.pt,d1fa3d4c4872e549b5278dbeef966ff304fe5786aa76b0d8b482674879e073c3,lcrseg_v0_2,RIM_ONE_r3,1,raw_compatibility,1,2,3797,3797,1.0,0.3091914669475902,3797,1.0,1.0,3796.999999999999,0.11747560148270375,0.0,0.0,0.36124475598335265
fundus_seed0_lcrseg_v0_2_r0_uniform_full200e,/home/jiangsuiyang/SSL_CL/runs/fundus_seed0_lcrseg_v0_2_r0_uniform_full200e/checkpoint_final_site1_RIM_ONE_r3.pt,checkpoint_final_site1_RIM_ONE_r3.pt,d1fa3d4c4872e549b5278dbeef966ff304fe5786aa76b0d8b482674879e073c3,lcrseg_v0_2,RIM_ONE_r3,1,raw_compatibility,1,3,3797,3797,1.0,0.44482486173294705,3797,1.0,1.0,3796.999999999999,0.5014602760123302,0.41776393055915834,0.5065699219703674,0.5765934944152832
fundus_seed0_lcrseg_v0_2_r0_uniform_full200e,/home/jiangsuiyang/SSL_CL/runs/fundus_seed0_lcrseg_v0_2_r0_uniform_full200e/checkpoint_final_site1_RIM_ONE_r3.pt,checkpoint_final_site1_RIM_ONE_r3.pt,d1fa3d4c4872e549b5278dbeef966ff304fe5786aa76b0d8b482674879e073c3,lcrseg_v0_2,RIM_ONE_r3,1,raw_compatibility,1,4,3797,3797,1.0,0.4848564656307611,3797,1.0,1.0,3796.999999999999,0.6566749643833661,0.6046409726142883,0.6575726866722107,0.706726861000061
fundus_seed0_lcrseg_v0_2_r0_uniform_full200e,/home/jiangsuiyang/SSL_CL/runs/fundus_seed0_lcrseg_v0_2_r0_uniform_full200e/checkpoint_final_site1_RIM_ONE_r3.pt,checkpoint_final_site1_RIM_ONE_r3.pt,d1fa3d4c4872e549b5278dbeef966ff304fe5786aa76b0d8b482674879e073c3,lcrseg_v0_2,RIM_ONE_r3,1,raw_compatibility,1,5,3797,3797,1.0,0.580458256518304,3797,1.0,1.0,3796.999999999999,0.7698003620042718,0.7276463747024536,0.7685049176216125,0.8134497761726379
fundus_seed0_lcrseg_v0_2_r0_uniform_full200e,/home/jiangsuiyang/SSL_CL/runs/fundus_seed0_lcrseg_v0_2_r0_uniform_full200e/checkpoint_final_site1_RIM_ONE_r3.pt,checkpoint_final_site1_RIM_ONE_r3.pt,d1fa3d4c4872e549b5278dbeef966ff304fe5786aa76b0d8b482674879e073c3,lcrseg_v0_2,RIM_ONE_r3,1,raw_compatibility,1,6,3797,3797,1.0,0.675006584145378,3797,1.0,1.0,3796.999999999999,0.8659692906944068,0.8296955347061157,0.8684802651405334,0.8973200440406799
fundus_seed0_lcrseg_v0_2_r0_uniform_full200e,/home/jiangsuiyang/SSL_CL/runs/fundus_seed0_lcrseg_v0_2_r0_uniform_full200e/checkpoint_final_site1_RIM_ONE_r3.pt,checkpoint_final_site1_RIM_ONE_r3.pt,d1fa3d4c4872e549b5278dbeef966ff304fe5786aa76b0d8b482674879e073c3,lcrseg_v0_2,RIM_ONE_r3,1,raw_compatibility,1,7,3796,3796,1.0,0.7550052687038988,3796,1.0,1.0,3795.999999999999,0.9281197194681278,0.9079253673553467,0.9286081790924072,0.9482429623603821
fundus_seed0_lcrseg_v0_2_r0_uniform_full200e,/home/jiangsuiyang/SSL_CL/runs/fundus_seed0_lcrseg_v0_2_r0_uniform_full200e/checkpoint_final_site1_RIM_ONE_r3.pt,checkpoint_final_site1_RIM_ONE_r3.pt,d1fa3d4c4872e549b5278dbeef966ff304fe5786aa76b0d8b482674879e073c3,lcrseg_v0_2,RIM_ONE_r3,1,raw_compatibility,1,8,3796,3796,1.0,0.8129610115911485,3796,1.0,1.0,3795.999999999999,0.9674943245091604,0.9558948278427124,0.9682126939296722,0.978114902973175
fundus_seed0_lcrseg_v0_2_r0_uniform_full200e,/home/jiangsuiyang/SSL_CL/runs/fundus_seed0_lcrseg_v0_2_r0_uniform_full200e/checkpoint_final_site1_RIM_ONE_r3.pt,checkpoint_final_site1_RIM_ONE_r3.pt,d1fa3d4c4872e549b5278dbeef966ff304fe5786aa76b0d8b482674879e073c3,lcrseg_v0_2,RIM_ONE_r3,1,raw_compatibility,1,9,3796,3796,1.0,0.9059536354056902,3796,1.0,1.0,3795.999999999999,0.9895074311781231,0.9824392199516296,0.9895976185798645,0.9965499639511108
fundus_seed0_lcrseg_v0_2_r0_uniform_full200e,/home/jiangsuiyang/SSL_CL/runs/fundus_seed0_lcrseg_v0_2_r0_uniform_full200e/checkpoint_final_site1_RIM_ONE_r3.pt,checkpoint_final_site1_RIM_ONE_r3.pt,d1fa3d4c4872e549b5278dbeef966ff304fe5786aa76b0d8b482674879e073c3,lcrseg_v0_2,RIM_ONE_r3,1,calibrated_compatibility,1,0,3797,3797,1.0,0.12931261522254411,3797,1.0,1.0,3796.999999999999,0.0,0.0,0.0,0.0
fundus_seed0_lcrseg_v0_2_r0_uniform_full200e,/home/jiangsuiyang/SSL_CL/runs/fundus_seed0_lcrseg_v0_2_r0_uniform_full200e/checkpoint_final_site1_RIM_ONE_r3.pt,checkpoint_final_site1_RIM_ONE_r3.pt,d1fa3d4c4872e549b5278dbeef966ff304fe5786aa76b0d8b482674879e073c3,lcrseg_v0_2,RIM_ONE_r3,1,calibrated_compatibility,1,1,3797,3797,1.0,0.14985514880168554,3797,1.0,1.0,3796.999999999999,0.0,0.0,0.0,0.0
fundus_seed0_lcrseg_v0_2_r0_uniform_full200e,/home/jiangsuiyang/SSL_CL/runs/fundus_seed0_lcrseg_v0_2_r0_uniform_full200e/checkpoint_final_site1_RIM_ONE_r3.pt,checkpoint_final_site1_RIM_ONE_r3.pt,d1fa3d4c4872e549b5278dbeef966ff304fe5786aa76b0d8b482674879e073c3,lcrseg_v0_2,RIM_ONE_r3,1,calibrated_compatibility,1,2,3797,3797,1.0,0.3091914669475902,3797,1.0,1.0,3796.999999999999,0.11747560148270375,0.0,0.0,0.36124475598335265
fundus_seed0_lcrseg_v0_2_r0_uniform_full200e,/home/jiangsuiyang/SSL_CL/runs/fundus_seed0_lcrseg_v0_2_r0_uniform_full200e/checkpoint_final_site1_RIM_ONE_r3.pt,checkpoint_final_site1_RIM_ONE_r3.pt,d1fa3d4c4872e549b5278dbeef966ff304fe5786aa76b0d8b482674879e073c3,lcrseg_v0_2,RIM_ONE_r3,1,calibrated_compatibility,1,3,3797,3797,1.0,0.44482486173294705,3797,1.0,1.0,3796.999999999999,0.5014602760123302,0.41776393055915834,0.5065699219703674,0.5765934944152832
fundus_seed0_lcrseg_v0_2_r0_uniform_full200e,/home/jiangsuiyang/SSL_CL/runs/fundus_seed0_lcrseg_v0_2_r0_uniform_full200e/checkpoint_final_site1_RIM_ONE_r3.pt,checkpoint_final_site1_RIM_ONE_r3.pt,d1fa3d4c4872e549b5278dbeef966ff304fe5786aa76b0d8b482674879e073c3,lcrseg_v0_2,RIM_ONE_r3,1,calibrated_compatibility,1,4,3797,3797,1.0,0.4848564656307611,3797,1.0,1.0,3796.999999999999,0.6566749643833661,0.6046409726142883,0.6575726866722107,0.706726861000061
fundus_seed0_lcrseg_v0_2_r0_uniform_full200e,/home/jiangsuiyang/SSL_CL/runs/fundus_seed0_lcrseg_v0_2_r0_uniform_full200e/checkpoint_final_site1_RIM_ONE_r3.pt,checkpoint_final_site1_RIM_ONE_r3.pt,d1fa3d4c4872e549b5278dbeef966ff304fe5786aa76b0d8b482674879e073c3,lcrseg_v0_2,RIM_ONE_r3,1,calibrated_compatibility,1,5,3797,3797,1.0,0.580458256518304,3797,1.0,1.0,3796.999999999999,0.7698003620042718,0.7276463747024536,0.7685049176216125,0.8134497761726379
fundus_seed0_lcrseg_v0_2_r0_uniform_full200e,/home/jiangsuiyang/SSL_CL/runs/fundus_seed0_lcrseg_v0_2_r0_uniform_full200e/checkpoint_final_site1_RIM_ONE_r3.pt,checkpoint_final_site1_RIM_ONE_r3.pt,d1fa3d4c4872e549b5278dbeef966ff304fe5786aa76b0d8b482674879e073c3,lcrseg_v0_2,RIM_ONE_r3,1,calibrated_compatibility,1,6,3797,3797,1.0,0.675006584145378,3797,1.0,1.0,3796.999999999999,0.8659692906944068,0.8296955347061157,0.8684802651405334,0.8973200440406799
fundus_seed0_lcrseg_v0_2_r0_uniform_full200e,/home/jiangsuiyang/SSL_CL/runs/fundus_seed0_lcrseg_v0_2_r0_uniform_full200e/checkpoint_final_site1_RIM_ONE_r3.pt,checkpoint_final_site1_RIM_ONE_r3.pt,d1fa3d4c4872e549b5278dbeef966ff304fe5786aa76b0d8b482674879e073c3,lcrseg_v0_2,RIM_ONE_r3,1,calibrated_compatibility,1,7,3796,3796,1.0,0.7550052687038988,3796,1.0,1.0,3795.999999999999,0.9281197194681278,0.9079253673553467,0.9286081790924072,0.9482429623603821
fundus_seed0_lcrseg_v0_2_r0_uniform_full200e,/home/jiangsuiyang/SSL_CL/runs/fundus_seed0_lcrseg_v0_2_r0_uniform_full200e/checkpoint_final_site1_RIM_ONE_r3.pt,checkpoint_final_site1_RIM_ONE_r3.pt,d1fa3d4c4872e549b5278dbeef966ff304fe5786aa76b0d8b482674879e073c3,lcrseg_v0_2,RIM_ONE_r3,1,calibrated_compatibility,1,8,3796,3796,1.0,0.8129610115911485,3796,1.0,1.0,3795.999999999999,0.9674943245091604,0.9558948278427124,0.9682126939296722,0.978114902973175
fundus_seed0_lcrseg_v0_2_r0_uniform_full200e,/home/jiangsuiyang/SSL_CL/runs/fundus_seed0_lcrseg_v0_2_r0_uniform_full200e/checkpoint_final_site1_RIM_ONE_r3.pt,checkpoint_final_site1_RIM_ONE_r3.pt,d1fa3d4c4872e549b5278dbeef966ff304fe5786aa76b0d8b482674879e073c3,lcrseg_v0_2,RIM_ONE_r3,1,calibrated_compatibility,1,9,3796,3796,1.0,0.9059536354056902,3796,1.0,1.0,3795.999999999999,0.9895074311781231,0.9824392199516296,0.9895976185798645,0.9965499639511108
fundus_seed0_lcrseg_v0_2_r0_uniform_full200e,/home/jiangsuiyang/SSL_CL/runs/fundus_seed0_lcrseg_v0_2_r0_uniform_full200e/checkpoint_final_site1_RIM_ONE_r3.pt,checkpoint_final_site1_RIM_ONE_r3.pt,d1fa3d4c4872e549b5278dbeef966ff304fe5786aa76b0d8b482674879e073c3,lcrseg_v0_2,RIM_ONE_r3,1,raw_compatibility,2,0,3160,3160,1.0,0.16993670886075948,3160,1.0,1.0,3159.999999999999,0.0,0.0,0.0,0.0
fundus_seed0_lcrseg_v0_2_r0_uniform_full200e,/home/jiangsuiyang/SSL_CL/runs/fundus_seed0_lcrseg_v0_2_r0_uniform_full200e/checkpoint_final_site1_RIM_ONE_r3.pt,checkpoint_final_site1_RIM_ONE_r3.pt,d1fa3d4c4872e549b5278dbeef966ff304fe5786aa76b0d8b482674879e073c3,lcrseg_v0_2,RIM_ONE_r3,1,raw_compatibility,2,1,3160,3160,1.0,0.3050632911392405,3160,1.0,1.0,3159.999999999999,0.0,0.0,0.0,0.0
fundus_seed0_lcrseg_v0_2_r0_uniform_full200e,/home/jiangsuiyang/SSL_CL/runs/fundus_seed0_lcrseg_v0_2_r0_uniform_full200e/checkpoint_final_site1_RIM_ONE_r3.pt,checkpoint_final_site1_RIM_ONE_r3.pt,d1fa3d4c4872e549b5278dbeef966ff304fe5786aa76b0d8b482674879e073c3,lcrseg_v0_2,RIM_ONE_r3,1,raw_compatibility,2,2,3159,3159,1.0,0.04874960430515986,3159,1.0,1.0,3158.999999999999,0.0,0.0,0.0,0.0
fundus_seed0_lcrseg_v0_2_r0_uniform_full200e,/home/jiangsuiyang/SSL_CL/runs/fundus_seed0_lcrseg_v0_2_r0_uniform_full200e/checkpoint_final_site1_RIM_ONE_r3.pt,checkpoint_final_site1_RIM_ONE_r3.pt,d1fa3d4c4872e549b5278dbeef966ff304fe5786aa76b0d8b482674879e073c3,lcrseg_v0_2,RIM_ONE_r3,1,raw_compatibility,2,3,3159,3159,1.0,0.1706236150680595,3159,1.0,1.0,3158.999999999999,0.02139480148853947,0.0,0.0,0.0
fundus_seed0_lcrseg_v0_2_r0_uniform_full200e,/home/jiangsuiyang/SSL_CL/runs/fundus_seed0_lcrseg_v0_2_r0_uniform_full200e/checkpoint_final_site1_RIM_ONE_r3.pt,checkpoint_final_site1_RIM_ONE_r3.pt,d1fa3d4c4872e549b5278dbeef966ff304fe5786aa76b0d8b482674879e073c3,lcrseg_v0_2,RIM_ONE_r3,1,raw_compatibility,2,4,3159,3159,1.0,0.33459955682177905,3159,1.0,1.0,3158.999999999999,0.5213008315814527,0.38015727400779725,0.5278182029724121,0.6501800656318665
fundus_seed0_lcrseg_v0_2_r0_uniform_full200e,/home/jiangsuiyang/SSL_CL/runs/fundus_seed0_lcrseg_v0_2_r0_uniform_full200e/checkpoint_final_site1_RIM_ONE_r3.pt,checkpoint_final_site1_RIM_ONE_r3.pt,d1fa3d4c4872e549b5278dbeef966ff304fe5786aa76b0d8b482674879e073c3,lcrseg_v0_2,RIM_ONE_r3,1,raw_compatibility,2,5,3159,3159,1.0,0.43399810066476735,3159,1.0,1.0,3158.999999999999,0.7914964692922437,0.7044976472854614,0.7952759265899658,0.8734206199645996
fundus_seed0_lcrseg_v0_2_r0_uniform_full200e,/home/jiangsuiyang/SSL_CL/runs/fundus_seed0_lcrseg_v0_2_r0_uniform_full200e/checkpoint_final_site1_RIM_ONE_r3.pt,checkpoint_final_site1_RIM_ONE_r3.pt,d1fa3d4c4872e549b5278dbeef966ff304fe5786aa76b0d8b482674879e073c3,lcrseg_v0_2,RIM_ONE_r3,1,raw_compatibility,2,6,3159,3159,1.0,0.5777144666033555,3159,1.0,1.0,3158.999999999999,0.9332141052246395,0.9005952596664428,0.9374617338180542,0.9589038968086243
fundus_seed0_lcrseg_v0_2_r0_uniform_full200e,/home/jiangsuiyang/SSL_CL/runs/fundus_seed0_lcrseg_v0_2_r0_uniform_full200e/checkpoint_final_site1_RIM_ONE_r3.pt,checkpoint_final_site1_RIM_ONE_r3.pt,d1fa3d4c4872e549b5278dbeef966ff304fe5786aa76b0d8b482674879e073c3,lcrseg_v0_2,RIM_ONE_r3,1,raw_compatibility,2,7,3159,3159,1.0,0.671415004748338,3159,1.0,1.0,3158.999999999999,0.9751246412293222,0.9659903407096863,0.9760509729385376,0.9825225472450256
fundus_seed0_lcrseg_v0_2_r0_uniform_full200e,/home/jiangsuiyang/SSL_CL/runs/fundus_seed0_lcrseg_v0_2_r0_uniform_full200e/checkpoint_final_site1_RIM_ONE_r3.pt,checkpoint_final_site1_RIM_ONE_r3.pt,d1fa3d4c4872e549b5278dbeef966ff304fe5786aa76b0d8b482674879e073c3,lcrseg_v0_2,RIM_ONE_r3,1,raw_compatibility,2,8,3159,3159,1.0,0.7540360873694207,3159,1.0,1.0,3158.999999999999,0.9893838119265324,0.9853065967559814,0.9896518588066101,0.9928963303565979
fundus_seed0_lcrseg_v0_2_r0_uniform_full200e,/home/jiangsuiyang/SSL_CL/runs/fundus_seed0_lcrseg_v0_2_r0_uniform_full200e/checkpoint_final_site1_RIM_ONE_r3.pt,checkpoint_final_site1_RIM_ONE_r3.pt,d1fa3d4c4872e549b5278dbeef966ff304fe5786aa76b0d8b482674879e073c3,lcrseg_v0_2,RIM_ONE_r3,1,raw_compatibility,2,9,3159,3159,1.0,0.8255777144666033,3159,1.0,1.0,3158.999999999999,0.996329945603214,0.9941982507705689,0.9962974786758423,0.9985344529151916
fundus_seed0_lcrseg_v0_2_r0_uniform_full200e,/home/jiangsuiyang/SSL_CL/runs/fundus_seed0_lcrseg_v0_2_r0_uniform_full200e/checkpoint_final_site1_RIM_ONE_r3.pt,checkpoint_final_site1_RIM_ONE_r3.pt,d1fa3d4c4872e549b5278dbeef966ff304fe5786aa76b0d8b482674879e073c3,lcrseg_v0_2,RIM_ONE_r3,1,calibrated_compatibility,2,0,3160,3160,1.0,0.16993670886075948,3160,1.0,1.0,3159.999999999999,0.0,0.0,0.0,0.0
fundus_seed0_lcrseg_v0_2_r0_uniform_full200e,/home/jiangsuiyang/SSL_CL/runs/fundus_seed0_lcrseg_v0_2_r0_uniform_full200e/checkpoint_final_site1_RIM_ONE_r3.pt,checkpoint_final_site1_RIM_ONE_r3.pt,d1fa3d4c4872e549b5278dbeef966ff304fe5786aa76b0d8b482674879e073c3,lcrseg_v0_2,RIM_ONE_r3,1,calibrated_compatibility,2,1,3160,3160,1.0,0.3050632911392405,3160,1.0,1.0,3159.999999999999,0.0,0.0,0.0,0.0
fundus_seed0_lcrseg_v0_2_r0_uniform_full200e,/home/jiangsuiyang/SSL_CL/runs/fundus_seed0_lcrseg_v0_2_r0_uniform_full200e/checkpoint_final_site1_RIM_ONE_r3.pt,checkpoint_final_site1_RIM_ONE_r3.pt,d1fa3d4c4872e549b5278dbeef966ff304fe5786aa76b0d8b482674879e073c3,lcrseg_v0_2,RIM_ONE_r3,1,calibrated_compatibility,2,2,3159,3159,1.0,0.04874960430515986,3159,1.0,1.0,3158.999999999999,0.0,0.0,0.0,0.0
fundus_seed0_lcrseg_v0_2_r0_uniform_full200e,/home/jiangsuiyang/SSL_CL/runs/fundus_seed0_lcrseg_v0_2_r0_uniform_full200e/checkpoint_final_site1_RIM_ONE_r3.pt,checkpoint_final_site1_RIM_ONE_r3.pt,d1fa3d4c4872e549b5278dbeef966ff304fe5786aa76b0d8b482674879e073c3,lcrseg_v0_2,RIM_ONE_r3,1,calibrated_compatibility,2,3,3159,3159,1.0,0.1706236150680595,3159,1.0,1.0,3158.999999999999,0.02139480148853947,0.0,0.0,0.0
fundus_seed0_lcrseg_v0_2_r0_uniform_full200e,/home/jiangsuiyang/SSL_CL/runs/fundus_seed0_lcrseg_v0_2_r0_uniform_full200e/checkpoint_final_site1_RIM_ONE_r3.pt,checkpoint_final_site1_RIM_ONE_r3.pt,d1fa3d4c4872e549b5278dbeef966ff304fe5786aa76b0d8b482674879e073c3,lcrseg_v0_2,RIM_ONE_r3,1,calibrated_compatibility,2,4,3159,3159,1.0,0.33459955682177905,3159,1.0,1.0,3158.999999999999,0.5213008315814527,0.38015727400779725,0.5278182029724121,0.6501800656318665
fundus_seed0_lcrseg_v0_2_r0_uniform_full200e,/home/jiangsuiyang/SSL_CL/runs/fundus_seed0_lcrseg_v0_2_r0_uniform_full200e/checkpoint_final_site1_RIM_ONE_r3.pt,checkpoint_final_site1_RIM_ONE_r3.pt,d1fa3d4c4872e549b5278dbeef966ff304fe5786aa76b0d8b482674879e073c3,lcrseg_v0_2,RIM_ONE_r3,1,calibrated_compatibility,2,5,3159,3159,1.0,0.43399810066476735,3159,1.0,1.0,3158.999999999999,0.7914964692922437,0.7044976472854614,0.7952759265899658,0.8734206199645996
fundus_seed0_lcrseg_v0_2_r0_uniform_full200e,/home/jiangsuiyang/SSL_CL/runs/fundus_seed0_lcrseg_v0_2_r0_uniform_full200e/checkpoint_final_site1_RIM_ONE_r3.pt,checkpoint_final_site1_RIM_ONE_r3.pt,d1fa3d4c4872e549b5278dbeef966ff304fe5786aa76b0d8b482674879e073c3,lcrseg_v0_2,RIM_ONE_r3,1,calibrated_compatibility,2,6,3159,3159,1.0,0.5777144666033555,3159,1.0,1.0,3158.999999999999,0.9332141052246395,0.9005952596664428,0.9374617338180542,0.9589038968086243
fundus_seed0_lcrseg_v0_2_r0_uniform_full200e,/home/jiangsuiyang/SSL_CL/runs/fundus_seed0_lcrseg_v0_2_r0_uniform_full200e/checkpoint_final_site1_RIM_ONE_r3.pt,checkpoint_final_site1_RIM_ONE_r3.pt,d1fa3d4c4872e549b5278dbeef966ff304fe5786aa76b0d8b482674879e073c3,lcrseg_v0_2,RIM_ONE_r3,1,calibrated_compatibility,2,7,3159,3159,1.0,0.671415004748338,3159,1.0,1.0,3158.999999999999,0.9751246412293222,0.9659903407096863,0.9760509729385376,0.9825225472450256
fundus_seed0_lcrseg_v0_2_r0_uniform_full200e,/home/jiangsuiyang/SSL_CL/runs/fundus_seed0_lcrseg_v0_2_r0_uniform_full200e/checkpoint_final_site1_RIM_ONE_r3.pt,checkpoint_final_site1_RIM_ONE_r3.pt,d1fa3d4c4872e549b5278dbeef966ff304fe5786aa76b0d8b482674879e073c3,lcrseg_v0_2,RIM_ONE_r3,1,calibrated_compatibility,2,8,3159,3159,1.0,0.7540360873694207,3159,1.0,1.0,3158.999999999999,0.9893838119265324,0.9853065967559814,0.9896518588066101,0.9928963303565979
fundus_seed0_lcrseg_v0_2_r0_uniform_full200e,/home/jiangsuiyang/SSL_CL/runs/fundus_seed0_lcrseg_v0_2_r0_uniform_full200e/checkpoint_final_site1_RIM_ONE_r3.pt,checkpoint_final_site1_RIM_ONE_r3.pt,d1fa3d4c4872e549b5278dbeef966ff304fe5786aa76b0d8b482674879e073c3,lcrseg_v0_2,RIM_ONE_r3,1,calibrated_compatibility,2,9,3159,3159,1.0,0.8255777144666033,3159,1.0,1.0,3158.999999999999,0.996329945603214,0.9941982507705689,0.9962974786758423,0.9985344529151916
fundus_seed0_lcrseg_v0_2_r0_uniform_full200e,/home/jiangsuiyang/SSL_CL/runs/fundus_seed0_lcrseg_v0_2_r0_uniform_full200e/checkpoint_final_site2_Drishti_GS.pt,checkpoint_final_site2_Drishti_GS.pt,e86aceefa2324a59d58df3ee434647bf24728d53fcd0717424812cd947f21467,lcrseg_v0_2,Drishti_GS,2,learnability,0,0,31951,31951,1.0,0.8045757566273356,31951,1.0,1.0,31951.0,0.14002394494893391,0.09535150974988937,0.13873200118541718,0.18969210982322693
fundus_seed0_lcrseg_v0_2_r0_uniform_full200e,/home/jiangsuiyang/SSL_CL/runs/fundus_seed0_lcrseg_v0_2_r0_uniform_full200e/checkpoint_final_site2_Drishti_GS.pt,checkpoint_final_site2_Drishti_GS.pt,e86aceefa2324a59d58df3ee434647bf24728d53fcd0717424812cd947f21467,lcrseg_v0_2,Drishti_GS,2,learnability,0,1,31951,31951,1.0,0.9623485962880661,31951,1.0,1.0,31951.0,0.2853413781870035,0.21880973875522614,0.2838969826698303,0.3546425402164459
fundus_seed0_lcrseg_v0_2_r0_uniform_full200e,/home/jiangsuiyang/SSL_CL/runs/fundus_seed0_lcrseg_v0_2_r0_uniform_full200e/checkpoint_final_site2_Drishti_GS.pt,checkpoint_final_site2_Drishti_GS.pt,e86aceefa2324a59d58df3ee434647bf24728d53fcd0717424812cd947f21467,lcrseg_v0_2,Drishti_GS,2,learnability,0,2,31951,31951,1.0,0.9793746674595474,31951,1.0,1.0,31951.0,0.45899688334559197,0.3907823860645294,0.46077144145965576,0.5239301919937134
fundus_seed0_lcrseg_v0_2_r0_uniform_full200e,/home/jiangsuiyang/SSL_CL/runs/fundus_seed0_lcrseg_v0_2_r0_uniform_full200e/checkpoint_final_site2_Drishti_GS.pt,checkpoint_final_site2_Drishti_GS.pt,e86aceefa2324a59d58df3ee434647bf24728d53fcd0717424812cd947f21467,lcrseg_v0_2,Drishti_GS,2,learnability,0,3,31951,31951,1.0,0.9922381146130012,31951,1.0,1.0,31951.0,0.5972897846379164,0.552046000957489,0.6000754833221436,0.6374066472053528
fundus_seed0_lcrseg_v0_2_r0_uniform_full200e,/home/jiangsuiyang/SSL_CL/runs/fundus_seed0_lcrseg_v0_2_r0_uniform_full200e/checkpoint_final_site2_Drishti_GS.pt,checkpoint_final_site2_Drishti_GS.pt,e86aceefa2324a59d58df3ee434647bf24728d53fcd0717424812cd947f21467,lcrseg_v0_2,Drishti_GS,2,learnability,0,4,31951,31951,1.0,0.9956808863572345,31951,1.0,1.0,31951.0,0.6744805629206899,0.6524775624275208,0.6762515306472778,0.6932404041290283
fundus_seed0_lcrseg_v0_2_r0_uniform_full200e,/home/jiangsuiyang/SSL_CL/runs/fundus_seed0_lcrseg_v0_2_r0_uniform_full200e/checkpoint_final_site2_Drishti_GS.pt,checkpoint_final_site2_Drishti_GS.pt,e86aceefa2324a59d58df3ee434647bf24728d53fcd0717424812cd947f21467,lcrseg_v0_2,Drishti_GS,2,learnability,0,5,31950,31950,1.0,0.9978090766823161,31950,1.0,1.0,31950.0,0.7088373084788404,0.6997152686119079,0.7096435725688934,0.7164658367633819
fundus_seed0_lcrseg_v0_2_r0_uniform_full200e,/home/jiangsuiyang/SSL_CL/runs/fundus_seed0_lcrseg_v0_2_r0_uniform_full200e/checkpoint_final_site2_Drishti_GS.pt,checkpoint_final_site2_Drishti_GS.pt,e86aceefa2324a59d58df3ee434647bf24728d53fcd0717424812cd947f21467,lcrseg_v0_2,Drishti_GS,2,learnability,0,6,31950,31950,1.0,0.9980594679186229,31950,1.0,1.0,31950.0,0.722545475064309,0.7190194308757782,0.7228665351867676,0.7254806756973267
fundus_seed0_lcrseg_v0_2_r0_uniform_full200e,/home/jiangsuiyang/SSL_CL/runs/fundus_seed0_lcrseg_v0_2_r0_uniform_full200e/checkpoint_final_site2_Drishti_GS.pt,checkpoint_final_site2_Drishti_GS.pt,e86aceefa2324a59d58df3ee434647bf24728d53fcd0717424812cd947f21467,lcrseg_v0_2,Drishti_GS,2,learnability,0,7,31950,31950,1.0,0.9984350547730829,31950,1.0,1.0,31950.0,0.72778514268999,0.7264518558979034,0.7279075682163239,0.7288932859897613
fundus_seed0_lcrseg_v0_2_r0_uniform_full200e,/home/jiangsuiyang/SSL_CL/runs/fundus_seed0_lcrseg_v0_2_r0_uniform_full200e/checkpoint_final_site2_Drishti_GS.pt,checkpoint_final_site2_Drishti_GS.pt,e86aceefa2324a59d58df3ee434647bf24728d53fcd0717424812cd947f21467,lcrseg_v0_2,Drishti_GS,2,learnability,0,8,31950,31950,1.0,0.998716744913928,31950,1.0,1.0,31950.0,0.729762772164994,0.7292587637901307,0.7298089563846588,0.730181223154068
fundus_seed0_lcrseg_v0_2_r0_uniform_full200e,/home/jiangsuiyang/SSL_CL/runs/fundus_seed0_lcrseg_v0_2_r0_uniform_full200e/checkpoint_final_site2_Drishti_GS.pt,checkpoint_final_site2_Drishti_GS.pt,e86aceefa2324a59d58df3ee434647bf24728d53fcd0717424812cd947f21467,lcrseg_v0_2,Drishti_GS,2,learnability,0,9,31950,31950,1.0,0.9970892018779343,31950,1.0,1.0,31950.0,0.7307338516570406,0.7303212285041809,0.7305408716201782,0.7307182550430298
fundus_seed0_lcrseg_v0_2_r0_uniform_full200e,/home/jiangsuiyang/SSL_CL/runs/fundus_seed0_lcrseg_v0_2_r0_uniform_full200e/checkpoint_final_site2_Drishti_GS.pt,checkpoint_final_site2_Drishti_GS.pt,e86aceefa2324a59d58df3ee434647bf24728d53fcd0717424812cd947f21467,lcrseg_v0_2,Drishti_GS,2,learnability,1,0,2755,2755,1.0,0.46206896551724136,2755,1.0,1.0,2754.999999999999,0.16097485183276736,0.08730911016464234,0.16230756044387817,0.23558656573295592
fundus_seed0_lcrseg_v0_2_r0_uniform_full200e,/home/jiangsuiyang/SSL_CL/runs/fundus_seed0_lcrseg_v0_2_r0_uniform_full200e/checkpoint_final_site2_Drishti_GS.pt,checkpoint_final_site2_Drishti_GS.pt,e86aceefa2324a59d58df3ee434647bf24728d53fcd0717424812cd947f21467,lcrseg_v0_2,Drishti_GS,2,learnability,1,1,2754,2754,1.0,0.4785766158315178,2754,1.0,1.0,2753.999999999999,0.34044342749388906,0.2712306886911392,0.34084004163742065,0.4083875805139542
fundus_seed0_lcrseg_v0_2_r0_uniform_full200e,/home/jiangsuiyang/SSL_CL/runs/fundus_seed0_lcrseg_v0_2_r0_uniform_full200e/checkpoint_final_site2_Drishti_GS.pt,checkpoint_final_site2_Drishti_GS.pt,e86aceefa2324a59d58df3ee434647bf24728d53fcd0717424812cd947f21467,lcrseg_v0_2,Drishti_GS,2,learnability,1,2,2754,2754,1.0,0.5116194625998548,2754,1.0,1.0,2753.999999999999,0.4969266450266606,0.44124226868152616,0.49883121252059937,0.5486954927444458
fundus_seed0_lcrseg_v0_2_r0_uniform_full200e,/home/jiangsuiyang/SSL_CL/runs/fundus_seed0_lcrseg_v0_2_r0_uniform_full200e/checkpoint_final_site2_Drishti_GS.pt,checkpoint_final_site2_Drishti_GS.pt,e86aceefa2324a59d58df3ee434647bf24728d53fcd0717424812cd947f21467,lcrseg_v0_2,Drishti_GS,2,learnability,1,3,2754,2754,1.0,0.5882352941176471,2754,1.0,1.0,2753.999999999999,0.6074923178858747,0.5708500623703003,0.6098538339138031,0.6406503438949586
fundus_seed0_lcrseg_v0_2_r0_uniform_full200e,/home/jiangsuiyang/SSL_CL/runs/fundus_seed0_lcrseg_v0_2_r0_uniform_full200e/checkpoint_final_site2_Drishti_GS.pt,checkpoint_final_site2_Drishti_GS.pt,e86aceefa2324a59d58df3ee434647bf24728d53fcd0717424812cd947f21467,lcrseg_v0_2,Drishti_GS,2,learnability,1,4,2754,2754,1.0,0.6132897603485838,2754,1.0,1.0,2753.999999999999,0.6727370756340789,0.6530329346656799,0.6738233864307404,0.6901774346828461
fundus_seed0_lcrseg_v0_2_r0_uniform_full200e,/home/jiangsuiyang/SSL_CL/runs/fundus_seed0_lcrseg_v0_2_r0_uniform_full200e/checkpoint_final_site2_Drishti_GS.pt,checkpoint_final_site2_Drishti_GS.pt,e86aceefa2324a59d58df3ee434647bf24728d53fcd0717424812cd947f21467,lcrseg_v0_2,Drishti_GS,2,learnability,1,5,2754,2754,1.0,0.6815541031227306,2754,1.0,1.0,2753.999999999999,0.7047675071458671,0.6961751937866211,0.7055192291736603,0.7120774924755097
fundus_seed0_lcrseg_v0_2_r0_uniform_full200e,/home/jiangsuiyang/SSL_CL/runs/fundus_seed0_lcrseg_v0_2_r0_uniform_full200e/checkpoint_final_site2_Drishti_GS.pt,checkpoint_final_site2_Drishti_GS.pt,e86aceefa2324a59d58df3ee434647bf24728d53fcd0717424812cd947f21467,lcrseg_v0_2,Drishti_GS,2,learnability,1,6,2754,2754,1.0,0.7400145243282498,2754,1.0,1.0,2753.999999999999,0.7181640179285383,0.7145869195461273,0.7184304893016815,0.7212210476398468
fundus_seed0_lcrseg_v0_2_r0_uniform_full200e,/home/jiangsuiyang/SSL_CL/runs/fundus_seed0_lcrseg_v0_2_r0_uniform_full200e/checkpoint_final_site2_Drishti_GS.pt,checkpoint_final_site2_Drishti_GS.pt,e86aceefa2324a59d58df3ee434647bf24728d53fcd0717424812cd947f21467,lcrseg_v0_2,Drishti_GS,2,learnability,1,7,2754,2754,1.0,0.7643427741466957,2754,1.0,1.0,2753.999999999999,0.7243285418509052,0.7224247813224792,0.7243993878364563,0.7260381758213044
fundus_seed0_lcrseg_v0_2_r0_uniform_full200e,/home/jiangsuiyang/SSL_CL/runs/fundus_seed0_lcrseg_v0_2_r0_uniform_full200e/checkpoint_final_site2_Drishti_GS.pt,checkpoint_final_site2_Drishti_GS.pt,e86aceefa2324a59d58df3ee434647bf24728d53fcd0717424812cd947f21467,lcrseg_v0_2,Drishti_GS,2,learnability,1,8,2754,2754,1.0,0.8148148148148148,2754,1.0,1.0,2753.999999999999,0.7276794021122682,0.7266879618167877,0.7277295589447021,0.7285790622234345
fundus_seed0_lcrseg_v0_2_r0_uniform_full200e,/home/jiangsuiyang/SSL_CL/runs/fundus_seed0_lcrseg_v0_2_r0_uniform_full200e/checkpoint_final_site2_Drishti_GS.pt,checkpoint_final_site2_Drishti_GS.pt,e86aceefa2324a59d58df3ee434647bf24728d53fcd0717424812cd947f21467,lcrseg_v0_2,Drishti_GS,2,learnability,1,9,2754,2754,1.0,0.6978939724037764,2754,1.0,1.0,2753.999999999999,0.7390101708055149,0.7289398014545441,0.7296178936958313,0.730535876750946
fundus_seed0_lcrseg_v0_2_r0_uniform_full200e,/home/jiangsuiyang/SSL_CL/runs/fundus_seed0_lcrseg_v0_2_r0_uniform_full200e/checkpoint_final_site2_Drishti_GS.pt,checkpoint_final_site2_Drishti_GS.pt,e86aceefa2324a59d58df3ee434647bf24728d53fcd0717424812cd947f21467,lcrseg_v0_2,Drishti_GS,2,learnability,2,0,1888,1888,1.0,0.5820974576271186,1888,1.0,1.0,1887.999999999999,0.18477458227623128,0.09148773029446602,0.1880831941962242,0.2747055977582932
fundus_seed0_lcrseg_v0_2_r0_uniform_full200e,/home/jiangsuiyang/SSL_CL/runs/fundus_seed0_lcrseg_v0_2_r0_uniform_full200e/checkpoint_final_site2_Drishti_GS.pt,checkpoint_final_site2_Drishti_GS.pt,e86aceefa2324a59d58df3ee434647bf24728d53fcd0717424812cd947f21467,lcrseg_v0_2,Drishti_GS,2,learnability,2,1,1888,1888,1.0,0.7356991525423728,1888,1.0,1.0,1887.999999999999,0.39318857275707236,0.31667807400226594,0.39574410021305084,0.4676391929388046
fundus_seed0_lcrseg_v0_2_r0_uniform_full200e,/home/jiangsuiyang/SSL_CL/runs/fundus_seed0_lcrseg_v0_2_r0_uniform_full200e/checkpoint_final_site2_Drishti_GS.pt,checkpoint_final_site2_Drishti_GS.pt,e86aceefa2324a59d58df3ee434647bf24728d53fcd0717424812cd947f21467,lcrseg_v0_2,Drishti_GS,2,learnability,2,2,1888,1888,1.0,0.8373940677966102,1888,1.0,1.0,1887.999999999999,0.5555970340146351,0.50122429728508,0.5583198070526123,0.6043828845024108
fundus_seed0_lcrseg_v0_2_r0_uniform_full200e,/home/jiangsuiyang/SSL_CL/runs/fundus_seed0_lcrseg_v0_2_r0_uniform_full200e/checkpoint_final_site2_Drishti_GS.pt,checkpoint_final_site2_Drishti_GS.pt,e86aceefa2324a59d58df3ee434647bf24728d53fcd0717424812cd947f21467,lcrseg_v0_2,Drishti_GS,2,learnability,2,3,1888,1888,1.0,0.8638771186440678,1888,1.0,1.0,1887.999999999999,0.6507406015327927,0.6225607693195343,0.652826189994812,0.6749408125877381
fundus_seed0_lcrseg_v0_2_r0_uniform_full200e,/home/jiangsuiyang/SSL_CL/runs/fundus_seed0_lcrseg_v0_2_r0_uniform_full200e/checkpoint_final_site2_Drishti_GS.pt,checkpoint_final_site2_Drishti_GS.pt,e86aceefa2324a59d58df3ee434647bf24728d53fcd0717424812cd947f21467,lcrseg_v0_2,Drishti_GS,2,learnability,2,4,1888,1888,1.0,0.913135593220339,1888,1.0,1.0,1887.999999999999,0.6962513714018514,0.6837064266204834,0.6973204910755157,0.7069862127304077
fundus_seed0_lcrseg_v0_2_r0_uniform_full200e,/home/jiangsuiyang/SSL_CL/runs/fundus_seed0_lcrseg_v0_2_r0_uniform_full200e/checkpoint_final_site2_Drishti_GS.pt,checkpoint_final_site2_Drishti_GS.pt,e86aceefa2324a59d58df3ee434647bf24728d53fcd0717424812cd947f21467,lcrseg_v0_2,Drishti_GS,2,learnability,2,5,1888,1888,1.0,0.9496822033898306,1888,1.0,1.0,1887.999999999999,0.7161867530795477,0.710767251253128,0.7166531980037689,0.7207683026790619
fundus_seed0_lcrseg_v0_2_r0_uniform_full200e,/home/jiangsuiyang/SSL_CL/runs/fundus_seed0_lcrseg_v0_2_r0_uniform_full200e/checkpoint_final_site2_Drishti_GS.pt,checkpoint_final_site2_Drishti_GS.pt,e86aceefa2324a59d58df3ee434647bf24728d53fcd0717424812cd947f21467,lcrseg_v0_2,Drishti_GS,2,learnability,2,6,1888,1888,1.0,0.9661016949152542,1888,1.0,1.0,1887.999999999999,0.7246571607824605,0.7223453104496003,0.7248355746269226,0.7266125977039337
fundus_seed0_lcrseg_v0_2_r0_uniform_full200e,/home/jiangsuiyang/SSL_CL/runs/fundus_seed0_lcrseg_v0_2_r0_uniform_full200e/checkpoint_final_site2_Drishti_GS.pt,checkpoint_final_site2_Drishti_GS.pt,e86aceefa2324a59d58df3ee434647bf24728d53fcd0717424812cd947f21467,lcrseg_v0_2,Drishti_GS,2,learnability,2,7,1888,1888,1.0,0.9766949152542372,1888,1.0,1.0,1887.999999999999,0.7282879763930026,0.7272865414619446,0.7283617258071899,0.7291476130485535
fundus_seed0_lcrseg_v0_2_r0_uniform_full200e,/home/jiangsuiyang/SSL_CL/runs/fundus_seed0_lcrseg_v0_2_r0_uniform_full200e/checkpoint_final_site2_Drishti_GS.pt,checkpoint_final_site2_Drishti_GS.pt,e86aceefa2324a59d58df3ee434647bf24728d53fcd0717424812cd947f21467,lcrseg_v0_2,Drishti_GS,2,learnability,2,8,1888,1888,1.0,0.982521186440678,1888,1.0,1.0,1887.999999999999,0.7299235559747381,0.7294738590717316,0.7299597263336182,0.7303089439868927
fundus_seed0_lcrseg_v0_2_r0_uniform_full200e,/home/jiangsuiyang/SSL_CL/runs/fundus_seed0_lcrseg_v0_2_r0_uniform_full200e/checkpoint_final_site2_Drishti_GS.pt,checkpoint_final_site2_Drishti_GS.pt,e86aceefa2324a59d58df3ee434647bf24728d53fcd0717424812cd947f21467,lcrseg_v0_2,Drishti_GS,2,learnability,2,9,1887,1887,1.0,0.9851616322204557,1887,1.0,1.0,1886.999999999999,0.730662059297496,0.7304410576820374,0.7306445837020874,0.7307872891426086
fundus_seed0_lcrseg_v0_2_r0_uniform_full200e,/home/jiangsuiyang/SSL_CL/runs/fundus_seed0_lcrseg_v0_2_r0_uniform_full200e/checkpoint_final_site2_Drishti_GS.pt,checkpoint_final_site2_Drishti_GS.pt,e86aceefa2324a59d58df3ee434647bf24728d53fcd0717424812cd947f21467,lcrseg_v0_2,Drishti_GS,2,raw_compatibility,0,0,32605,32605,1.0,0.61239073761693,32605,1.0,1.0,32605.0,0.6167831226933123,0.0,0.7868140339851379,0.9291656851768494
fundus_seed0_lcrseg_v0_2_r0_uniform_full200e,/home/jiangsuiyang/SSL_CL/runs/fundus_seed0_lcrseg_v0_2_r0_uniform_full200e/checkpoint_final_site2_Drishti_GS.pt,checkpoint_final_site2_Drishti_GS.pt,e86aceefa2324a59d58df3ee434647bf24728d53fcd0717424812cd947f21467,lcrseg_v0_2,Drishti_GS,2,raw_compatibility,0,1,32604,32604,1.0,0.909642988590357,32604,1.0,1.0,32604.0,0.9730782215141281,0.9533497810363769,0.9765003621578217,0.9865338444709778
fundus_seed0_lcrseg_v0_2_r0_uniform_full200e,/home/jiangsuiyang/SSL_CL/runs/fundus_seed0_lcrseg_v0_2_r0_uniform_full200e/checkpoint_final_site2_Drishti_GS.pt,checkpoint_final_site2_Drishti_GS.pt,e86aceefa2324a59d58df3ee434647bf24728d53fcd0717424812cd947f21467,lcrseg_v0_2,Drishti_GS,2,raw_compatibility,0,2,32604,32604,1.0,0.9695129431971538,32604,1.0,1.0,32604.0,0.9922634338311748,0.9893516659736633,0.9926384687423706,0.994473397731781
fundus_seed0_lcrseg_v0_2_r0_uniform_full200e,/home/jiangsuiyang/SSL_CL/runs/fundus_seed0_lcrseg_v0_2_r0_uniform_full200e/checkpoint_final_site2_Drishti_GS.pt,checkpoint_final_site2_Drishti_GS.pt,e86aceefa2324a59d58df3ee434647bf24728d53fcd0717424812cd947f21467,lcrseg_v0_2,Drishti_GS,2,raw_compatibility,0,3,32604,32604,1.0,0.9892344497607656,32604,1.0,1.0,32604.0,0.9959711394230584,0.9951125383377075,0.9960411787033081,0.9966993749141693
fundus_seed0_lcrseg_v0_2_r0_uniform_full200e,/home/jiangsuiyang/SSL_CL/runs/fundus_seed0_lcrseg_v0_2_r0_uniform_full200e/checkpoint_final_site2_Drishti_GS.pt,checkpoint_final_site2_Drishti_GS.pt,e86aceefa2324a59d58df3ee434647bf24728d53fcd0717424812cd947f21467,lcrseg_v0_2,Drishti_GS,2,raw_compatibility,0,4,32604,32604,1.0,0.9955220218378114,32604,1.0,1.0,32604.0,0.9973596420690716,0.9969569444656372,0.9973777532577515,0.9977271378040313
fundus_seed0_lcrseg_v0_2_r0_uniform_full200e,/home/jiangsuiyang/SSL_CL/runs/fundus_seed0_lcrseg_v0_2_r0_uniform_full200e/checkpoint_final_site2_Drishti_GS.pt,checkpoint_final_site2_Drishti_GS.pt,e86aceefa2324a59d58df3ee434647bf24728d53fcd0717424812cd947f21467,lcrseg_v0_2,Drishti_GS,2,raw_compatibility,0,5,32604,32604,1.0,0.9972089314194578,32604,1.0,1.0,32604.0,0.9981378144997641,0.9978824436664582,0.9981488585472107,0.9983742833137512
fundus_seed0_lcrseg_v0_2_r0_uniform_full200e,/home/jiangsuiyang/SSL_CL/runs/fundus_seed0_lcrseg_v0_2_r0_uniform_full200e/checkpoint_final_site2_Drishti_GS.pt,checkpoint_final_site2_Drishti_GS.pt,e86aceefa2324a59d58df3ee434647bf24728d53fcd0717424812cd947f21467,lcrseg_v0_2,Drishti_GS,2,raw_compatibility,0,6,32604,32604,1.0,0.9981290639185376,32604,1.0,1.0,32604.0,0.9986594592668633,0.9984762668609619,0.9986645579338074,0.9988318681716919
fundus_seed0_lcrseg_v0_2_r0_uniform_full200e,/home/jiangsuiyang/SSL_CL/runs/fundus_seed0_lcrseg_v0_2_r0_uniform_full200e/checkpoint_final_site2_Drishti_GS.pt,checkpoint_final_site2_Drishti_GS.pt,e86aceefa2324a59d58df3ee434647bf24728d53fcd0717424812cd947f21467,lcrseg_v0_2,Drishti_GS,2,raw_compatibility,0,7,32604,32604,1.0,0.9985891301680775,32604,1.0,1.0,32604.0,0.9990512197269368,0.998908281326294,0.9990533590316772,0.9991881847381592
fundus_seed0_lcrseg_v0_2_r0_uniform_full200e,/home/jiangsuiyang/SSL_CL/runs/fundus_seed0_lcrseg_v0_2_r0_uniform_full200e/checkpoint_final_site2_Drishti_GS.pt,checkpoint_final_site2_Drishti_GS.pt,e86aceefa2324a59d58df3ee434647bf24728d53fcd0717424812cd947f21467,lcrseg_v0_2,Drishti_GS,2,raw_compatibility,0,8,32604,32604,1.0,0.9988038277511961,32604,1.0,1.0,32604.0,0.9993735487428769,0.9992507696151733,0.9993750751018524,0.9994938373565674
fundus_seed0_lcrseg_v0_2_r0_uniform_full200e,/home/jiangsuiyang/SSL_CL/runs/fundus_seed0_lcrseg_v0_2_r0_uniform_full200e/checkpoint_final_site2_Drishti_GS.pt,checkpoint_final_site2_Drishti_GS.pt,e86aceefa2324a59d58df3ee434647bf24728d53fcd0717424812cd947f21467,lcrseg_v0_2,Drishti_GS,2,raw_compatibility,0,9,32604,32604,1.0,0.9981597350018403,32604,1.0,1.0,32604.0,0.9997035471895929,0.9995537400245667,0.9996818900108337,0.999895453453064
fundus_seed0_lcrseg_v0_2_r0_uniform_full200e,/home/jiangsuiyang/SSL_CL/runs/fundus_seed0_lcrseg_v0_2_r0_uniform_full200e/checkpoint_final_site2_Drishti_GS.pt,checkpoint_final_site2_Drishti_GS.pt,e86aceefa2324a59d58df3ee434647bf24728d53fcd0717424812cd947f21467,lcrseg_v0_2,Drishti_GS,2,calibrated_compatibility,0,0,32605,32605,1.0,0.61239073761693,32605,1.0,1.0,32605.0,0.6167831226933123,0.0,0.7868140339851379,0.9291656851768494
fundus_seed0_lcrseg_v0_2_r0_uniform_full200e,/home/jiangsuiyang/SSL_CL/runs/fundus_seed0_lcrseg_v0_2_r0_uniform_full200e/checkpoint_final_site2_Drishti_GS.pt,checkpoint_final_site2_Drishti_GS.pt,e86aceefa2324a59d58df3ee434647bf24728d53fcd0717424812cd947f21467,lcrseg_v0_2,Drishti_GS,2,calibrated_compatibility,0,1,32604,32604,1.0,0.909642988590357,32604,1.0,1.0,32604.0,0.9730782215141281,0.9533497810363769,0.9765003621578217,0.9865338444709778
fundus_seed0_lcrseg_v0_2_r0_uniform_full200e,/home/jiangsuiyang/SSL_CL/runs/fundus_seed0_lcrseg_v0_2_r0_uniform_full200e/checkpoint_final_site2_Drishti_GS.pt,checkpoint_final_site2_Drishti_GS.pt,e86aceefa2324a59d58df3ee434647bf24728d53fcd0717424812cd947f21467,lcrseg_v0_2,Drishti_GS,2,calibrated_compatibility,0,2,32604,32604,1.0,0.9695129431971538,32604,1.0,1.0,32604.0,0.9922634338311748,0.9893516659736633,0.9926384687423706,0.994473397731781
fundus_seed0_lcrseg_v0_2_r0_uniform_full200e,/home/jiangsuiyang/SSL_CL/runs/fundus_seed0_lcrseg_v0_2_r0_uniform_full200e/checkpoint_final_site2_Drishti_GS.pt,checkpoint_final_site2_Drishti_GS.pt,e86aceefa2324a59d58df3ee434647bf24728d53fcd0717424812cd947f21467,lcrseg_v0_2,Drishti_GS,2,calibrated_compatibility,0,3,32604,32604,1.0,0.9892344497607656,32604,1.0,1.0,32604.0,0.9959711394230584,0.9951125383377075,0.9960411787033081,0.9966993749141693
fundus_seed0_lcrseg_v0_2_r0_uniform_full200e,/home/jiangsuiyang/SSL_CL/runs/fundus_seed0_lcrseg_v0_2_r0_uniform_full200e/checkpoint_final_site2_Drishti_GS.pt,checkpoint_final_site2_Drishti_GS.pt,e86aceefa2324a59d58df3ee434647bf24728d53fcd0717424812cd947f21467,lcrseg_v0_2,Drishti_GS,2,calibrated_compatibility,0,4,32604,32604,1.0,0.9955220218378114,32604,1.0,1.0,32604.0,0.9973596420690716,0.9969569444656372,0.9973777532577515,0.9977271378040313
fundus_seed0_lcrseg_v0_2_r0_uniform_full200e,/home/jiangsuiyang/SSL_CL/runs/fundus_seed0_lcrseg_v0_2_r0_uniform_full200e/checkpoint_final_site2_Drishti_GS.pt,checkpoint_final_site2_Drishti_GS.pt,e86aceefa2324a59d58df3ee434647bf24728d53fcd0717424812cd947f21467,lcrseg_v0_2,Drishti_GS,2,calibrated_compatibility,0,5,32604,32604,1.0,0.9972089314194578,32604,1.0,1.0,32604.0,0.9981378144997641,0.9978824436664582,0.9981488585472107,0.9983742833137512
fundus_seed0_lcrseg_v0_2_r0_uniform_full200e,/home/jiangsuiyang/SSL_CL/runs/fundus_seed0_lcrseg_v0_2_r0_uniform_full200e/checkpoint_final_site2_Drishti_GS.pt,checkpoint_final_site2_Drishti_GS.pt,e86aceefa2324a59d58df3ee434647bf24728d53fcd0717424812cd947f21467,lcrseg_v0_2,Drishti_GS,2,calibrated_compatibility,0,6,32604,32604,1.0,0.9981290639185376,32604,1.0,1.0,32604.0,0.9986594592668633,0.9984762668609619,0.9986645579338074,0.9988318681716919
fundus_seed0_lcrseg_v0_2_r0_uniform_full200e,/home/jiangsuiyang/SSL_CL/runs/fundus_seed0_lcrseg_v0_2_r0_uniform_full200e/checkpoint_final_site2_Drishti_GS.pt,checkpoint_final_site2_Drishti_GS.pt,e86aceefa2324a59d58df3ee434647bf24728d53fcd0717424812cd947f21467,lcrseg_v0_2,Drishti_GS,2,calibrated_compatibility,0,7,32604,32604,1.0,0.9985891301680775,32604,1.0,1.0,32604.0,0.9990512197269368,0.998908281326294,0.9990533590316772,0.9991881847381592
fundus_seed0_lcrseg_v0_2_r0_uniform_full200e,/home/jiangsuiyang/SSL_CL/runs/fundus_seed0_lcrseg_v0_2_r0_uniform_full200e/checkpoint_final_site2_Drishti_GS.pt,checkpoint_final_site2_Drishti_GS.pt,e86aceefa2324a59d58df3ee434647bf24728d53fcd0717424812cd947f21467,lcrseg_v0_2,Drishti_GS,2,calibrated_compatibility,0,8,32604,32604,1.0,0.9988038277511961,32604,1.0,1.0,32604.0,0.9993735487428769,0.9992507696151733,0.9993750751018524,0.9994938373565674
fundus_seed0_lcrseg_v0_2_r0_uniform_full200e,/home/jiangsuiyang/SSL_CL/runs/fundus_seed0_lcrseg_v0_2_r0_uniform_full200e/checkpoint_final_site2_Drishti_GS.pt,checkpoint_final_site2_Drishti_GS.pt,e86aceefa2324a59d58df3ee434647bf24728d53fcd0717424812cd947f21467,lcrseg_v0_2,Drishti_GS,2,calibrated_compatibility,0,9,32604,32604,1.0,0.9981597350018403,32604,1.0,1.0,32604.0,0.9997035471895929,0.9995537400245667,0.9996818900108337,0.999895453453064
fundus_seed0_lcrseg_v0_2_r0_uniform_full200e,/home/jiangsuiyang/SSL_CL/runs/fundus_seed0_lcrseg_v0_2_r0_uniform_full200e/checkpoint_final_site2_Drishti_GS.pt,checkpoint_final_site2_Drishti_GS.pt,e86aceefa2324a59d58df3ee434647bf24728d53fcd0717424812cd947f21467,lcrseg_v0_2,Drishti_GS,2,raw_compatibility,1,0,3355,3355,1.0,0.10134128166915052,3355,1.0,1.0,3354.999999999999,0.0,0.0,0.0,0.0
fundus_seed0_lcrseg_v0_2_r0_uniform_full200e,/home/jiangsuiyang/SSL_CL/runs/fundus_seed0_lcrseg_v0_2_r0_uniform_full200e/checkpoint_final_site2_Drishti_GS.pt,checkpoint_final_site2_Drishti_GS.pt,e86aceefa2324a59d58df3ee434647bf24728d53fcd0717424812cd947f21467,lcrseg_v0_2,Drishti_GS,2,raw_compatibility,1,1,3355,3355,1.0,0.24232488822652756,3355,1.0,1.0,3354.999999999999,0.0,0.0,0.0,0.0
fundus_seed0_lcrseg_v0_2_r0_uniform_full200e,/home/jiangsuiyang/SSL_CL/runs/fundus_seed0_lcrseg_v0_2_r0_uniform_full200e/checkpoint_final_site2_Drishti_GS.pt,checkpoint_final_site2_Drishti_GS.pt,e86aceefa2324a59d58df3ee434647bf24728d53fcd0717424812cd947f21467,lcrseg_v0_2,Drishti_GS,2,raw_compatibility,1,2,3354,3354,1.0,0.437984496124031,3354,1.0,1.0,3353.999999999999,0.07242986357331578,0.0,0.0,0.28843835890293146
fundus_seed0_lcrseg_v0_2_r0_uniform_full200e,/home/jiangsuiyang/SSL_CL/runs/fundus_seed0_lcrseg_v0_2_r0_uniform_full200e/checkpoint_final_site2_Drishti_GS.pt,checkpoint_final_site2_Drishti_GS.pt,e86aceefa2324a59d58df3ee434647bf24728d53fcd0717424812cd947f21467,lcrseg_v0_2,Drishti_GS,2,raw_compatibility,1,3,3354,3354,1.0,0.5897435897435898,3354,1.0,1.0,3353.999999999999,0.5522341979584242,0.43309886157512667,0.5655401945114136,0.6470335841178894
fundus_seed0_lcrseg_v0_2_r0_uniform_full200e,/home/jiangsuiyang/SSL_CL/runs/fundus_seed0_lcrseg_v0_2_r0_uniform_full200e/checkpoint_final_site2_Drishti_GS.pt,checkpoint_final_site2_Drishti_GS.pt,e86aceefa2324a59d58df3ee434647bf24728d53fcd0717424812cd947f21467,lcrseg_v0_2,Drishti_GS,2,raw_compatibility,1,4,3354,3354,1.0,0.5733452593917711,3354,1.0,1.0,3353.999999999999,0.7338339787334222,0.6824992716312408,0.7349041998386383,0.7831179022789001
fundus_seed0_lcrseg_v0_2_r0_uniform_full200e,/home/jiangsuiyang/SSL_CL/runs/fundus_seed0_lcrseg_v0_2_r0_uniform_full200e/checkpoint_final_site2_Drishti_GS.pt,checkpoint_final_site2_Drishti_GS.pt,e86aceefa2324a59d58df3ee434647bf24728d53fcd0717424812cd947f21467,lcrseg_v0_2,Drishti_GS,2,raw_compatibility,1,5,3354,3354,1.0,0.5733452593917711,3354,1.0,1.0,3353.999999999999,0.8390324058352159,0.8049488842487336,0.8388549983501434,0.8731712937355042
fundus_seed0_lcrseg_v0_2_r0_uniform_full200e,/home/jiangsuiyang/SSL_CL/runs/fundus_seed0_lcrseg_v0_2_r0_uniform_full200e/checkpoint_final_site2_Drishti_GS.pt,checkpoint_final_site2_Drishti_GS.pt,e86aceefa2324a59d58df3ee434647bf24728d53fcd0717424812cd947f21467,lcrseg_v0_2,Drishti_GS,2,raw_compatibility,1,6,3354,3354,1.0,0.5641025641025641,3354,1.0,1.0,3353.999999999999,0.9075117910199743,0.8861836910247802,0.9084886014461517,0.9274774789810181
fundus_seed0_lcrseg_v0_2_r0_uniform_full200e,/home/jiangsuiyang/SSL_CL/runs/fundus_seed0_lcrseg_v0_2_r0_uniform_full200e/checkpoint_final_site2_Drishti_GS.pt,checkpoint_final_site2_Drishti_GS.pt,e86aceefa2324a59d58df3ee434647bf24728d53fcd0717424812cd947f21467,lcrseg_v0_2,Drishti_GS,2,raw_compatibility,1,7,3354,3354,1.0,0.5316040548598688,3354,1.0,1.0,3353.999999999999,0.9511791455759914,0.9362816870212555,0.9521511197090149,0.9645889401435852
fundus_seed0_lcrseg_v0_2_r0_uniform_full200e,/home/jiangsuiyang/SSL_CL/runs/fundus_seed0_lcrseg_v0_2_r0_uniform_full200e/checkpoint_final_site2_Drishti_GS.pt,checkpoint_final_site2_Drishti_GS.pt,e86aceefa2324a59d58df3ee434647bf24728d53fcd0717424812cd947f21467,lcrseg_v0_2,Drishti_GS,2,raw_compatibility,1,8,3354,3354,1.0,0.5217650566487776,3354,1.0,1.0,3353.999999999999,0.9783455798614572,0.9698074102401734,0.9786198437213898,0.9863153457641601
fundus_seed0_lcrseg_v0_2_r0_uniform_full200e,/home/jiangsuiyang/SSL_CL/runs/fundus_seed0_lcrseg_v0_2_r0_uniform_full200e/checkpoint_final_site2_Drishti_GS.pt,checkpoint_final_site2_Drishti_GS.pt,e86aceefa2324a59d58df3ee434647bf24728d53fcd0717424812cd947f21467,lcrseg_v0_2,Drishti_GS,2,raw_compatibility,1,9,3354,3354,1.0,0.5271317829457365,3354,1.0,1.0,3353.999999999999,0.9948023974042459,0.9896683990955353,0.9952465295791626,0.999179357290268
fundus_seed0_lcrseg_v0_2_r0_uniform_full200e,/home/jiangsuiyang/SSL_CL/runs/fundus_seed0_lcrseg_v0_2_r0_uniform_full200e/checkpoint_final_site2_Drishti_GS.pt,checkpoint_final_site2_Drishti_GS.pt,e86aceefa2324a59d58df3ee434647bf24728d53fcd0717424812cd947f21467,lcrseg_v0_2,Drishti_GS,2,calibrated_compatibility,1,0,3355,3355,1.0,0.10134128166915052,3355,1.0,1.0,3354.999999999999,0.0,0.0,0.0,0.0
fundus_seed0_lcrseg_v0_2_r0_uniform_full200e,/home/jiangsuiyang/SSL_CL/runs/fundus_seed0_lcrseg_v0_2_r0_uniform_full200e/checkpoint_final_site2_Drishti_GS.pt,checkpoint_final_site2_Drishti_GS.pt,e86aceefa2324a59d58df3ee434647bf24728d53fcd0717424812cd947f21467,lcrseg_v0_2,Drishti_GS,2,calibrated_compatibility,1,1,3355,3355,1.0,0.24232488822652756,3355,1.0,1.0,3354.999999999999,0.0,0.0,0.0,0.0
fundus_seed0_lcrseg_v0_2_r0_uniform_full200e,/home/jiangsuiyang/SSL_CL/runs/fundus_seed0_lcrseg_v0_2_r0_uniform_full200e/checkpoint_final_site2_Drishti_GS.pt,checkpoint_final_site2_Drishti_GS.pt,e86aceefa2324a59d58df3ee434647bf24728d53fcd0717424812cd947f21467,lcrseg_v0_2,Drishti_GS,2,calibrated_compatibility,1,2,3354,3354,1.0,0.437984496124031,3354,1.0,1.0,3353.999999999999,0.07242986357331578,0.0,0.0,0.28843835890293146
fundus_seed0_lcrseg_v0_2_r0_uniform_full200e,/home/jiangsuiyang/SSL_CL/runs/fundus_seed0_lcrseg_v0_2_r0_uniform_full200e/checkpoint_final_site2_Drishti_GS.pt,checkpoint_final_site2_Drishti_GS.pt,e86aceefa2324a59d58df3ee434647bf24728d53fcd0717424812cd947f21467,lcrseg_v0_2,Drishti_GS,2,calibrated_compatibility,1,3,3354,3354,1.0,0.5897435897435898,3354,1.0,1.0,3353.999999999999,0.5522341979584242,0.43309886157512667,0.5655401945114136,0.6470335841178894
fundus_seed0_lcrseg_v0_2_r0_uniform_full200e,/home/jiangsuiyang/SSL_CL/runs/fundus_seed0_lcrseg_v0_2_r0_uniform_full200e/checkpoint_final_site2_Drishti_GS.pt,checkpoint_final_site2_Drishti_GS.pt,e86aceefa2324a59d58df3ee434647bf24728d53fcd0717424812cd947f21467,lcrseg_v0_2,Drishti_GS,2,calibrated_compatibility,1,4,3354,3354,1.0,0.5733452593917711,3354,1.0,1.0,3353.999999999999,0.7338339787334222,0.6824992716312408,0.7349041998386383,0.7831179022789001
fundus_seed0_lcrseg_v0_2_r0_uniform_full200e,/home/jiangsuiyang/SSL_CL/runs/fundus_seed0_lcrseg_v0_2_r0_uniform_full200e/checkpoint_final_site2_Drishti_GS.pt,checkpoint_final_site2_Drishti_GS.pt,e86aceefa2324a59d58df3ee434647bf24728d53fcd0717424812cd947f21467,lcrseg_v0_2,Drishti_GS,2,calibrated_compatibility,1,5,3354,3354,1.0,0.5733452593917711,3354,1.0,1.0,3353.999999999999,0.8390324058352159,0.8049488842487336,0.8388549983501434,0.8731712937355042
fundus_seed0_lcrseg_v0_2_r0_uniform_full200e,/home/jiangsuiyang/SSL_CL/runs/fundus_seed0_lcrseg_v0_2_r0_uniform_full200e/checkpoint_final_site2_Drishti_GS.pt,checkpoint_final_site2_Drishti_GS.pt,e86aceefa2324a59d58df3ee434647bf24728d53fcd0717424812cd947f21467,lcrseg_v0_2,Drishti_GS,2,calibrated_compatibility,1,6,3354,3354,1.0,0.5641025641025641,3354,1.0,1.0,3353.999999999999,0.9075117910199743,0.8861836910247802,0.9084886014461517,0.9274774789810181
fundus_seed0_lcrseg_v0_2_r0_uniform_full200e,/home/jiangsuiyang/SSL_CL/runs/fundus_seed0_lcrseg_v0_2_r0_uniform_full200e/checkpoint_final_site2_Drishti_GS.pt,checkpoint_final_site2_Drishti_GS.pt,e86aceefa2324a59d58df3ee434647bf24728d53fcd0717424812cd947f21467,lcrseg_v0_2,Drishti_GS,2,calibrated_compatibility,1,7,3354,3354,1.0,0.5316040548598688,3354,1.0,1.0,3353.999999999999,0.9511791455759914,0.9362816870212555,0.9521511197090149,0.9645889401435852
fundus_seed0_lcrseg_v0_2_r0_uniform_full200e,/home/jiangsuiyang/SSL_CL/runs/fundus_seed0_lcrseg_v0_2_r0_uniform_full200e/checkpoint_final_site2_Drishti_GS.pt,checkpoint_final_site2_Drishti_GS.pt,e86aceefa2324a59d58df3ee434647bf24728d53fcd0717424812cd947f21467,lcrseg_v0_2,Drishti_GS,2,calibrated_compatibility,1,8,3354,3354,1.0,0.5217650566487776,3354,1.0,1.0,3353.999999999999,0.9783455798614572,0.9698074102401734,0.9786198437213898,0.9863153457641601
fundus_seed0_lcrseg_v0_2_r0_uniform_full200e,/home/jiangsuiyang/SSL_CL/runs/fundus_seed0_lcrseg_v0_2_r0_uniform_full200e/checkpoint_final_site2_Drishti_GS.pt,checkpoint_final_site2_Drishti_GS.pt,e86aceefa2324a59d58df3ee434647bf24728d53fcd0717424812cd947f21467,lcrseg_v0_2,Drishti_GS,2,calibrated_compatibility,1,9,3354,3354,1.0,0.5271317829457365,3354,1.0,1.0,3353.999999999999,0.9948023974042459,0.9896683990955353,0.9952465295791626,0.999179357290268
fundus_seed0_lcrseg_v0_2_r0_uniform_full200e,/home/jiangsuiyang/SSL_CL/runs/fundus_seed0_lcrseg_v0_2_r0_uniform_full200e/checkpoint_final_site2_Drishti_GS.pt,checkpoint_final_site2_Drishti_GS.pt,e86aceefa2324a59d58df3ee434647bf24728d53fcd0717424812cd947f21467,lcrseg_v0_2,Drishti_GS,2,raw_compatibility,2,0,1828,1828,1.0,0.35776805251641136,1828,1.0,1.0,1827.999999999999,0.00428345278659489,0.0,0.0,0.0
fundus_seed0_lcrseg_v0_2_r0_uniform_full200e,/home/jiangsuiyang/SSL_CL/runs/fundus_seed0_lcrseg_v0_2_r0_uniform_full200e/checkpoint_final_site2_Drishti_GS.pt,checkpoint_final_site2_Drishti_GS.pt,e86aceefa2324a59d58df3ee434647bf24728d53fcd0717424812cd947f21467,lcrseg_v0_2,Drishti_GS,2,raw_compatibility,2,1,1828,1828,1.0,0.7040481400437637,1828,1.0,1.0,1827.999999999999,0.45901721843499976,0.2052141770720482,0.5015757977962494,0.6218763053417206
fundus_seed0_lcrseg_v0_2_r0_uniform_full200e,/home/jiangsuiyang/SSL_CL/runs/fundus_seed0_lcrseg_v0_2_r0_uniform_full200e/checkpoint_final_site2_Drishti_GS.pt,checkpoint_final_site2_Drishti_GS.pt,e86aceefa2324a59d58df3ee434647bf24728d53fcd0717424812cd947f21467,lcrseg_v0_2,Drishti_GS,2,raw_compatibility,2,2,1828,1828,1.0,0.7407002188183808,1828,1.0,1.0,1827.999999999999,0.7292701185271306,0.661986768245697,0.7333537042140961,0.7913925230503083
fundus_seed0_lcrseg_v0_2_r0_uniform_full200e,/home/jiangsuiyang/SSL_CL/runs/fundus_seed0_lcrseg_v0_2_r0_uniform_full200e/checkpoint_final_site2_Drishti_GS.pt,checkpoint_final_site2_Drishti_GS.pt,e86aceefa2324a59d58df3ee434647bf24728d53fcd0717424812cd947f21467,lcrseg_v0_2,Drishti_GS,2,raw_compatibility,2,3,1827,1827,1.0,0.7931034482758621,1827,1.0,1.0,1826.999999999999,0.8617427955576809,0.8206844329833984,0.8646066784858704,0.8980807423591614
fundus_seed0_lcrseg_v0_2_r0_uniform_full200e,/home/jiangsuiyang/SSL_CL/runs/fundus_seed0_lcrseg_v0_2_r0_uniform_full200e/checkpoint_final_site2_Drishti_GS.pt,checkpoint_final_site2_Drishti_GS.pt,e86aceefa2324a59d58df3ee434647bf24728d53fcd0717424812cd947f21467,lcrseg_v0_2,Drishti_GS,2,raw_compatibility,2,4,1827,1827,1.0,0.836343732895457,1827,1.0,1.0,1826.999999999999,0.929822091300695,0.9098851442337036,0.93136066198349,0.9480500102043152
fundus_seed0_lcrseg_v0_2_r0_uniform_full200e,/home/jiangsuiyang/SSL_CL/runs/fundus_seed0_lcrseg_v0_2_r0_uniform_full200e/checkpoint_final_site2_Drishti_GS.pt,checkpoint_final_site2_Drishti_GS.pt,e86aceefa2324a59d58df3ee434647bf24728d53fcd0717424812cd947f21467,lcrseg_v0_2,Drishti_GS,2,raw_compatibility,2,5,1827,1827,1.0,0.8812260536398467,1827,1.0,1.0,1826.999999999999,0.9639075426828294,0.9544268846511841,0.9643269777297974,0.972468900680542
fundus_seed0_lcrseg_v0_2_r0_uniform_full200e,/home/jiangsuiyang/SSL_CL/runs/fundus_seed0_lcrseg_v0_2_r0_uniform_full200e/checkpoint_final_site2_Drishti_GS.pt,checkpoint_final_site2_Drishti_GS.pt,e86aceefa2324a59d58df3ee434647bf24728d53fcd0717424812cd947f21467,lcrseg_v0_2,Drishti_GS,2,raw_compatibility,2,6,1827,1827,1.0,0.8910782703886152,1827,1.0,1.0,1826.999999999999,0.9808976416647859,0.9759473085403443,0.9811652302742004,0.9853277206420898
fundus_seed0_lcrseg_v0_2_r0_uniform_full200e,/home/jiangsuiyang/SSL_CL/runs/fundus_seed0_lcrseg_v0_2_r0_uniform_full200e/checkpoint_final_site2_Drishti_GS.pt,checkpoint_final_site2_Drishti_GS.pt,e86aceefa2324a59d58df3ee434647bf24728d53fcd0717424812cd947f21467,lcrseg_v0_2,Drishti_GS,2,raw_compatibility,2,7,1827,1827,1.0,0.9036672140120416,1827,1.0,1.0,1826.999999999999,0.9894629188685321,0.986879289150238,0.9896382093429565,0.9917231917381286
fundus_seed0_lcrseg_v0_2_r0_uniform_full200e,/home/jiangsuiyang/SSL_CL/runs/fundus_seed0_lcrseg_v0_2_r0_uniform_full200e/checkpoint_final_site2_Drishti_GS.pt,checkpoint_final_site2_Drishti_GS.pt,e86aceefa2324a59d58df3ee434647bf24728d53fcd0717424812cd947f21467,lcrseg_v0_2,Drishti_GS,2,raw_compatibility,2,8,1827,1827,1.0,0.9408866995073891,1827,1.0,1.0,1826.999999999999,0.9945658055497573,0.9927815675735474,0.9946122169494629,0.9962602734565735
fundus_seed0_lcrseg_v0_2_r0_uniform_full200e,/home/jiangsuiyang/SSL_CL/runs/fundus_seed0_lcrseg_v0_2_r0_uniform_full200e/checkpoint_final_site2_Drishti_GS.pt,checkpoint_final_site2_Drishti_GS.pt,e86aceefa2324a59d58df3ee434647bf24728d53fcd0717424812cd947f21467,lcrseg_v0_2,Drishti_GS,2,raw_compatibility,2,9,1827,1827,1.0,0.9458128078817734,1827,1.0,1.0,1826.999999999999,0.9983839487272596,0.9970194935798645,0.9983950853347778,0.9997049808502197
fundus_seed0_lcrseg_v0_2_r0_uniform_full200e,/home/jiangsuiyang/SSL_CL/runs/fundus_seed0_lcrseg_v0_2_r0_uniform_full200e/checkpoint_final_site2_Drishti_GS.pt,checkpoint_final_site2_Drishti_GS.pt,e86aceefa2324a59d58df3ee434647bf24728d53fcd0717424812cd947f21467,lcrseg_v0_2,Drishti_GS,2,calibrated_compatibility,2,0,1828,1828,1.0,0.35776805251641136,1828,1.0,1.0,1827.999999999999,0.00428345278659489,0.0,0.0,0.0
fundus_seed0_lcrseg_v0_2_r0_uniform_full200e,/home/jiangsuiyang/SSL_CL/runs/fundus_seed0_lcrseg_v0_2_r0_uniform_full200e/checkpoint_final_site2_Drishti_GS.pt,checkpoint_final_site2_Drishti_GS.pt,e86aceefa2324a59d58df3ee434647bf24728d53fcd0717424812cd947f21467,lcrseg_v0_2,Drishti_GS,2,calibrated_compatibility,2,1,1828,1828,1.0,0.7040481400437637,1828,1.0,1.0,1827.999999999999,0.45901721843499976,0.2052141770720482,0.5015757977962494,0.6218763053417206
fundus_seed0_lcrseg_v0_2_r0_uniform_full200e,/home/jiangsuiyang/SSL_CL/runs/fundus_seed0_lcrseg_v0_2_r0_uniform_full200e/checkpoint_final_site2_Drishti_GS.pt,checkpoint_final_site2_Drishti_GS.pt,e86aceefa2324a59d58df3ee434647bf24728d53fcd0717424812cd947f21467,lcrseg_v0_2,Drishti_GS,2,calibrated_compatibility,2,2,1828,1828,1.0,0.7407002188183808,1828,1.0,1.0,1827.999999999999,0.7292701185271306,0.661986768245697,0.7333537042140961,0.7913925230503083
fundus_seed0_lcrseg_v0_2_r0_uniform_full200e,/home/jiangsuiyang/SSL_CL/runs/fundus_seed0_lcrseg_v0_2_r0_uniform_full200e/checkpoint_final_site2_Drishti_GS.pt,checkpoint_final_site2_Drishti_GS.pt,e86aceefa2324a59d58df3ee434647bf24728d53fcd0717424812cd947f21467,lcrseg_v0_2,Drishti_GS,2,calibrated_compatibility,2,3,1827,1827,1.0,0.7931034482758621,1827,1.0,1.0,1826.999999999999,0.8617427955576809,0.8206844329833984,0.8646066784858704,0.8980807423591614
fundus_seed0_lcrseg_v0_2_r0_uniform_full200e,/home/jiangsuiyang/SSL_CL/runs/fundus_seed0_lcrseg_v0_2_r0_uniform_full200e/checkpoint_final_site2_Drishti_GS.pt,checkpoint_final_site2_Drishti_GS.pt,e86aceefa2324a59d58df3ee434647bf24728d53fcd0717424812cd947f21467,lcrseg_v0_2,Drishti_GS,2,calibrated_compatibility,2,4,1827,1827,1.0,0.836343732895457,1827,1.0,1.0,1826.999999999999,0.929822091300695,0.9098851442337036,0.93136066198349,0.9480500102043152
fundus_seed0_lcrseg_v0_2_r0_uniform_full200e,/home/jiangsuiyang/SSL_CL/runs/fundus_seed0_lcrseg_v0_2_r0_uniform_full200e/checkpoint_final_site2_Drishti_GS.pt,checkpoint_final_site2_Drishti_GS.pt,e86aceefa2324a59d58df3ee434647bf24728d53fcd0717424812cd947f21467,lcrseg_v0_2,Drishti_GS,2,calibrated_compatibility,2,5,1827,1827,1.0,0.8812260536398467,1827,1.0,1.0,1826.999999999999,0.9639075426828294,0.9544268846511841,0.9643269777297974,0.972468900680542
fundus_seed0_lcrseg_v0_2_r0_uniform_full200e,/home/jiangsuiyang/SSL_CL/runs/fundus_seed0_lcrseg_v0_2_r0_uniform_full200e/checkpoint_final_site2_Drishti_GS.pt,checkpoint_final_site2_Drishti_GS.pt,e86aceefa2324a59d58df3ee434647bf24728d53fcd0717424812cd947f21467,lcrseg_v0_2,Drishti_GS,2,calibrated_compatibility,2,6,1827,1827,1.0,0.8910782703886152,1827,1.0,1.0,1826.999999999999,0.9808976416647859,0.9759473085403443,0.9811652302742004,0.9853277206420898
fundus_seed0_lcrseg_v0_2_r0_uniform_full200e,/home/jiangsuiyang/SSL_CL/runs/fundus_seed0_lcrseg_v0_2_r0_uniform_full200e/checkpoint_final_site2_Drishti_GS.pt,checkpoint_final_site2_Drishti_GS.pt,e86aceefa2324a59d58df3ee434647bf24728d53fcd0717424812cd947f21467,lcrseg_v0_2,Drishti_GS,2,calibrated_compatibility,2,7,1827,1827,1.0,0.9036672140120416,1827,1.0,1.0,1826.999999999999,0.9894629188685321,0.986879289150238,0.9896382093429565,0.9917231917381286
fundus_seed0_lcrseg_v0_2_r0_uniform_full200e,/home/jiangsuiyang/SSL_CL/runs/fundus_seed0_lcrseg_v0_2_r0_uniform_full200e/checkpoint_final_site2_Drishti_GS.pt,checkpoint_final_site2_Drishti_GS.pt,e86aceefa2324a59d58df3ee434647bf24728d53fcd0717424812cd947f21467,lcrseg_v0_2,Drishti_GS,2,calibrated_compatibility,2,8,1827,1827,1.0,0.9408866995073891,1827,1.0,1.0,1826.999999999999,0.9945658055497573,0.9927815675735474,0.9946122169494629,0.9962602734565735
fundus_seed0_lcrseg_v0_2_r0_uniform_full200e,/home/jiangsuiyang/SSL_CL/runs/fundus_seed0_lcrseg_v0_2_r0_uniform_full200e/checkpoint_final_site2_Drishti_GS.pt,checkpoint_final_site2_Drishti_GS.pt,e86aceefa2324a59d58df3ee434647bf24728d53fcd0717424812cd947f21467,lcrseg_v0_2,Drishti_GS,2,calibrated_compatibility,2,9,1827,1827,1.0,0.9458128078817734,1827,1.0,1.0,1826.999999999999,0.9983839487272596,0.9970194935798645,0.9983950853347778,0.9997049808502197
