seed,variant,site_step,successful_site_step_before_step,noise_warmup_multiplier,effective_sigma,noise_scale_p10,noise_scale_p50,noise_scale_p90,perturbation_weight_ratio,classifier_angular_drift,raw_noise_checksum
0,L1,1,0,0.0,0.0,1.0,1.0,1.0,0.0,0.00032552084303461015,f8185d5b6b087fcae63c6beb32ec0090726291cbfaf15a04fb61ad077fe9a478
0,L1,2,1,0.005,0.0015811388300841897,1.0,1.0,1.0,0.011870127171278,0.0036822210531681776,760ab79ed9dc45fd21f94942b201bdc8c6960f37f79d85a5cbacf2bd546d0866
0,L1,50,49,0.245,0.0774758026741253,1.0,1.0,1.0,0.5039618015289307,0.031017204746603966,15d857c78388ecc85ba36cca1f2fe7d92d16d6631c4e49e455b4121676111c16
0,L1,100,99,0.495,0.1565327441783348,1.0,1.0,1.0,1.0927917957305908,0.0265703946352005,e113d07e74325b21911656f0f7eb09178a8f423925f0cce391c18f2f638508d6
0,L1,150,149,0.745,0.23558968568254426,1.0,1.0,1.0,1.564544677734375,0.03878641873598099,0af84da5efb64acbd1ac5350783942eedf36b349e2e1e1095574b42c87f82dc6
0,L1,200,199,0.995,0.31464662718675374,1.0,1.0,1.0,2.421480417251587,0.08287252485752106,fc6f2d884b61d8024e1452e31eba8cc48cbaf9f32e3ee9ee8cb2bfd7ebf0e321
0,L1,201,200,1.0,0.31622776601683794,1.0,1.0,1.0,1.9392400979995728,0.08374182879924774,a90da8dd6b684954a66b40d132e1c1fc1a9fac8d1340ed8bdac271f8627aa070
0,L1,250,249,1.0,0.31622776601683794,1.0,1.0,1.0,2.2986855506896973,0.12215524911880493,fa8636e71afbcb2ac38ac7dada75f8e4238b06d0830e2068b05c7277af8d5dd8
0,L1,300,299,1.0,0.31622776601683794,1.0,1.0,1.0,2.2094855308532715,0.1390189528465271,96a9f6016d3413c073e5594caeaaa6a2cd4cb8f417d24a23bdf31fe43596c46d
0,L1,350,349,1.0,0.31622776601683794,1.0,1.0,1.0,2.427327871322632,0.15769189596176147,3db33f2a73b1203622beceee801edb0cc7cbce12c834a4ffc6bcaa303d43b274
0,L1,400,399,1.0,0.31622776601683794,1.0,1.0,1.0,2.0294673442840576,0.16760361194610596,850765ba251ccd18cc6ca3aeb0b4e43fce429c2dfb27b4b404dd93baef5b05fc
0,L1,450,449,1.0,0.31622776601683794,1.0,1.0,1.0,1.607387900352478,0.18177330493927002,5305d3d4799d908554aba06feee0693421e484001347ca308affb018f71518a6
0,L1,500,499,1.0,0.31622776601683794,1.0,1.0,1.0,1.9854902029037476,0.18982569873332977,17871e93ecdc1d2d0bdb05d2fe8796d7890abba10785c999e97512ba49b904aa
0,L1,550,549,1.0,0.31622776601683794,1.0,1.0,1.0,1.6213762760162354,0.19640564918518066,ff35c3fe6002d7ae559f6c2cd6869d8d01787983d8e109f6412dc9c7549d6ef1
0,L1,600,599,1.0,0.31622776601683794,1.0,1.0,1.0,1.8829801082611084,0.20379525423049927,fda6e35ca7f53fa6c653761928086d758dedd8a39c2d9509e71aaa3913a9f94d
0,L1,650,649,1.0,0.31622776601683794,1.0,1.0,1.0,1.9515929222106934,0.20881617069244385,9c67b7c9af6a9f6b8521c9f60f58e097ed8b96aaf46d9161c385a36b12f6bea3
0,L1,700,699,1.0,0.31622776601683794,1.0,1.0,1.0,1.8271150588989258,0.2136668860912323,8ff974cad42f4209d164765a73692ff1016ce16e591e2d2f32f48ddb9141e18a
0,L1,750,749,1.0,0.31622776601683794,1.0,1.0,1.0,1.8021749258041382,0.21739332377910614,e5163918c35b55b3e9b74e7cef4d3b4fc0a33316dbc7b78e1e7d4f36b73acd31
0,L1,800,799,1.0,0.31622776601683794,1.0,1.0,1.0,1.5207748413085938,0.21907572448253632,c7963dd3c0eea46c37225c5598f1e4740556680b403c3a6bc7f53384d60d23fd
0,L1,850,849,1.0,0.31622776601683794,1.0,1.0,1.0,1.897321105003357,0.22072851657867432,0d953393a753f5473c72bf2339bbaaa8b51015a35b54f488b73bc13d7ac80d1d
0,L1,900,899,1.0,0.31622776601683794,1.0,1.0,1.0,1.952663779258728,0.22176098823547363,bdad134a9e6dd194bc043430d28a6d99773fffc63fc5cfc2887272b80725565d
0,L1,950,949,1.0,0.31622776601683794,1.0,1.0,1.0,1.7779929637908936,0.2220080941915512,518c912751a00cbbebeb82bedb1a89bb73e3cff7de5e892e60f174fa9ce18ef7
0,L1,1000,999,1.0,0.31622776601683794,1.0,1.0,1.0,1.7896419763565063,0.22205722332000732,1c58d86001f9dfb9a5a68333d9e571eb2925f742cdad864a7330a0ff85fb2cf1
0,L2,1,0,0.0,0.0,1.0,1.0,1.0,0.0,0.00032552084303461015,f8185d5b6b087fcae63c6beb32ec0090726291cbfaf15a04fb61ad077fe9a478
0,L2,2,1,0.005,0.0015811388300841897,1.5952138710417785e-05,0.0004657946992665529,0.036807578057050705,0.0018135012360289693,0.0036822210531681776,760ab79ed9dc45fd21f94942b201bdc8c6960f37f79d85a5cbacf2bd546d0866
0,L2,50,49,0.245,0.0774758026741253,2.538848775657243e-07,2.056993980659172e-05,0.011546876281499863,0.1420193612575531,0.031004831194877625,15d857c78388ecc85ba36cca1f2fe7d92d16d6631c4e49e455b4121676111c16
0,L2,100,99,0.495,0.1565327441783348,5.083334599476075e-06,4.224813892506063e-05,0.004541000351309776,0.2642461359500885,0.02726079896092415,e113d07e74325b21911656f0f7eb09178a8f423925f0cce391c18f2f638508d6
0,L2,150,149,0.745,0.23558968568254426,6.137512627901742e-06,0.00017529705655761063,0.05853554606437683,0.04915321618318558,0.027238663285970688,0af84da5efb64acbd1ac5350783942eedf36b349e2e1e1095574b42c87f82dc6
0,L2,200,199,0.995,0.31464662718675374,3.343140519973531e-07,2.147074519598391e-05,0.006876401137560606,0.021327290683984756,0.029470954090356827,fc6f2d884b61d8024e1452e31eba8cc48cbaf9f32e3ee9ee8cb2bfd7ebf0e321
0,L2,201,200,1.0,0.31622776601683794,2.0539522665785626e-05,0.0008275617146864533,0.05282966420054436,0.2635299265384674,0.029375720769166946,a90da8dd6b684954a66b40d132e1c1fc1a9fac8d1340ed8bdac271f8627aa070
0,L2,250,249,1.0,0.31622776601683794,2.3533527837571455e-06,0.00010671016934793442,0.006906741298735142,0.22573517262935638,0.02946031093597412,fa8636e71afbcb2ac38ac7dada75f8e4238b06d0830e2068b05c7277af8d5dd8
0,L2,300,299,1.0,0.31622776601683794,2.036574369412847e-05,0.0008391855517402291,0.051268577575683594,0.2959197163581848,0.030995599925518036,96a9f6016d3413c073e5594caeaaa6a2cd4cb8f417d24a23bdf31fe43596c46d
0,L2,350,349,1.0,0.31622776601683794,8.078601467786939e-07,0.00014614593237638474,0.03804747015237808,0.22150520980358124,0.03327089548110962,3db33f2a73b1203622beceee801edb0cc7cbce12c834a4ffc6bcaa303d43b274
0,L2,400,399,1.0,0.31622776601683794,3.829547949862899e-07,3.31067931256257e-05,0.05607612431049347,0.09286011755466461,0.03578875958919525,850765ba251ccd18cc6ca3aeb0b4e43fce429c2dfb27b4b404dd93baef5b05fc
0,L2,450,449,1.0,0.31622776601683794,8.215946763812099e-06,0.0003341553674545139,0.007536707445979118,0.015249711461365223,0.03780239075422287,5305d3d4799d908554aba06feee0693421e484001347ca308affb018f71518a6
0,L2,500,499,1.0,0.31622776601683794,6.653961463598534e-05,0.006815805099904537,0.11786097288131714,0.30476951599121094,0.039390578866004944,17871e93ecdc1d2d0bdb05d2fe8796d7890abba10785c999e97512ba49b904aa
0,L2,550,549,1.0,0.31622776601683794,2.316147856618045e-06,9.055600094143301e-05,0.012866931967437267,0.41686561703681946,0.043867550790309906,ff35c3fe6002d7ae559f6c2cd6869d8d01787983d8e109f6412dc9c7549d6ef1
0,L2,600,599,1.0,0.31622776601683794,5.4946781347098295e-06,0.00018955743871629238,0.07987289875745773,0.7029698491096497,0.046034812927246094,fda6e35ca7f53fa6c653761928086d758dedd8a39c2d9509e71aaa3913a9f94d
0,L2,650,649,1.0,0.31622776601683794,0.00012180100020486861,0.0013727223267778754,0.01175371278077364,0.4702858626842499,0.04686463996767998,9c67b7c9af6a9f6b8521c9f60f58e097ed8b96aaf46d9161c385a36b12f6bea3
0,L2,700,699,1.0,0.31622776601683794,0.00010385466157458723,0.005390915088355541,0.44917595386505127,0.5731172561645508,0.047946497797966,8ff974cad42f4209d164765a73692ff1016ce16e591e2d2f32f48ddb9141e18a
0,L2,750,749,1.0,0.31622776601683794,1.651465572649613e-05,0.0017876983620226383,0.24428538978099823,0.26297885179519653,0.04998146742582321,e5163918c35b55b3e9b74e7cef4d3b4fc0a33316dbc7b78e1e7d4f36b73acd31
0,L2,800,799,1.0,0.31622776601683794,3.085667412960902e-05,0.0012082501780241728,0.06378858536481857,0.2218904197216034,0.05080091953277588,c7963dd3c0eea46c37225c5598f1e4740556680b403c3a6bc7f53384d60d23fd
0,L2,850,849,1.0,0.31622776601683794,0.00017672908143140376,0.0048897843807935715,0.3801792562007904,0.5560457110404968,0.05088651180267334,0d953393a753f5473c72bf2339bbaaa8b51015a35b54f488b73bc13d7ac80d1d
0,L2,900,899,1.0,0.31622776601683794,4.035697929793969e-05,0.0048944465816020966,0.11004655808210373,0.4847815930843353,0.05094490200281143,bdad134a9e6dd194bc043430d28a6d99773fffc63fc5cfc2887272b80725565d
0,L2,950,949,1.0,0.31622776601683794,0.00027759408112615347,0.005028287880122662,0.21876192092895508,0.271575927734375,0.050981879234313965,518c912751a00cbbebeb82bedb1a89bb73e3cff7de5e892e60f174fa9ce18ef7
0,L2,1000,999,1.0,0.31622776601683794,0.00015138484013732523,0.0020625039469450712,0.07021103799343109,0.555570125579834,0.05098564922809601,1c58d86001f9dfb9a5a68333d9e571eb2925f742cdad864a7330a0ff85fb2cf1
0,L3,1,0,0.0,0.0,1.0,1.0,1.0,0.0,0.00032552084303461015,f8185d5b6b087fcae63c6beb32ec0090726291cbfaf15a04fb61ad077fe9a478
0,L3,2,1,0.005,0.0015811388300841897,1.5952138710417785e-05,0.0004657946992665529,0.036807578057050705,0.0018135012360289693,0.0036822210531681776,760ab79ed9dc45fd21f94942b201bdc8c6960f37f79d85a5cbacf2bd546d0866
0,L3,50,49,0.245,0.0774758026741253,1.4350561627907155e-07,1.1940042895730585e-05,0.005742923356592655,0.08932826668024063,0.030994445085525513,15d857c78388ecc85ba36cca1f2fe7d92d16d6631c4e49e455b4121676111c16
0,L3,100,99,0.495,0.1565327441783348,6.356867288559442e-06,5.410970334196463e-05,0.004677165765315294,0.2642761170864105,0.027350690215826035,e113d07e74325b21911656f0f7eb09178a8f423925f0cce391c18f2f638508d6
0,L3,150,149,0.745,0.23558968568254426,2.69514748652e-06,0.00014470807218458503,0.02908315509557724,0.06836403906345367,0.027701912447810173,0af84da5efb64acbd1ac5350783942eedf36b349e2e1e1095574b42c87f82dc6
0,L3,200,199,0.995,0.31464662718675374,2.1304981601133477e-07,1.1416501365602016e-05,0.0048612975515425205,0.47647470235824585,0.029820164665579796,fc6f2d884b61d8024e1452e31eba8cc48cbaf9f32e3ee9ee8cb2bfd7ebf0e321
0,L3,201,200,1.0,0.31622776601683794,1.5827943116164533e-06,5.5343676649499685e-05,0.036450862884521484,0.32609882950782776,0.029576674103736877,a90da8dd6b684954a66b40d132e1c1fc1a9fac8d1340ed8bdac271f8627aa070
0,L3,250,249,1.0,0.31622776601683794,1.862193130364176e-05,0.00038742320612072945,0.00942660216242075,0.5532737970352173,0.03150789067149162,fa8636e71afbcb2ac38ac7dada75f8e4238b06d0830e2068b05c7277af8d5dd8
0,L3,300,299,1.0,0.31622776601683794,4.223606538289459e-06,0.0003912749234586954,0.10508866608142853,0.23010525107383728,0.0339779332280159,96a9f6016d3413c073e5594caeaaa6a2cd4cb8f417d24a23bdf31fe43596c46d
0,L3,350,349,1.0,0.31622776601683794,0.00018207293760497123,0.0029880492947995663,0.12080112844705582,0.3743714690208435,0.0358477383852005,3db33f2a73b1203622beceee801edb0cc7cbce12c834a4ffc6bcaa303d43b274
0,L3,400,399,1.0,0.31622776601683794,7.48694617414003e-07,5.8553137932904065e-05,0.017342833802103996,0.11424640566110611,0.038475167006254196,850765ba251ccd18cc6ca3aeb0b4e43fce429c2dfb27b4b404dd93baef5b05fc
0,L3,450,449,1.0,0.31622776601683794,8.518999493389856e-06,0.0002603998873382807,0.02142609842121601,0.4518032968044281,0.04127312824130058,5305d3d4799d908554aba06feee0693421e484001347ca308affb018f71518a6
0,L3,500,499,1.0,0.31622776601683794,1.3620372556033544e-05,0.000398303905967623,0.04516689106822014,0.5746615529060364,0.04330267757177353,17871e93ecdc1d2d0bdb05d2fe8796d7890abba10785c999e97512ba49b904aa
0,L3,550,549,1.0,0.31622776601683794,9.906402738124598e-06,0.0004908342380076647,0.014129638671875,0.3401912450790405,0.044982291758060455,ff35c3fe6002d7ae559f6c2cd6869d8d01787983d8e109f6412dc9c7549d6ef1
0,L3,600,599,1.0,0.31622776601683794,1.3801359273202252e-05,0.00037183292442932725,0.034389253705739975,0.3136727511882782,0.04622822627425194,fda6e35ca7f53fa6c653761928086d758dedd8a39c2d9509e71aaa3913a9f94d
0,L3,650,649,1.0,0.31622776601683794,1.6456755474791862e-05,0.000825448427349329,0.2087274044752121,0.28112122416496277,0.04718434810638428,9c67b7c9af6a9f6b8521c9f60f58e097ed8b96aaf46d9161c385a36b12f6bea3
0,L3,700,699,1.0,0.31622776601683794,4.174011337454431e-05,0.0011659353040158749,0.042970314621925354,0.1357419639825821,0.04768243432044983,8ff974cad42f4209d164765a73692ff1016ce16e591e2d2f32f48ddb9141e18a
0,L3,750,749,1.0,0.31622776601683794,0.0001913806627271697,0.0074944160878658295,0.4710606038570404,0.6979786157608032,0.048097625374794006,e5163918c35b55b3e9b74e7cef4d3b4fc0a33316dbc7b78e1e7d4f36b73acd31
0,L3,800,799,1.0,0.31622776601683794,3.6188819649396464e-05,0.001291333232074976,0.2767428755760193,0.5142499804496765,0.04854618012905121,c7963dd3c0eea46c37225c5598f1e4740556680b403c3a6bc7f53384d60d23fd
0,L3,850,849,1.0,0.31622776601683794,0.00010748863860499114,0.001348820747807622,0.07716704159975052,0.5654751062393188,0.04872436448931694,0d953393a753f5473c72bf2339bbaaa8b51015a35b54f488b73bc13d7ac80d1d
0,L3,900,899,1.0,0.31622776601683794,1.6967498595477082e-05,0.0008355409372597933,0.0719509944319725,0.4635084867477417,0.048850513994693756,bdad134a9e6dd194bc043430d28a6d99773fffc63fc5cfc2887272b80725565d
0,L3,950,949,1.0,0.31622776601683794,0.00019779373542405665,0.0025557272601872683,0.16322080790996552,0.4289815425872803,0.048922788351774216,518c912751a00cbbebeb82bedb1a89bb73e3cff7de5e892e60f174fa9ce18ef7
0,L3,1000,999,1.0,0.31622776601683794,5.807687557535246e-05,0.0030152578838169575,0.3133936822414398,0.585503876209259,0.048932723701000214,1c58d86001f9dfb9a5a68333d9e571eb2925f742cdad864a7330a0ff85fb2cf1
0,L4,1,0,0.0,0.0,1.0,1.0,1.0,0.0,0.00032552084303461015,f8185d5b6b087fcae63c6beb32ec0090726291cbfaf15a04fb61ad077fe9a478
0,L4,2,1,0.005,0.0015811388300841897,0.0006905221380293369,0.0027033991646021605,0.022832849994301796,0.0011084519792348146,0.0036822210531681776,760ab79ed9dc45fd21f94942b201bdc8c6960f37f79d85a5cbacf2bd546d0866
0,L4,50,49,0.245,0.0774758026741253,0.00011346597602823749,0.0006293661426752806,0.017258290201425552,0.026072276756167412,0.031029170379042625,15d857c78388ecc85ba36cca1f2fe7d92d16d6631c4e49e455b4121676111c16
0,L4,100,99,0.495,0.1565327441783348,0.003710780758410692,0.0071864258497953415,0.12485989183187485,0.06575168669223785,0.027456670999526978,e113d07e74325b21911656f0f7eb09178a8f423925f0cce391c18f2f638508d6
0,L4,150,149,0.745,0.23558968568254426,0.0008280544425360858,0.0019153518369421363,0.10797466337680817,0.2902440130710602,0.026990246027708054,0af84da5efb64acbd1ac5350783942eedf36b349e2e1e1095574b42c87f82dc6
0,L4,200,199,0.995,0.31464662718675374,0.0003390776109881699,0.0012689331779256463,0.02690972201526165,0.760004997253418,0.0276523195207119,fc6f2d884b61d8024e1452e31eba8cc48cbaf9f32e3ee9ee8cb2bfd7ebf0e321
0,L4,201,200,1.0,0.31622776601683794,0.00040504493517801166,0.000752414227463305,0.015683073550462723,0.3928147256374359,0.02764211595058441,a90da8dd6b684954a66b40d132e1c1fc1a9fac8d1340ed8bdac271f8627aa070
0,L4,250,249,1.0,0.31622776601683794,0.001688564196228981,0.0037631234154105186,0.10710050165653229,0.10429487377405167,0.030544467270374298,fa8636e71afbcb2ac38ac7dada75f8e4238b06d0830e2068b05c7277af8d5dd8
0,L4,300,299,1.0,0.31622776601683794,0.00023120499099604785,0.0003905736084561795,0.014788607135415077,0.43412625789642334,0.03326897323131561,96a9f6016d3413c073e5594caeaaa6a2cd4cb8f417d24a23bdf31fe43596c46d
0,L4,350,349,1.0,0.31622776601683794,0.024391625076532364,0.04002194106578827,0.5287055373191833,0.6878784894943237,0.03581511974334717,3db33f2a73b1203622beceee801edb0cc7cbce12c834a4ffc6bcaa303d43b274
0,L4,400,399,1.0,0.31622776601683794,0.000702905235812068,0.0034616708289831877,0.19147171080112457,0.13151976466178894,0.038848817348480225,850765ba251ccd18cc6ca3aeb0b4e43fce429c2dfb27b4b404dd93baef5b05fc
0,L4,450,449,1.0,0.31622776601683794,5.133827289682813e-05,0.0002691572590265423,0.002553024794906378,0.469987154006958,0.042764678597450256,5305d3d4799d908554aba06feee0693421e484001347ca308affb018f71518a6
0,L4,500,499,1.0,0.31622776601683794,0.00023142453574109823,0.000620451697614044,0.03559117019176483,0.3400082290172577,0.044489406049251556,17871e93ecdc1d2d0bdb05d2fe8796d7890abba10785c999e97512ba49b904aa
0,L4,550,549,1.0,0.31622776601683794,0.005015313159674406,0.00940238032490015,0.1642412543296814,0.20832528173923492,0.04609614610671997,ff35c3fe6002d7ae559f6c2cd6869d8d01787983d8e109f6412dc9c7549d6ef1
0,L4,600,599,1.0,0.31622776601683794,1.9642831830424257e-05,5.166300979908556e-05,0.0012335715582594275,0.3827137053012848,0.04741809517145157,fda6e35ca7f53fa6c653761928086d758dedd8a39c2d9509e71aaa3913a9f94d
0,L4,650,649,1.0,0.31622776601683794,0.00015783225535415113,0.001133402343839407,0.0696064829826355,0.07611560076475143,0.048423267900943756,9c67b7c9af6a9f6b8521c9f60f58e097ed8b96aaf46d9161c385a36b12f6bea3
0,L4,700,699,1.0,0.31622776601683794,0.0017988469917327166,0.011034367606043816,0.31389909982681274,0.3633394241333008,0.04962215572595596,8ff974cad42f4209d164765a73692ff1016ce16e591e2d2f32f48ddb9141e18a
0,L4,750,749,1.0,0.31622776601683794,0.00015139648166950792,0.0005745107191614807,0.006179603282362223,0.5713009834289551,0.05007763206958771,e5163918c35b55b3e9b74e7cef4d3b4fc0a33316dbc7b78e1e7d4f36b73acd31
0,L4,800,799,1.0,0.31622776601683794,0.004062722437083721,0.009656054899096489,0.16308321058750153,0.322053998708725,0.05033436417579651,c7963dd3c0eea46c37225c5598f1e4740556680b403c3a6bc7f53384d60d23fd
0,L4,850,849,1.0,0.31622776601683794,0.0008240630850195885,0.002056458964943886,0.05161387845873833,0.13089142739772797,0.050622276961803436,0d953393a753f5473c72bf2339bbaaa8b51015a35b54f488b73bc13d7ac80d1d
0,L4,900,899,1.0,0.31622776601683794,0.001194050651974976,0.005036771297454834,0.09673263132572174,0.26547467708587646,0.05081973224878311,bdad134a9e6dd194bc043430d28a6d99773fffc63fc5cfc2887272b80725565d
0,L4,950,949,1.0,0.31622776601683794,0.0003960264439228922,0.0011479600798338652,0.0170414000749588,0.09820029139518738,0.05089552700519562,518c912751a00cbbebeb82bedb1a89bb73e3cff7de5e892e60f174fa9ce18ef7
0,L4,1000,999,1.0,0.31622776601683794,0.002549783792346716,0.006561935413628817,0.2025405466556549,0.6313198804855347,0.050900936126708984,1c58d86001f9dfb9a5a68333d9e571eb2925f742cdad864a7330a0ff85fb2cf1
0,D1,1,0,0.0,0.0,0.0006905221380293369,0.0027033991646021605,0.022832849994301796,0.0,0.00032552084303461015,f8185d5b6b087fcae63c6beb32ec0090726291cbfaf15a04fb61ad077fe9a478
0,D1,2,1,0.005,0.0015811388300841897,0.001987649127840996,0.004858385771512985,0.10886414349079132,0.0005344845121726394,0.0036822210531681776,760ab79ed9dc45fd21f94942b201bdc8c6960f37f79d85a5cbacf2bd546d0866
0,D1,50,49,0.245,0.0774758026741253,0.0001302734308410436,0.00043252893374301493,0.034452151507139206,0.06398675590753555,0.031006749719381332,15d857c78388ecc85ba36cca1f2fe7d92d16d6631c4e49e455b4121676111c16
0,D1,100,99,0.495,0.1565327441783348,0.0028923857025802135,0.010426098480820656,0.16714997589588165,0.27556172013282776,0.027419619262218475,e113d07e74325b21911656f0f7eb09178a8f423925f0cce391c18f2f638508d6
0,D1,150,149,0.745,0.23558968568254426,0.00316962250508368,0.011259449645876884,0.20315922796726227,0.2445569485425949,0.026811441406607628,0af84da5efb64acbd1ac5350783942eedf36b349e2e1e1095574b42c87f82dc6
0,D1,200,199,0.995,0.31464662718675374,0.0009030911605805159,0.0019281188724562526,0.03803188353776932,0.10702850669622421,0.02683420106768608,fc6f2d884b61d8024e1452e31eba8cc48cbaf9f32e3ee9ee8cb2bfd7ebf0e321
0,D1,201,200,1.0,0.31622776601683794,0.0001648386096348986,0.0008297443855553865,0.022687196731567383,0.39653417468070984,0.026850711554288864,a90da8dd6b684954a66b40d132e1c1fc1a9fac8d1340ed8bdac271f8627aa070
0,D1,250,249,1.0,0.31622776601683794,0.0021130763925611973,0.00805447343736887,0.3466378450393677,0.5339916348457336,0.029484976083040237,fa8636e71afbcb2ac38ac7dada75f8e4238b06d0830e2068b05c7277af8d5dd8
0,D1,300,299,1.0,0.31622776601683794,0.002343721454963088,0.007871383801102638,0.27843740582466125,0.5020775198936462,0.03137251362204552,96a9f6016d3413c073e5594caeaaa6a2cd4cb8f417d24a23bdf31fe43596c46d
0,D1,350,349,1.0,0.31622776601683794,0.0007014895090833306,0.003637510584667325,0.09485989063978195,0.26321515440940857,0.03451245650649071,3db33f2a73b1203622beceee801edb0cc7cbce12c834a4ffc6bcaa303d43b274
0,D1,400,399,1.0,0.31622776601683794,0.0033938465639948845,0.009314196184277534,0.20789866149425507,0.49658387899398804,0.03705268353223801,850765ba251ccd18cc6ca3aeb0b4e43fce429c2dfb27b4b404dd93baef5b05fc
0,D1,450,449,1.0,0.31622776601683794,0.0005171670927666128,0.002390313893556595,0.061321109533309937,0.13864374160766602,0.03889814019203186,5305d3d4799d908554aba06feee0693421e484001347ca308affb018f71518a6
0,D1,500,499,1.0,0.31622776601683794,8.479440293740481e-05,0.00043073476990684867,0.011425018310546875,0.2722567319869995,0.04129321873188019,17871e93ecdc1d2d0bdb05d2fe8796d7890abba10785c999e97512ba49b904aa
0,D1,550,549,1.0,0.31622776601683794,0.0002635454584378749,0.0006090212264098227,0.00761071965098381,0.5229436159133911,0.04336473345756531,ff35c3fe6002d7ae559f6c2cd6869d8d01787983d8e109f6412dc9c7549d6ef1
0,D1,600,599,1.0,0.31622776601683794,5.976128522888757e-05,0.0002601349842734635,0.004120297264307737,0.6131303906440735,0.04553910717368126,fda6e35ca7f53fa6c653761928086d758dedd8a39c2d9509e71aaa3913a9f94d
0,D1,650,649,1.0,0.31622776601683794,0.00020369698177091777,0.0006312730256468058,0.012666691094636917,0.25034070014953613,0.046432457864284515,9c67b7c9af6a9f6b8521c9f60f58e097ed8b96aaf46d9161c385a36b12f6bea3
0,D1,700,699,1.0,0.31622776601683794,0.0003324669669382274,0.0009755095234140754,0.0105983205139637,0.04390682280063629,0.04729503393173218,8ff974cad42f4209d164765a73692ff1016ce16e591e2d2f32f48ddb9141e18a
0,D1,750,749,1.0,0.31622776601683794,0.00010105282126460224,0.0004248802724760026,0.005022373981773853,0.41581785678863525,0.04776065796613693,e5163918c35b55b3e9b74e7cef4d3b4fc0a33316dbc7b78e1e7d4f36b73acd31
0,D1,800,799,1.0,0.31622776601683794,0.0013187418226152658,0.004190766252577305,0.10947095602750778,0.3488501310348511,0.04802973195910454,c7963dd3c0eea46c37225c5598f1e4740556680b403c3a6bc7f53384d60d23fd
0,D1,850,849,1.0,0.31622776601683794,0.0057275788858532906,0.015201130881905556,0.17451801896095276,0.41490891575813293,0.04827447980642319,0d953393a753f5473c72bf2339bbaaa8b51015a35b54f488b73bc13d7ac80d1d
0,D1,900,899,1.0,0.31622776601683794,0.00014212654787115753,0.00030827964656054974,0.01964719034731388,0.4523316025733948,0.048328422009944916,bdad134a9e6dd194bc043430d28a6d99773fffc63fc5cfc2887272b80725565d
0,D1,950,949,1.0,0.31622776601683794,0.0002112088695866987,0.000698989606462419,0.009384959936141968,0.09872792661190033,0.04835378751158714,518c912751a00cbbebeb82bedb1a89bb73e3cff7de5e892e60f174fa9ce18ef7
0,D1,1000,999,1.0,0.31622776601683794,0.000529059732798487,0.0014830190921202302,0.030870435759425163,0.5061632394790649,0.04836763069033623,1c58d86001f9dfb9a5a68333d9e571eb2925f742cdad864a7330a0ff85fb2cf1
0,D2,1,0,1.0,0.31622776601683794,1.0,1.0,1.0,2.90938663482666,0.00032552084303461015,f8185d5b6b087fcae63c6beb32ec0090726291cbfaf15a04fb61ad077fe9a478
0,D2,2,1,1.0,0.31622776601683794,0.0006905221380293369,0.0027033991646021605,0.022832849994301796,0.22169041633605957,0.0036822210531681776,760ab79ed9dc45fd21f94942b201bdc8c6960f37f79d85a5cbacf2bd546d0866
0,D2,50,49,1.0,0.31622776601683794,0.00011518886458361521,0.0006374894874170423,0.013538218103349209,0.10563929378986359,0.030966445803642273,15d857c78388ecc85ba36cca1f2fe7d92d16d6631c4e49e455b4121676111c16
0,D2,100,99,1.0,0.31622776601683794,0.00574692664667964,0.01397950854152441,0.2060157209634781,0.21590371429920197,0.027467768639326096,e113d07e74325b21911656f0f7eb09178a8f423925f0cce391c18f2f638508d6
0,D2,150,149,1.0,0.31622776601683794,0.0020447014831006527,0.0052728187292814255,0.28062161803245544,0.22093595564365387,0.0276842899620533,0af84da5efb64acbd1ac5350783942eedf36b349e2e1e1095574b42c87f82dc6
0,D2,200,199,1.0,0.31622776601683794,0.0014408983988687396,0.004038301762193441,0.04927923530340195,0.358092725276947,0.030168741941452026,fc6f2d884b61d8024e1452e31eba8cc48cbaf9f32e3ee9ee8cb2bfd7ebf0e321
0,D2,201,200,1.0,0.31622776601683794,4.359468221082352e-05,9.314478666055948e-05,0.0024445627350360155,0.39131781458854675,0.029998749494552612,a90da8dd6b684954a66b40d132e1c1fc1a9fac8d1340ed8bdac271f8627aa070
0,D2,250,249,1.0,0.31622776601683794,0.0026767286472022533,0.0052141849882900715,0.3985198140144348,0.2920020520687103,0.03046453557908535,fa8636e71afbcb2ac38ac7dada75f8e4238b06d0830e2068b05c7277af8d5dd8
0,D2,300,299,1.0,0.31622776601683794,0.002629522467032075,0.006422110367566347,0.15493541955947876,0.4702010750770569,0.03304567188024521,96a9f6016d3413c073e5594caeaaa6a2cd4cb8f417d24a23bdf31fe43596c46d
0,D2,350,349,1.0,0.31622776601683794,0.003423171816393733,0.015361404046416283,0.7596846222877502,0.9062149524688721,0.03520675376057625,3db33f2a73b1203622beceee801edb0cc7cbce12c834a4ffc6bcaa303d43b274
0,D2,400,399,1.0,0.31622776601683794,0.001564717385917902,0.004724524915218353,0.09618347883224487,0.5054734349250793,0.03808415308594704,850765ba251ccd18cc6ca3aeb0b4e43fce429c2dfb27b4b404dd93baef5b05fc
0,D2,450,449,1.0,0.31622776601683794,0.00040060721221379936,0.0018294714391231537,0.10717109590768814,0.4797018766403198,0.041181422770023346,5305d3d4799d908554aba06feee0693421e484001347ca308affb018f71518a6
0,D2,500,499,1.0,0.31622776601683794,0.0012102465843781829,0.00425121933221817,0.06718361377716064,0.47921061515808105,0.04323529452085495,17871e93ecdc1d2d0bdb05d2fe8796d7890abba10785c999e97512ba49b904aa
0,D2,550,549,1.0,0.31622776601683794,0.0073311603628098965,0.0218164324760437,0.20957587659358978,0.3872235417366028,0.04642161726951599,ff35c3fe6002d7ae559f6c2cd6869d8d01787983d8e109f6412dc9c7549d6ef1
0,D2,600,599,1.0,0.31622776601683794,0.0020066986326128244,0.007794342003762722,0.15593227744102478,0.4474557042121887,0.048275090754032135,fda6e35ca7f53fa6c653761928086d758dedd8a39c2d9509e71aaa3913a9f94d
0,D2,650,649,1.0,0.31622776601683794,0.00028122344519943,0.001105248462408781,0.010303627699613571,0.10589952766895294,0.04934009909629822,9c67b7c9af6a9f6b8521c9f60f58e097ed8b96aaf46d9161c385a36b12f6bea3
0,D2,700,699,1.0,0.31622776601683794,0.002434534952044487,0.01011379063129425,0.4867800176143646,0.45926153659820557,0.050535649061203,8ff974cad42f4209d164765a73692ff1016ce16e591e2d2f32f48ddb9141e18a
0,D2,750,749,1.0,0.31622776601683794,0.0024606597144156694,0.005350154358893633,0.10565236955881119,0.15628865361213684,0.051116373389959335,e5163918c35b55b3e9b74e7cef4d3b4fc0a33316dbc7b78e1e7d4f36b73acd31
0,D2,800,799,1.0,0.31622776601683794,0.001020306721329689,0.0031024334020912647,0.1214330717921257,0.25036370754241943,0.05135287344455719,c7963dd3c0eea46c37225c5598f1e4740556680b403c3a6bc7f53384d60d23fd
0,D2,850,849,1.0,0.31622776601683794,0.0012752421898767352,0.0031133675947785378,0.061912477016448975,0.15706521272659302,0.05149654299020767,0d953393a753f5473c72bf2339bbaaa8b51015a35b54f488b73bc13d7ac80d1d
0,D2,900,899,1.0,0.31622776601683794,0.0007106146076694131,0.003870613407343626,0.11274747550487518,0.23071202635765076,0.05156100541353226,bdad134a9e6dd194bc043430d28a6d99773fffc63fc5cfc2887272b80725565d
0,D2,950,949,1.0,0.31622776601683794,0.0006307361763902009,0.0018391403136774898,0.03272220864892006,0.10904276371002197,0.051573991775512695,518c912751a00cbbebeb82bedb1a89bb73e3cff7de5e892e60f174fa9ce18ef7
0,D2,1000,999,1.0,0.31622776601683794,0.0014486435102298856,0.005386710166931152,0.16911128163337708,0.4119535982608795,0.05157909542322159,1c58d86001f9dfb9a5a68333d9e571eb2925f742cdad864a7330a0ff85fb2cf1
