GT_received_by_builder,MMPR_mass,MMPR_null_mass,R1_mass,R1_null_mass,active_pixels,case_id,class_id,cutoff_score,cutoff_tie_rows,deselected,hash_collisions,mass_difference,newly_selected,null_pixels,pixels,seed,selected_active_count,stage_index,stratum_mask_sha256,target_active_count,tied_score_groups,tied_score_rows
False,25081,0,25081,0,130878,REFUGE_train_n0188,0,0.9991645812988281,1,14010,0,0,14010,0,130878,0,25081,0,24abb68e73752daf8f403c13a645daefff8a349baf18ac67fd723c5ff08835d8,25081,1448,7126
False,815,0,815,0,2146,REFUGE_train_n0188,1,0.3551800544613968,1,563,0,0,563,0,2146,0,815,0,1fa4ea3c5006a24ea46f3b2e320497dfa69a730944c7514ccdcbb7ba2b1e9d4b,815,0,0
False,1664,0,1664,0,14432,REFUGE_train_n0188,2,0.5617857465254671,1,508,0,0,508,0,14432,0,1664,0,43a02be96872010fc0bc110bbd9b14a205371b71e7075988ff3ace74f598ebfa,1664,0,0
False,20700,0,20700,0,129630,REFUGE_test_n0144,0,0.9998206868116409,1,15910,0,0,15910,0,129630,0,20700,0,95af198755934ccc392b4712ff086995e292b8301b0eda5206396525f7f82a6a,20700,2038,13330
False,463,0,463,0,1696,REFUGE_test_n0144,1,0.5313817962784105,1,299,0,0,299,0,1696,0,463,0,f3fc0a916933126a4182a50b02e940e183c497e882358cad1a4bf487d1bed73c,463,0,0
False,1560,0,1560,0,16130,REFUGE_test_n0144,2,0.633584162411863,1,562,0,0,562,0,16130,0,1560,0,c045d9a2a3ab2f50aacf3eaeb22e03019ef8a80c38de9c48d018060a93afb705,1560,0,0
False,29329,0,29329,0,132829,REFUGE_test_n0312,0,0.9999708807363392,1,22985,0,0,22985,0,132829,0,29329,0,bd4a35b705e4524d7ae09c92720e5aaf921ee3bd1c8e94d52658cfe340708596,29329,3496,35653
False,1014,0,1014,0,6976,REFUGE_test_n0312,1,0.8928817272719926,1,937,0,0,937,0,6976,0,1014,0,49af1cca799409b927e99d1f46e29d0f19e75b255b336f87f9b69e7ed189d4aa,1014,0,0
False,2901,0,2901,0,7651,REFUGE_test_n0312,2,0.5807489526421307,1,936,0,0,936,0,7651,0,2901,0,e1320a505cbbfde737b122596f49e23e9027424e51ca7e9858be0d1739b77a1a,2901,0,0
False,27122,0,27122,0,115985,REFUGE_train_n0343,0,0.9999912977218628,88,21928,0,0,21928,0,115985,0,27122,0,bbd6a66a9dd5aa7ada4a7bdc8e9358f44fa0dd31b04f28b944293e3fc46d7e1e,27122,3468,46298
False,4668,0,4668,0,22556,REFUGE_train_n0343,1,0.9505640267362945,1,3950,0,0,3950,0,22556,0,4668,0,4497e17c859447bb2e5744ca145d8d4cae244492016fab37fbdc54f406fbdc63,4668,0,0
False,3278,0,3278,0,8915,REFUGE_train_n0343,2,0.397226570457379,1,1161,0,0,1161,0,8915,0,3278,0,fdfe64aea599bfd508a9cb99cee76db8edd1753ef8bb6ebeb847269adced87c9,3278,0,0
False,38151,0,38151,0,140092,REFUGE_train_n0088,0,0.9997092071964595,1,18884,0,0,18884,0,140092,0,38151,0,cf0ddefa5c8a40a202238398935fe19069a9e58826199b3546f4df4d2ff7b377,38151,4826,19688
False,1226,0,1226,0,3060,REFUGE_train_n0088,1,0.33372574839218255,1,829,0,0,829,0,3060,0,1226,0,de9f8a35199c0c42de6bc5d21afed20951c94d93c639ee325d0f5de9192448f3,1226,0,0
False,1282,0,1282,0,4304,REFUGE_train_n0088,2,0.7083831706329422,1,217,0,0,217,0,4304,0,1282,0,a37c7807c5b5fbbd9f0159b7b9ce6e0f8aed61cc2612f8ef6492cb916302c7f4,1282,0,0
False,20599,0,20599,0,127046,REFUGE_train_n0335,0,0.9999758005083165,1,16483,0,0,16483,0,127046,0,20599,0,4f1c311dad3f6d1b5b528a020401d04ebc3302764b794f4fe08d71b0ec711f6a,20599,3280,25552
False,3300,0,3300,0,12435,REFUGE_train_n0335,1,0.8333591019328291,1,2367,0,0,2367,0,12435,0,3300,0,427d80e91dbbd1e612565f99cbd362e555f38fffecd8c4eb44cfbf0e995e5420,3300,0,0
False,2176,0,2176,0,7975,REFUGE_train_n0335,2,0.1331279681323159,1,873,0,0,873,0,7975,0,2176,0,8c4fe5cf04205c18a88c3e5fd4a598540e6a280c401b33d9cadac10e5a16ad08,2176,0,0
False,24217,0,24217,0,120858,REFUGE_train_n0040,0,0.9991518159036643,1,16394,0,0,16394,0,120858,0,24217,0,78ca1f14fb52d8b3d5da40a8f6ade3790224b41e5737aaeac650d7efc6c44716,24217,3408,13024
False,1842,0,1842,0,8810,REFUGE_train_n0040,1,0.7898794421416401,1,1203,0,0,1203,0,8810,0,1842,0,2c9adcfbf5867815ab726f8325cc0cb6cc3b560d49d02f143f4557ce6fabb4d7,1842,0,0
False,1947,0,1947,0,17788,REFUGE_train_n0040,2,0.9015110771975926,1,1465,0,0,1465,0,17788,0,1947,0,d7b7c9357b738f64fa27cb9839f8fdfde31b43f8334fdc219eb45a142be07e79,1947,0,0
False,22998,0,22998,0,124359,REFUGE_test_g0031,0,0.9994083642959595,1,15580,0,0,15580,0,124359,0,22998,0,e0e62fea5bcb53a42b931ee2defcb04ce0b08d2cc38996efd00da17f0a967236,22998,3406,13067
False,482,0,482,0,6759,REFUGE_test_g0031,1,0.958719332739096,1,459,0,0,459,0,6759,0,482,0,f47e31b6ec77865675755b6714de2e56e4d6812fbc8f520f9a2315869bc94e3b,482,0,0
False,1429,0,1429,0,16338,REFUGE_test_g0031,2,0.9917364495999691,1,1375,0,0,1375,0,16338,0,1429,0,0bbdf5a4a6402a4f0a1752489184c0f347b08ba272334c63de17a95003bd31ea,1429,0,0
False,24393,0,24393,0,109716,REFUGE_train_g0009,0,0.9921998733901652,1,15120,0,0,15120,0,109716,0,24393,0,9588a974b3e7f2ca69c6714cf6c1729a56cc95545287090a11d440253c15cc43,24393,775,1671
False,1315,0,1315,0,7922,REFUGE_train_g0009,1,0.7723346510744075,1,1121,0,0,1121,0,7922,0,1315,0,4961167b734ec7f34836512fbfe5c2d554adacc2cca451334f61e849f4309bb6,1315,0,0
False,2229,0,2229,0,29818,REFUGE_train_g0009,2,0.7706228051082215,1,322,0,0,322,0,29818,0,2229,0,71a0c6e6f499712471c35cd657a06ce9f88325ef71d53efa9508e11db077c819,2229,0,0
False,19619,0,19619,0,94087,REFUGE_train_n0234,0,0.9988171008879233,1,14062,0,0,14062,0,94087,0,19619,0,9ec7935e2766bb9d4a33ede721b099683c800900327fed653ab8ccc84e4ff84e,19619,3107,13367
False,4037,0,4037,0,23479,REFUGE_train_n0234,1,0.8445396594329176,1,3358,0,0,3358,0,23479,0,4037,0,3026fb94bcc9a3eb8239c3cf297349160173a90d3be4f973cc122487ca0a4852,4037,0,0
False,2292,0,2292,0,29890,REFUGE_train_n0234,2,0.46200909206512736,1,793,0,0,793,0,29890,0,2292,0,b4f53342fd703efcda12ef31cf9f287ba446f65e78fbe05ca1b35fccbffd7470,2292,0,0
False,26415,0,26415,0,133459,REFUGE_test_n0199,0,0.9995744992852342,1,16588,0,0,16588,0,133459,0,26415,0,e0b92b564ae19da71e6a8dc2cec0bdff955f67b8b9b2c74035017910431b50f4,26415,5805,19890
False,4001,0,4001,0,8002,REFUGE_test_n0199,1,0.4416922466129757,1,1939,0,0,1939,0,8002,0,4001,0,cbe02ed26bf85d25f6f2f10ebc8d7e5488e2208b364d04c11f23a8914c72b55c,4001,0,0
False,2398,0,2398,0,5995,REFUGE_test_n0199,2,0.6726737074498199,1,614,0,0,614,0,5995,0,2398,0,5a1d5c418e5ab748fb10fa38d1214b47f133b9fee0f12b012a7b96bad0e62718,2398,0,0
False,20495,0,20495,0,140312,REFUGE_train_n0315,0,0.999406165442171,1,13674,0,0,13674,0,140312,0,20495,0,210337b5ea64d5f03b5c3faa5d26452f6b57d78f48d7c14df4cb562e9a29bb4f,20495,3268,8289
False,1320,0,1320,0,4402,REFUGE_train_n0315,1,0.3921222217451594,1,570,0,0,570,0,4402,0,1320,0,7a912d80fc0204f6a59d5040cb1664d4afc1620eff11c4b06465d60424c84f5c,1320,0,0
False,807,0,807,0,2742,REFUGE_train_n0315,2,0.7821380678253309,1,127,0,0,127,0,2742,0,807,0,f2ab1c73e05277937ff1ea776e717048f8e7e97120e7eee96810387f10f47736,807,0,0
False,22118,0,22118,0,109537,REFUGE_train_n0194,0,0.9927951693534851,1,12505,0,0,12505,0,109537,0,22118,0,6797d4c42d41c28ad967fcf7eb96d3cd9930ee1dd8ea20cbe0df448793f7e0a8,22118,536,1085
False,8422,0,8422,0,22152,REFUGE_train_n0194,1,0.7815309588046438,1,3322,0,0,3322,0,22152,0,8422,0,0fba5e1fa9d9a68fc8f5379757ad67d6518b8b214ef860eabf7d24056f421171,8422,0,0
False,347,0,347,0,15767,REFUGE_train_n0194,2,0.7113633139535009,1,81,0,0,81,0,15767,0,347,0,68afd5592586b97fc3687580faad451c0a9ca127adf2dba92da9274b175ad693,347,0,0
False,21583,0,21583,0,105094,REFUGE_train_n0071,0,0.997850865145044,1,13234,0,0,13234,0,105094,0,21583,0,82626d216d2b751f370a3dc4f60d54d41a14700bdeef0712aa268e339aeeb3a5,21583,1271,2677
False,8213,0,8213,0,29273,REFUGE_train_n0071,1,0.8462265587418597,1,5195,0,0,5195,0,29273,0,8213,0,d653742adef7189627765399809c302adb490e7775a9351069ad024a92f6328a,8213,0,0
False,1236,0,1236,0,13089,REFUGE_train_n0071,2,0.6119569853975139,1,347,0,0,347,0,13089,0,1236,0,02fe34ada7cc332eb0f5ccf75b159c03cbb4b65ed580cfbd5e19d3cf442623b1,1236,0,0
False,23964,0,23964,0,138329,REFUGE_train_n0078,0,0.9999147653579712,9,15017,0,0,15017,0,138329,0,23964,0,81b79e65f62afea63ddad7385556e6640b26cb457489697e3e5040965e33c88b,23964,6146,26412
False,2821,0,2821,0,7052,REFUGE_train_n0078,1,0.5827812908925388,1,1704,0,0,1704,0,7052,0,2821,0,efd0917642fbb052bd57ce2fbf9272a490bef011138b4e8291d20aab6d1d85af,2821,0,0
False,1000,0,1000,0,2075,REFUGE_train_n0078,2,0.7566797463012629,1,235,0,0,235,0,2075,0,1000,0,00c22680df0d80b162224d09ecad14390f3297cf23b8dc07446868fea85456b1,1000,0,0
False,21428,0,21428,0,135715,REFUGE_test_n0222,0,0.9999308586120605,5,14741,0,0,14741,0,135715,0,21428,0,ccc853bbe18f9cb9011ab2794fb0ab7eec14278e8e2e15126de8348457eb5c90,21428,5916,24665
False,4394,0,4394,0,8908,REFUGE_test_n0222,1,0.5132579450316499,1,2388,0,0,2388,0,8908,0,4394,0,b34b337cc11ea7932fb85c072d8c4ea7f0d4585363fc29b23863e573b7373c96,4394,0,0
False,1868,0,1868,0,2833,REFUGE_test_n0222,2,0.6014877403325146,1,195,0,0,195,0,2833,0,1868,0,92e2b788c8f464a89335717f5bdcaa30584294c790d3bf5e9616361d68ae5e2f,1868,0,0
False,45696,0,45696,0,131241,RIM_ONE_r3_train_G-32-L,0,0.9999554356895138,1,28508,0,0,28508,0,131241,0,45696,1,89d200dba59a35d376a3ff02bfe645fc9d0a4055cad12dc0c5d66a1bfeab1cb0,45696,5318,44426
False,5199,0,5199,0,13576,RIM_ONE_r3_train_G-32-L,1,0.016535751106298846,1,3909,0,0,3909,0,13576,0,5199,1,759cf99dd1b64da1d9826a43f06d3e701ee06b54c12332100d04d0a2ed2aad67,5199,0,0
False,818,0,818,0,2639,RIM_ONE_r3_train_G-32-L,2,0.6327829613086519,1,297,0,0,297,0,2639,0,818,1,95a7fb40e75049ff1861b04bee4ef267dbba7631bfd59c45f271aa1da7f7273c,818,0,0
False,43573,0,43573,0,131783,RIM_ONE_r3_train_N-74-L,0,0.999970515495372,1,28234,0,0,28234,0,131783,0,43573,1,cd559ee01a94d9f5b06f264925c6b71ca1cc7cc8cf4f0327be99990fd27a4fcb,43573,4442,44784
False,5974,0,5974,0,13862,RIM_ONE_r3_train_N-74-L,1,0.004791928513687647,1,3072,0,0,3072,0,13862,0,5974,1,8e5b96aebe45390ced358642329f02b08e4b918b7f903ba9a3494abf7f22130e,5974,0,0
False,197,0,197,0,1811,RIM_ONE_r3_train_N-74-L,2,0.6351021361534775,1,109,0,0,109,0,1811,0,197,1,146c97568038c0d95b5defd2a84b7005377e221b9fa17d7b6f820571650e0c00,197,0,0
False,40474,0,40474,0,142441,RIM_ONE_r3_train_N-66-R,0,0.9999975124818313,1,21487,0,0,21487,0,142441,0,40474,1,bedd26151faba2598fa97aee93061eefc12a713f9daa269787b10f6134fe02a7,40474,2410,35247
False,1115,0,1115,0,4571,RIM_ONE_r3_train_N-66-R,1,0.02883046593793783,1,684,0,0,684,0,4571,0,1115,1,014c7cbdfed518d442ca1f0f4568bc12a131524889df0ed24c1878bd117faf14,1115,0,0
False,2,0,2,0,444,RIM_ONE_r3_train_N-66-R,2,0.6963892005583758,1,2,0,0,2,0,444,0,2,1,f4592e814c6727f1051231796c1e35f5696630537459899b4c6fe792ac3423c9,2,0,0
False,49960,0,49960,0,138488,RIM_ONE_r3_train_N-72-R,0,0.9999926090240479,63,28349,0,0,28349,0,138488,0,49960,1,138a7470a8e94a50e0ac6255414935e7ef419cb4f1aa6375bc1aba12d2b24737,49960,4025,44384
False,2849,0,2849,0,4946,RIM_ONE_r3_train_N-72-R,1,0.00040085990035437216,1,1215,0,0,1215,0,4946,0,2849,1,66a34ead55902c6548013ce9488dc70ffe8e3b515c7a8d1db53bf967c35c9633,2849,0,0
False,2558,0,2558,0,4022,RIM_ONE_r3_train_N-72-R,2,0.5854631610083308,1,430,0,0,430,0,4022,0,2558,1,8d64d8e5fa4bb988d52e26642d7932bd68bb18fdeae16bf09292133f9459a7e4,2558,0,0
False,48606,0,48606,0,127209,RIM_ONE_r3_train_N-26-R,0,0.9998888569722194,1,29435,0,0,29435,0,127209,0,48606,1,ac72d584d704ec7798c17bdeb16d90f1a922cd28c7a0e6843b1b9b48e73ca259,48606,6452,46994
False,6050,0,6050,0,14774,RIM_ONE_r3_train_N-26-R,1,0.006755333601171992,1,4131,0,0,4131,0,14774,0,6050,1,39b00fb9fc8643aa0e081728b79cc635d0e891ff215b1ceb2c4281a5bdff14c0,6050,0,0
False,1262,0,1262,0,5473,RIM_ONE_r3_train_N-26-R,2,0.660551994706033,1,787,0,0,787,0,5473,0,1262,1,75f9a419f58fb0a74ddbe7a6a454863cf0c61c2f46ab20c4e788e0457ec56ea4,1262,0,0
False,34769,0,34769,0,119660,RIM_ONE_r3_test_N-38-R,0,0.9999574422836304,28,21471,0,0,21471,0,119660,0,34769,1,0d8778ee5fb6ce33d46210fa2a8d8df56ed9c42c9a7c0e8437316e678344c13f,34769,4581,53446
False,8656,0,8656,0,24908,RIM_ONE_r3_test_N-38-R,1,0.5079497071747032,1,8302,0,0,8302,0,24908,0,8656,1,77fdb92ab4e861414e0ae4c7a5f581bd383610885f7aa38369f7969b5ae44399,8656,0,0
False,1090,0,1090,0,2888,RIM_ONE_r3_test_N-38-R,2,0.25990183279946216,1,538,0,0,538,0,2888,0,1090,1,005d0e53584db167ccfb9a413992ef6f7610a964514a66edf6dbec497600dbb9,1090,0,0
False,51857,0,51857,0,128695,RIM_ONE_r3_test_N-34-R,0,0.9998005423311676,1,22033,0,0,22033,0,128695,0,51857,1,b8c2d9515b5edd65118956d4cce5bc059824aa9ab774130030751f84fb0f27f8,51857,7854,27672
False,7757,0,7757,0,13312,RIM_ONE_r3_test_N-34-R,1,0.0037109650566067532,1,3122,0,0,3122,0,13312,0,7757,1,fc5fc7f4608c0612a4d5ad44314c5a83c553a58e1ec5c978b5e08916c3bef5ce,7757,0,0
False,2121,0,2121,0,5449,RIM_ONE_r3_test_N-34-R,2,0.48114758384793804,1,481,0,0,481,0,5449,0,2121,1,e45727d622290736959b931f1dd58cbdc3aa6de8f7ff548f0c1ca7da1dcd8adc,2121,0,0
False,47788,0,47788,0,129713,RIM_ONE_r3_test_N-3-L,0,0.999727547168731,1,18204,0,0,18204,0,129713,0,47788,1,bcc02edcb7b34354f40c643cb9d10e44d82e8762f961cd5cb0e21e5d9d2d2146,47788,5060,13513
False,6121,0,6121,0,12182,RIM_ONE_r3_test_N-3-L,1,0.0058331341080955995,1,2840,0,0,2840,0,12182,0,6121,1,39f7a91a3be0df3916ee53a631747e9112317b10c28ec5924d4fca8a123588d5,6121,0,0
False,403,0,403,0,5561,RIM_ONE_r3_test_N-3-L,2,0.5758733486719079,1,205,0,0,205,0,5561,0,403,1,593c9131b4df667e8807a2ffb3167ce8b1db50122f4924a179f0ec4c2ca5e24f,403,0,0
False,35014,0,35014,0,127111,RIM_ONE_r3_train_G-3-R,0,0.9998410940170288,13,27471,0,0,27471,0,127111,0,35014,1,59b29013180b3004fcf8ff0da4e0f102dccfd08ff277f1f12879c125508b2a03,35014,8587,53824
False,3689,0,3689,0,13771,RIM_ONE_r3_train_G-3-R,1,0.6873301564366776,1,3651,0,0,3651,0,13771,0,3689,1,86cf447e1100d0e31bd3cfadf623626705bb0ad7f8a70b1eb42dbdb24777adb0,3689,0,0
False,3263,0,3263,0,6574,RIM_ONE_r3_train_G-3-R,2,0.5467156650258573,1,1255,0,0,1255,0,6574,0,3263,1,6cda48ccde83495840b050e4cd3a3813be8a1b9c936ce8181d1fa5323940f166,3263,0,0
False,35332,0,35332,0,130173,RIM_ONE_r3_train_N-69-L,0,0.9997493624687195,6,26827,0,0,26827,0,130173,0,35332,1,d9f3027aac9ab4a0b3a9455f4817811f15597021943032ebfdcf7e58eda40bbf,35332,8596,43698
False,5620,0,5620,0,12419,RIM_ONE_r3_train_N-69-L,1,0.018242726512435994,1,3848,0,0,3848,0,12419,0,5620,1,b4c5c685529dd0613d35768e9cc7a15673fe4e0867f4054f415189316a8bab87,5620,0,0
False,2386,0,2386,0,4864,RIM_ONE_r3_train_N-69-L,2,0.5315346317720946,1,773,0,0,773,0,4864,0,2386,1,c0ff2b7480e87d7e28bd5a9265ca63a622ea1662be6791d3c0ed25e5fd30928d,2386,0,0
False,51503,0,51503,0,130376,RIM_ONE_r3_test_N-28-R,0,0.9999818801879883,55,27695,0,0,27695,0,130376,0,51503,1,b7759c36173cd5520320fa9b36d35d22d45fb10ef1b3605c37cffb378833580b,51503,4313,49256
False,4685,0,4685,0,11139,RIM_ONE_r3_test_N-28-R,1,0.005702846761239216,1,2908,0,0,2908,0,11139,0,4685,1,a3b54a24898fd7aa18c4bc690351bab6994e33edd90e0129acf394726edca2da,4685,0,0
False,1937,0,1937,0,5941,RIM_ONE_r3_test_N-28-R,2,0.6779617834426915,1,861,0,0,861,0,5941,0,1937,1,867fa99ff064fb4cccd3eaaaeaea3be6b56386c4b8785898905a9a7f8b44d2ed,1937,0,0
False,38531,0,38531,0,127693,RIM_ONE_r3_train_N-82-R,0,0.9999935626983643,209,24146,0,0,24146,0,127693,0,38531,1,5738f291001007e49d8df1c992ecc7a60fe6d58fe046eaa158204e01d0795caf,38531,3293,60363
False,9146,0,9146,0,15231,RIM_ONE_r3_train_N-82-R,1,0.003360088982511872,1,3726,0,0,3726,0,15231,0,9146,1,6bdfd8aa8a70d54c3b5b7c07a12366429fc30327a3cacb2f007305cbe89b96d2,9146,0,0
False,1306,0,1306,0,4532,RIM_ONE_r3_train_N-82-R,2,0.6637931860432362,1,804,0,0,804,0,4532,0,1306,1,950300f90f1c75480bcdf5573a1ffe40df1055c292e6d7db696d4527d77d8649,1306,0,0
False,41742,0,41742,0,142920,RIM_ONE_r3_test_S-30-L,0,0.9999462366104126,20,24595,0,0,24595,0,142920,0,41742,1,a07f3dfe38f0387dd14be9f5ea2918d051da2b91512865fdd37ad15c48dbc4c9,41742,4671,40256
False,161,0,161,0,882,RIM_ONE_r3_test_S-30-L,1,0.09626666374191557,1,131,0,0,131,0,882,0,161,1,0f535acf73bdb7da4a8cfaacf50c9235d4b1ee9a571bdf80f454c7b9b2f9e9f2,161,0,0
False,1012,0,1012,0,3654,RIM_ONE_r3_test_S-30-L,2,0.880098562516211,1,784,0,0,784,0,3654,0,1012,1,119316a40f2c43e5ebaf1041d296fb756693f9990a931991a0e57100a29e215f,1012,0,0
False,61075,0,61075,0,145804,RIM_ONE_r3_train_S-1-L,0,0.9998110292196807,1,23834,0,0,23834,0,145804,0,61075,1,60561cc9dc5d2eb78e68b5e1d8137388ffeb857e7ee5297301471e3ec3ffe3c4,61075,3852,23061
False,68,0,68,0,609,RIM_ONE_r3_train_S-1-L,1,0.007241425918294287,1,50,0,0,50,0,609,0,68,1,35c96e334f87972027cc1c1657e1f76b6e062967467cd049485bc0aaf196177d,68,0,0
False,1,0,1,0,1043,RIM_ONE_r3_train_S-1-L,2,0.9796068054614595,1,1,0,0,1,0,1043,0,1,1,4e3418050aa3cdbea6623165f2b4c603d943f1d12e046defe805ae0e709cb403,1,0,0
False,54326,0,54326,0,136211,RIM_ONE_r3_train_N-70-R,0,0.9998860359191895,9,29061,0,0,29061,0,136211,0,54326,1,4c27f2176802f4dd0d05973c599c97fa1a737088f7e72ea4dd474e4903d7beac,54326,3616,32502
False,4972,0,4972,0,10716,RIM_ONE_r3_train_N-70-R,1,0.011582521335982586,1,2954,0,0,2954,0,10716,0,4972,1,bb180d385d01047c895ae2b9d709e4e559f94618469cb163e2583fdba6e6e2eb,4972,0,0
False,190,0,190,0,529,RIM_ONE_r3_train_N-70-R,2,0.39658657440287587,1,65,0,0,65,0,529,0,190,1,3168a47147617eef557e8a5b421f0dc24234e93b27ede876b8ecbb367a064d90,190,0,0
False,60812,0,60812,0,130060,RIM_ONE_r3_test_N-36-R,0,0.9999578813945516,1,37123,0,0,37123,0,130060,0,60812,1,2158d9486ea7de096f79baf090a4724af5f00d0ee124c07a259b41ea2b20a323,60812,2973,49579
False,6392,0,6392,0,12292,RIM_ONE_r3_test_N-36-R,1,0.010086660492220074,1,3498,0,0,3498,0,12292,0,6392,1,629a1a9e4b4a5f0012af6f57b9413ffecf52c91a394adbbcde8eae317f088b74,6392,0,0
False,3546,0,3546,0,5104,RIM_ONE_r3_test_N-36-R,2,0.40927902308754976,1,863,0,0,863,0,5104,0,3546,1,7f088f39c255b9e61ebacff7d3f5f72cb000f5ef44d368bcad923f7b61838f42,3546,0,0
False,39671,0,39671,0,123024,Drishti_GS_train_ndrishtiGS_092,0,0.9938448667517588,1,24402,0,0,24402,0,123024,0,39671,2,ccc00190fa9fd3ff341434ae10e48654d2dea5ee1802f75334b95b31b048e6f9,39671,1557,3211
False,4597,0,4597,0,10465,Drishti_GS_train_ndrishtiGS_092,1,5.616122183523127e-07,1,3332,0,0,3332,0,10465,0,4597,2,9f8d00d59dcf62179b50d5b7d7e96eaf7aa609a00902afbd34ead3676c1a0d47,4597,0,0
False,1483,0,1483,0,13967,Drishti_GS_train_ndrishtiGS_092,2,0.6537299797871103,1,73,0,0,73,0,13967,0,1483,2,bf10b5b272bfa4dfa18d983aafa484f9216cb286e3a36d46bd83627ddf330ccd,1483,0,0
False,50114,0,50114,0,114013,Drishti_GS_test_gdrishtiGS_014,0,0.9988284239938688,1,27972,0,0,27972,0,114013,0,50114,2,87d58a5c01f564b47f66c66f6befe8cca899b21fa127d5a388f5278aed199652,50114,1056,2186
False,6702,0,6702,0,12936,Drishti_GS_test_gdrishtiGS_014,1,2.641796059331345e-10,1,4480,0,0,4480,0,12936,0,6702,2,425d1ac74a77f0327472650807de301fe876b801303f0f342a95f5c325a66427,6702,0,0
False,2286,0,2286,0,20507,Drishti_GS_test_gdrishtiGS_014,2,0.672306070249536,1,84,0,0,84,0,20507,0,2286,2,6a3e2e3c0e29e015f99a16268c504afbcb1d8174d43a62b178f767a5fc0b8dc7,2286,0,0
False,46493,0,46493,0,144647,Drishti_GS_test_gdrishtiGS_073,0,0.999999740805226,1,17377,0,0,17377,0,144647,0,46493,2,f4f3478432ba853cbf2c750728d47abacd6cd426af592e78e46f5257640ea16e,46493,1539,52691
False,597,0,597,0,2103,Drishti_GS_test_gdrishtiGS_073,1,0.0003012971384254718,1,474,0,0,474,0,2103,0,597,2,b0bfcb716862f3c739321f61cee50c2e052b3a91ba867ae13daeba373fbc5d22,597,0,0
False,343,0,343,0,706,Drishti_GS_test_gdrishtiGS_073,2,0.686848151713095,1,12,0,0,12,0,706,0,343,2,5f34031b8a0150ce4676218c93dffa5917d07cf0bfbaf7e4fe228b8d35492b6b,343,0,0
False,40358,0,40358,0,147418,Drishti_GS_train_gdrishtiGS_004,0,0.9999998807907104,4836,15676,0,0,15676,0,147418,0,40358,2,2ec4f33c9df8da362802e51dd01bc53b6dda36a36dd0668758ad865d945c826f,40358,1452,45927
False,0,0,0,0,1,Drishti_GS_train_gdrishtiGS_004,1,,0,0,0,0,0,0,1,0,0,2,a444fbc532241a647fda3250f5a255068ea97ca3d13d84007eafa0d42ab72c7e,0,0,0
False,1,0,1,0,37,Drishti_GS_train_gdrishtiGS_004,2,0.9105675913050939,1,0,0,0,0,0,37,0,1,2,17343308e2baf339651071ff84963d160d5ff3ecf20227e67b615f847ab9a7ac,1,0,0
False,42895,0,42895,0,132071,Drishti_GS_test_gdrishtiGS_006,0,0.9999804496765137,77,19223,0,0,19223,0,132071,0,42895,2,d2ac69eba8eaca61d17cb6b361f7d420ffd54001720a78c292116a25f1f7436e,42895,3323,53965
False,7309,0,7309,0,14005,Drishti_GS_test_gdrishtiGS_006,1,1.4961168006483292e-10,1,3836,0,0,3836,0,14005,0,7309,2,9fbbeb6c5018dffed94a64237c3b24041a73a604d8016716ab420fe2d5320b17,7309,0,0
False,514,0,514,0,1380,Drishti_GS_test_gdrishtiGS_006,2,0.7032571364951994,1,72,0,0,72,0,1380,0,514,2,fcb83abc6a6e56df9a1d9c8a6d0ad437b0dc105175299bd2f6fb21d686b7250d,514,0,0
False,44244,0,44244,0,139898,Drishti_GS_test_gdrishtiGS_011,0,0.9999861717224121,23,20315,0,0,20315,0,139898,0,44244,2,2ac96ff96e369fffd20c3aa122eded2b1f03c57d6b9c90635bfcb628a0a3806f,44244,5296,36721
False,3537,0,3537,0,6824,Drishti_GS_test_gdrishtiGS_011,1,3.542548872590843e-07,1,2357,0,0,2357,0,6824,0,3537,2,ce665726cac7a727c9210ba7ac0d5a11ff823ea3b4652967e52921e48b64a7c9,3537,0,0
False,403,0,403,0,734,Drishti_GS_test_gdrishtiGS_011,2,0.6870155269142684,1,7,0,0,7,0,734,0,403,2,073c9526ee2ac22605298de359aeb0e68ad1bc0ff62932348aa1a609b16c4950,403,0,0
False,42988,0,42988,0,144546,Drishti_GS_test_gdrishtiGS_027,0,0.9999923964576016,1,20253,0,0,20253,0,144546,0,42988,2,26544b9d526dc335bc8edd478e5109717d9f8111128b5a67987315c011924674,42988,3410,47155
False,844,0,844,0,2144,Drishti_GS_test_gdrishtiGS_027,1,0.0006473818598648077,1,707,0,0,707,0,2144,0,844,2,285a758ff6edeeb944a7e2556f331ef16075a5eafd13bdbad46f1f09ce7007e9,844,0,0
False,423,0,423,0,766,Drishti_GS_test_gdrishtiGS_027,2,0.7349393979829921,1,35,0,0,35,0,766,0,423,2,15451f921c27985190bbdaa3ed57ea945ba0b9b25293199d5f3b5368b34ebccc,423,0,0
False,58846,0,58846,0,134676,Drishti_GS_train_gdrishtiGS_012,0,0.9999912977218628,125,27573,0,0,27573,0,134676,0,58846,2,0522301f03cc30907da8703b611c0d99cf900d37bcce0bd49a0c0f9be7af40e1,58846,3935,52436
False,5185,0,5185,0,9725,Drishti_GS_train_gdrishtiGS_012,1,5.988891699300332e-11,1,3141,0,0,3141,0,9725,0,5185,2,f0f72b10ed15faa1b614952dd78cbc3afef7f2bb28eea55af02edc5ab97cdc5f,5185,0,0
False,1753,0,1753,0,3055,Drishti_GS_train_gdrishtiGS_012,2,0.6790838292813612,1,64,0,0,64,0,3055,0,1753,2,d0757196773e168b43d51ca3a7f6e68138e0cc4ac4e5616519f5636ca0b8af56,1753,0,0
False,50540,0,50540,0,127993,Drishti_GS_test_gdrishtiGS_020,0,0.9999980926513672,624,23359,0,0,23359,0,127993,0,50540,2,a8bc814d8783e870523174282ff5af0eaff5fc876c00fab8c634ea2b7fc63ed0,50540,1727,57149
False,7374,0,7374,0,13542,Drishti_GS_test_gdrishtiGS_020,1,7.378165800344908e-14,1,3975,0,0,3975,0,13542,0,7374,2,abe09be2b6f1d26e626e0d61b03f2eff0528d83a31c31713483f04617b656698,7374,0,0
False,3519,0,3519,0,5921,Drishti_GS_test_gdrishtiGS_020,2,0.6636327697932527,1,192,0,0,192,0,5921,0,3519,2,c0564a15c01063184c744bae5ae740cd73df20c0d10b9709833ddeddba4d4374,3519,0,0
False,50788,0,50788,0,144564,Drishti_GS_train_gdrishtiGS_032,0,0.9999953508377075,212,25440,0,0,25440,0,144564,0,50788,2,d5451c346bb667bb5b97338e3fcda012bcb02865ffedd5f6866b7e4b3e33ac87,50788,2916,56269
False,408,0,408,0,1714,Drishti_GS_train_gdrishtiGS_032,1,0.19585607640512712,1,380,0,0,380,0,1714,0,408,2,f3b7ab91c4597294f1aa7cc906b38a87cb261f0d80d1328fab85439de6c6d190,408,0,0
False,669,0,669,0,1178,Drishti_GS_train_gdrishtiGS_032,2,0.684101202672595,1,6,0,0,6,0,1178,0,669,2,9ea9c63c6b6abc0e32fad020229d28056f41df075a933d74b39b6ae1672bb997,669,0,0
False,65214,0,65214,0,132542,Drishti_GS_test_gdrishtiGS_071,0,0.999992847442627,160,23071,0,0,23071,0,132542,0,65214,2,54cfb5926f4bf6668448433415aa8abd2ee4f9c34ff36a2f7ff2d97788031167,65214,2913,63720
False,6289,0,6289,0,12864,Drishti_GS_test_gdrishtiGS_071,1,9.109941309811806e-11,1,3639,0,0,3639,0,12864,0,6289,2,540411a7a0835234e66c9ebd6895529f6548b09ac16cff9a6a90e9733562562c,6289,0,0
False,968,0,968,0,2050,Drishti_GS_test_gdrishtiGS_071,2,0.6604012961175458,1,64,0,0,64,0,2050,0,968,2,b724c4cdc083acf99561c5be8883b9e7d3db7154d7cd26d705a547ec78068046,968,0,0
False,58357,0,58357,0,134786,Drishti_GS_test_ndrishtiGS_009,0,0.999995316279895,1,24392,0,0,24392,0,134786,0,58357,2,bdc98c60ef3d16d6fd6431a325bed52c00c76aa4d7d9fc1062cd51000790e493,58357,3696,49638
False,5900,0,5900,0,11928,Drishti_GS_test_ndrishtiGS_009,1,6.955177241553093e-09,1,3355,0,0,3355,0,11928,0,5900,2,4bfdfe38db0d5a1092bf1a10e1a73dc3196246d616342b5f5c05083bb7fd71b5,5900,0,0
False,392,0,392,0,742,Drishti_GS_test_ndrishtiGS_009,2,0.6229555047058928,1,28,0,0,28,0,742,0,392,2,ecef69bf4ff13afe4506e83d4b7b51ce39c344c3f283288af92885ddf310c9eb,392,0,0
False,53526,0,53526,0,129667,Drishti_GS_test_gdrishtiGS_053,0,0.9998613595962409,1,26895,0,0,26895,0,129667,0,53526,2,4d5bdd839d8fe7e4406d37a287ae5061bc81a0713cf66aba4f7cf8c346b28a24,53526,8050,45325
False,7466,0,7466,0,14033,Drishti_GS_test_gdrishtiGS_053,1,6.32737104851073e-11,1,3902,0,0,3902,0,14033,0,7466,2,485bc1cfe53ac89004834dd2408a664dd256e3bfb8dcd602ca9bde90eff2b75a,7466,0,0
False,1986,0,1986,0,3756,Drishti_GS_test_gdrishtiGS_053,2,0.6707048706300911,1,119,0,0,119,0,3756,0,1986,2,d7c43a998661d5e926a4fc6d28e1a85b1f817d545fadb29d2d9edf74f7d2678f,1986,0,0
False,46063,0,46063,0,136389,Drishti_GS_test_ndrishtiGS_095,0,0.9998798370361328,8,24785,0,0,24785,0,136389,0,46063,2,9940a3c2bc3481624cf18e14f36a14b77a0d6bb9efecf35c73d4735a773fd36e,46063,7671,33981
False,3600,0,3600,0,10053,Drishti_GS_test_ndrishtiGS_095,1,0.00016300778483600538,1,2750,0,0,2750,0,10053,0,3600,2,0288a5a7f1f02d10a4b863f3f30fd4c3cf24aa2fac0872ec4aeb2a2557a673f2,3600,0,0
False,224,0,224,0,1014,Drishti_GS_test_ndrishtiGS_095,2,0.6575675838421884,1,14,0,0,14,0,1014,0,224,2,a3444f339930d58635c76e0f60a7948804e1fd4c64e8fbc29d890622171bb3f2,224,0,0
False,55755,0,55755,0,123229,Drishti_GS_test_ndrishtiGS_099,0,0.9999945163726807,220,26573,0,0,26573,0,123229,0,55755,2,58ea190d91d6fe696f717124070db03a205c5c2f0b102642c7bca878d404e01a,55755,2113,53522
False,12732,0,12732,0,21486,Drishti_GS_test_ndrishtiGS_099,1,7.266720665613469e-13,1,5310,0,0,5310,0,21486,0,12732,2,40a9bfc28954daaa9095e184f3eadcc9bbbd81515f2f102200cc09958a7fc301,12732,0,0
False,1503,0,1503,0,2741,Drishti_GS_test_ndrishtiGS_099,2,0.6704713373420238,1,81,0,0,81,0,2741,0,1503,2,79aaf43b32594129b17d7487fa3f00b951e7a5094c6c078f4f79eec1945b9460,1503,0,0
False,36970,0,36970,0,145002,Drishti_GS_test_ndrishtiGS_007,0,0.999990514794096,1,23215,0,0,23215,0,145002,0,36970,2,04c17fec5d3f2b5764c332fc10f6ee15f059bb99f39d5c04e53cb8c01040cc79,36970,5601,36428
False,662,0,662,0,1454,Drishti_GS_test_ndrishtiGS_007,1,1.5610831223143823e-09,1,485,0,0,485,0,1454,0,662,2,a90bcb3aa1745ffc4b3312f95d8f10c5844c9dab8ffc0702fb4af6a9d64b5cce,662,0,0
False,562,0,562,0,1000,Drishti_GS_test_ndrishtiGS_007,2,0.6933141463945173,1,3,0,0,3,0,1000,0,562,2,23b34cd11febd1ffd6c5ab5ac4a815dbfd78c26a7f1fa24e5344fb2d2a9f56cd,562,0,0
False,47353,0,47353,0,125713,REFUGE_train_n0132,0,0.9994690268888625,1,22146,0,0,22146,0,125713,1,47353,0,7b917e0d380e50d896622733edbdb36bafa3fd50126a546f994c310a999f4446,47353,4348,15817
False,8167,0,8167,0,15457,REFUGE_train_n0132,1,0.1218794329304565,1,2883,0,0,2883,0,15457,1,8167,0,ea783e97b0200769f325c8f037f125110ca32b855875b5baff62d5597c1346d3,8167,0,0
False,138,0,138,0,6286,REFUGE_train_n0132,2,0.779356164724009,1,59,0,0,59,0,6286,1,138,0,be68ed03456e937501552521fc345d9cfc68e47e556297755453b9ca9e3f57c8,138,0,0
False,39119,0,39119,0,130323,REFUGE_test_g0002,0,0.9996156541485633,1,22966,0,0,22966,0,130323,1,39119,0,f5c29ea0c0172a53744d6c9b317077b16df0d24d4362d89451fb8f2766aa2209,39119,8989,30476
False,382,0,382,0,10327,REFUGE_test_g0002,1,0.9995659105749749,1,336,0,0,336,0,10327,1,382,0,03558a2618aa8c6343e359211f209dd5df3d5a4592e55375f004ddc1a98a435c,382,0,0
False,2267,0,2267,0,6806,REFUGE_test_g0002,2,0.7815268635739148,1,420,0,0,420,0,6806,1,2267,0,99c119542f8b26a8bfb3f972434d092aa10f70341329491ffb3ea95f2e540a3d,2267,0,0
False,49049,0,49049,0,133457,REFUGE_train_n0017,0,0.9996579335933802,1,17639,0,0,17639,0,133457,1,49049,0,f7578262e7766c19ce1673988f816e88a700c76c98088c4a999dddf8c483ba2b,49049,3432,9383
False,5012,0,5012,0,13610,REFUGE_train_n0017,1,0.19977828936280304,1,2514,0,0,2514,0,13610,1,5012,0,df6ef715b70f2214cb184128c471312087a9e827342a55ad7340d37c8b4ac56a,5012,0,0
False,136,0,136,0,389,REFUGE_train_n0017,2,0.8497264614700891,1,39,0,0,39,0,389,1,136,0,98f246f0891e41df15ea1351f8a829407261887244a549e8ecf1c70095fab411,136,0,0
False,48931,0,48931,0,133329,REFUGE_train_n0100,0,0.9997219498464551,1,25939,0,0,25939,0,133329,1,48931,0,e3668e6edb6cbb27d4e091ecde6fef6065c7d78a997cf6f00f196b0f9d5c8de6,48931,8095,37765
False,5096,0,5096,0,13012,REFUGE_train_n0100,1,0.9428901930785816,1,2921,0,0,2921,0,13012,1,5096,0,4748cad113485024da6e2db94e82be140c01864c647187f8064d59b024a79cd2,5096,0,0
False,352,0,352,0,1115,REFUGE_train_n0100,2,0.8544551129642498,1,111,0,0,111,0,1115,1,352,0,12c18585a5ed53eb780b8717bdd156824bc38e82a79fa4e5d973351407714bd4,352,0,0
False,53932,0,53932,0,135325,REFUGE_train_n0191,0,0.9999167919158936,16,31962,0,0,31962,0,135325,1,53932,0,543f6efbd89951fec888e558cd2c6affa05ca92489e6d4365fe87d2755daf658,53932,4458,43595
False,5548,0,5548,0,10877,REFUGE_train_n0191,1,0.6846562747682876,1,2267,0,0,2267,0,10877,1,5548,0,c60103a8efd33071bae05ec086292685f2a121bc0c45e8d54dca9d8d000c8e7e,5548,0,0
False,441,0,441,0,1254,REFUGE_train_n0191,2,0.9371343296729466,1,187,0,0,187,0,1254,1,441,0,5fcce6502b555f9b856ca63b8c40df40afa2d0f907d176485b4775beaf3b7c08,441,0,0
False,58001,0,58001,0,138268,REFUGE_train_g0012,0,0.9998670816421509,12,32846,0,0,32846,0,138268,1,58001,0,840ab3db454d4ac18e9bc9f276c2f596848c29c1fda1eace77f0ffd630ff94a8,58001,4844,40957
False,4378,0,4378,0,7999,REFUGE_train_g0012,1,0.46415475411380064,1,1882,0,0,1882,0,7999,1,4378,0,d31d717bf4369550160f5048cb3daa708271a9e7faf60a519b46fc4bdc1f5212,4378,0,0
False,475,0,475,0,1189,REFUGE_train_g0012,2,0.7840923652423708,1,90,0,0,90,0,1189,1,475,0,1565dc99430545b888e4a130cc87990fce3f7722100fcfc7392d6f3e89537e11,475,0,0
False,63092,0,63092,0,139103,REFUGE_train_n0106,0,0.9986637830734253,2,25879,0,0,25879,0,139103,1,63092,0,aff28a1f6d3de4c3392680d865bf020cb0bb98af1b79bd9db75159d91ac1da0b,63092,7088,19706
False,2436,0,2436,0,6909,REFUGE_train_n0106,1,0.020942469224753537,1,1018,0,0,1018,0,6909,1,2436,0,67befca4111ea34ef12d57c3514e55497db98ce37aaa375a951d54bda606ec5b,2436,0,0
False,64,0,64,0,1444,REFUGE_train_n0106,2,0.929608435933756,1,34,0,0,34,0,1444,1,64,0,ccc431b22054e1f276e5b7e5e75cc012d24fd342e60f36c2f1a71f8fcf7b0b0b,64,0,0
False,49014,0,49014,0,135210,REFUGE_train_n0052,0,0.9997757077217102,11,28116,0,0,28116,0,135210,1,49014,0,883195b7188feaba1e94fb8d8ec2d27ed7ce4dd9a9cad74ca734c8acbbc93f48,49014,6883,38116
False,5826,0,5826,0,11580,REFUGE_train_n0052,1,0.7229748943695138,1,2412,0,0,2412,0,11580,1,5826,0,2c3523b5b0006fa83f842ab3c00f5cbe4c68ed520608cc4684a76355533bbeed,5826,0,0
False,217,0,217,0,666,REFUGE_train_n0052,2,0.7204598343156309,1,11,0,0,11,0,666,1,217,0,ef2f7678f59040d013ee86ce090559926496ef93043365f5edd624678648150e,217,0,0
False,51919,0,51919,0,134772,REFUGE_test_n0136,0,0.9997336268424988,5,31347,0,0,31347,0,134772,1,51919,0,1a1a6e8a247ad78055cb5ef980593499b21bcff7bb88da6225e976af675667a9,51919,7010,38529
False,5484,0,5484,0,12250,REFUGE_test_n0136,1,0.009336872515151317,1,1685,0,0,1685,0,12250,1,5484,0,ca455ff8cdaeffa3c46ef48e9c1095ee7f272ce5b13e78f6a1f6a420ba61a99f,5484,0,0
False,191,0,191,0,434,REFUGE_test_n0136,2,0.7228692708758097,1,9,0,0,9,0,434,1,191,0,0f14148a2f643712a6c62667dc8dbf02a408da0021a876ac1547396b5738fe7a,191,0,0
False,51733,0,51733,0,130401,REFUGE_train_n0355,0,0.9997864365518144,1,22869,0,0,22869,0,130401,1,51733,0,3ac9435b0f1710aa836d9a3706cd2c8a400236a8fba4f369c54c2a43586ede23,51733,7964,31693
False,8416,0,8416,0,16316,REFUGE_train_n0355,1,0.2926650595030159,1,3829,0,0,3829,0,16316,1,8416,0,e0b83d5120278f65c9750e0aaa292f2e5f74178f809311eaac02b0d34e9e5bb5,8416,0,0
False,435,0,435,0,739,REFUGE_train_n0355,2,0.9275590181335222,1,158,0,0,158,0,739,1,435,0,f951469b163a72a31cff6e9eb0f3318512ae5a601e1bc327011c56b7141e45dc,435,0,0
False,52218,0,52218,0,138378,REFUGE_train_n0011,0,0.9993854761123657,3,22806,0,0,22806,0,138378,1,52218,0,9529e5464b4e11565a42fbec5451e6d01c0429bef8e19af150151364e336a1d2,52218,9165,26798
False,2937,0,2937,0,8653,REFUGE_train_n0011,1,0.7307611419700942,1,1838,0,0,1838,0,8653,1,2937,0,1f40ac842d99e29166697ff1f824a90cf9caa678b673eceff64afc34658b56ba,2937,0,0
False,53,0,53,0,425,REFUGE_train_n0011,2,0.9087144136274915,1,29,0,0,29,0,425,1,53,0,23cf101672e30a1f28a99b3aecf21cdba1977e897b3067c0e21f14526b7e70e3,53,0,0
False,43786,0,43786,0,133484,REFUGE_train_n0196,0,0.9997628331184387,5,29076,0,0,29076,0,133484,1,43786,0,b19d6019b16007d4092b648ae6cf3a7ed4725a33be4f1e83a7c793ca564688a9,43786,8404,39291
False,5348,0,5348,0,13392,REFUGE_train_n0196,1,0.899984292876288,1,3002,0,0,3002,0,13392,1,5348,0,9a0ed3d9eaaae75770c1766d9118f78ca027bff96bd9d854dd900b34afbd398f,5348,0,0
False,220,0,220,0,580,REFUGE_train_n0196,2,0.6960555823955021,1,16,0,0,16,0,580,1,220,0,22880a9fe56013cd9d3d027f81c027933edcaee2ea2d22f576e9fc49c8513f45,220,0,0
False,49700,0,49700,0,133548,REFUGE_test_n0184,0,0.9997968024021692,1,19414,0,0,19414,0,133548,1,49700,0,3b1eb9b1ad6f04726e49ffcc2e1e5c7d2b2b814f224d4007f63541a5411667c1,49700,4972,15250
False,5207,0,5207,0,12038,REFUGE_test_n0184,1,0.1245535922591965,1,2344,0,0,2344,0,12038,1,5207,0,1d226b6dc2edf34356d3485365398daa7b3a706d8b45cc41b018732de374cf66,5207,0,0
False,62,0,62,0,1870,REFUGE_test_n0184,2,0.7006715393906512,1,0,0,0,0,0,1870,1,62,0,427fa375e0f42faa570ae628d2783b361d117dce0d6cee3d549f97385fdeb6d5,62,0,0
False,42527,0,42527,0,122541,REFUGE_train_n0003,0,0.9996926784515381,4,17061,0,0,17061,0,122541,1,42527,0,ae397cad9b8df8b75e3d59cf981fc674864953d95c07b29f9e604818986dc1b8,42527,9307,28686
False,10836,0,10836,0,24612,REFUGE_train_n0003,1,0.8941696133611357,1,6254,0,0,6254,0,24612,1,10836,0,0fac7df366d3a74553defda2a2829e33e1b2e5212ab0b2894cc1ac569a5b83d6,10836,0,0
False,46,0,46,0,303,REFUGE_train_n0003,2,0.7069584861936011,1,0,0,0,0,0,303,1,46,0,2627be44a88fdb38266efec110da32a9acc9532aafe002abe311d403a7e178d5,46,0,0
False,49404,0,49404,0,130779,REFUGE_train_g0032,0,0.999792330361551,1,20757,0,0,20757,0,130779,1,49404,0,87de4843e13f72065a99576fb5404f10f005a360788fa2f2fe51409f91605e1e,49404,5156,16998
False,6213,0,6213,0,10820,REFUGE_train_g0032,1,0.008995959743770094,1,1682,0,0,1682,0,10820,1,6213,0,158ae681bc0e7f385a47902ce9d5233dc4b630d93c8b4506f6bf52e9f2629ab9,6213,0,0
False,429,0,429,0,5857,REFUGE_train_g0032,2,0.733074810006599,1,41,0,0,41,0,5857,1,429,0,58f6c80b2954fe16f7fdc179a3a1a5b468e5528fcbd7f57e70f7b100626c5c40,429,0,0
False,53483,0,53483,0,135774,REFUGE_train_n0075,0,0.9997039857543801,1,28030,0,0,28030,0,135774,1,53483,0,f21624020109b07332dbd84751aa7c5f178ac74a83ee93c7476b05d113bc5b1f,53483,6704,33869
False,5716,0,5716,0,10714,REFUGE_train_n0075,1,0.5739511428835297,1,2111,0,0,2111,0,10714,1,5716,0,249545806b7a93dc728c0931728c6d2f3b660682a33d9ea5a6591c3d23efcb45,5716,0,0
False,378,0,378,0,968,REFUGE_train_n0075,2,0.77452617862398,1,59,0,0,59,0,968,1,378,0,069f9969d2c7cc25d540efbff6c6d1388819d3dbdd7507406725ff0adf4c6447,378,0,0
False,50649,0,50649,0,123811,RIM_ONE_r3_test_N-2-R,0,0.9972330927848816,2,15947,0,0,15947,0,123811,1,50649,1,0146b599c3df309f6cb2b2cb95a319ea56b19e73e64d2b8fe97e451da98e84ef,50649,3491,10526
False,3703,0,3703,0,8914,RIM_ONE_r3_test_N-2-R,1,0.17904761586790033,1,2042,0,0,2042,0,8914,1,3703,1,dfb2c8c73d590a31bd708a199fd713043a88ada17d163c50a4d66e4fba286ce4,3703,0,0
False,165,0,165,0,14731,RIM_ONE_r3_test_N-2-R,2,0.908133633904296,1,113,0,0,113,0,14731,1,165,1,52de71ac5a8f8fa1c98324616d286c78e404d84c4b0b0055ed5ec46c87c46422,165,0,0
False,45553,0,45553,0,125841,RIM_ONE_r3_train_N-52-R,0,0.9975088834762571,1,16948,0,0,16948,0,125841,1,45553,1,a9db5e5b1538c40335ed7f9ae600e28e50d8252e82e01e4fa74b1d095c9387b7,45553,2588,11503
False,3866,0,3866,0,10073,RIM_ONE_r3_train_N-52-R,1,0.5185710109925135,1,2095,0,0,2095,0,10073,1,3866,1,95b7a79a3eacb3383621bf63977e7effad10dab5551bb6a1162c54f4e13d11a5,3866,0,0
False,202,0,202,0,11542,RIM_ONE_r3_train_N-52-R,2,0.951308531117385,1,191,0,0,191,0,11542,1,202,1,909eea16158cfb0da042e6185de8d7d0fc4998619d551a907e655c6b069be7ae,202,0,0
False,51244,0,51244,0,131311,RIM_ONE_r3_train_G-1-L,0,0.9992693066596985,1,18721,0,0,18721,0,131311,1,51244,1,ebfc3ccf8266f747a71b9dc9fd1b189622d8081858dfbdb063407f86f2d9b7fe,51244,4328,19327
False,2096,0,2096,0,6458,RIM_ONE_r3_train_G-1-L,1,0.16993448173668702,1,1190,0,0,1190,0,6458,1,2096,1,2bb25554e19b3bea66cc8a739b9e06f3e7369ed3fee4dffe3b93aef65f2199af,2096,0,0
False,223,0,223,0,9687,RIM_ONE_r3_train_G-1-L,2,0.5636094874647868,1,104,0,0,104,0,9687,1,223,1,e197cd07c307197eb569ed3c6cb51227888fbf1db92bfe1d62364bb91137871b,223,0,0
False,55332,0,55332,0,129338,RIM_ONE_r3_train_N-13-L,0,0.999371349811554,1,16613,0,0,16613,0,129338,1,55332,1,69500011c39be3063a6478c10954502840d7daae4f22aa8b50b361569f714bf4,55332,6453,24023
False,6926,0,6926,0,14432,RIM_ONE_r3_train_N-13-L,1,0.0746285429772392,1,3470,0,0,3470,0,14432,1,6926,1,5295efd1c8b97083e738aad8837c7fd5752fcf98be2fac0b858838644b2a6efc,6926,0,0
False,124,0,124,0,3686,RIM_ONE_r3_train_N-13-L,2,0.7066394229492754,1,22,0,0,22,0,3686,1,124,1,76ff893399c5c252471d8fc261c4458b6c3f6070cee3ead0c223070bc642f717,124,0,0
False,47122,0,47122,0,133194,RIM_ONE_r3_train_S-14-R,0,0.9951261281967163,1,21640,0,0,21640,0,133194,1,47122,1,4bd7917bae1925deb09a39299b7c81aec9633ed194c2891458714138e691a727,47122,3376,11608
False,1171,0,1171,0,6236,RIM_ONE_r3_train_S-14-R,1,0.6203798139166288,1,763,0,0,763,0,6236,1,1171,1,c8c927731b4b5ffc68415e3987fc192d52d2db7ed5e468a6155460091e60e335,1171,0,0
False,1279,0,1279,0,8026,RIM_ONE_r3_train_S-14-R,2,0.609018436931262,1,862,0,0,862,0,8026,1,1279,1,260cc87d336a2e1f13a971181a9cf9d38a336133492999674d528ab7ac4c4b11,1279,0,0
False,48308,0,48308,0,126084,RIM_ONE_r3_train_N-58-R,0,0.9970746040344238,1,23738,0,0,23738,0,126084,1,48308,1,4ffb97e4ce2d147613f8867472e5b76b7bdaa623ceeceb039d385e26e4de32ff,48308,3776,12559
False,3777,0,3777,0,10720,RIM_ONE_r3_train_N-58-R,1,0.10159559986689053,1,1487,0,0,1487,0,10720,1,3777,1,754146f644136906a7627303067d0287f65b519bc913ce25b74678a74e2f6dcf,3777,0,0
False,183,0,183,0,10652,RIM_ONE_r3_train_N-58-R,2,0.7488443349011391,1,142,0,0,142,0,10652,1,183,1,b5b827eb6750faa755cd8148d6d227e7544e17f67d4763e3f4af70f2c860facb,183,0,0
False,48128,0,48128,0,134241,RIM_ONE_r3_train_S-28-R,0,0.9998418092697441,1,17449,0,0,17449,0,134241,1,48128,1,a8452b7eb76949bc7a308d4a2a347d610933a69c293c72f8c9b7f8a71a9c87ad,48128,8428,35878
False,4532,0,4532,0,10943,RIM_ONE_r3_train_S-28-R,1,0.19007099873169964,1,2280,0,0,2280,0,10943,1,4532,1,cbbdc69bd8bd40924234dc6c6f14eadb0b76ef0fa771d012ef8fe32639c74b7a,4532,0,0
False,982,0,982,0,2272,RIM_ONE_r3_train_S-28-R,2,0.06356136232484512,1,247,0,0,247,0,2272,1,982,1,35ea61234ebecab078927bac493b6afa9651c9a3aea2598d3ca8a69fcde855d5,982,0,0
False,58693,0,58693,0,131222,RIM_ONE_r3_train_N-64-R,0,0.9996433257996615,1,16991,0,0,16991,0,131222,1,58693,1,208bb1abcfabc04abf79023b55b788799048704498633540165615eabff16ea8,58693,5683,30787
False,5080,0,5080,0,11386,RIM_ONE_r3_train_N-64-R,1,0.03133817811241158,1,2274,0,0,2274,0,11386,1,5080,1,c5f5f7f9059896e60791c8d84468307bbbfa9a0e9cbd28f60799deaf2fb9ffb6,5080,0,0
False,326,0,326,0,4848,RIM_ONE_r3_train_N-64-R,2,0.5884512516603775,1,153,0,0,153,0,4848,1,326,1,f61cda3d5c67f2c0bd52f7fb6c556d894c50792ad4e9ebfb955a40dbcb243580,326,0,0
False,45225,0,45225,0,136632,RIM_ONE_r3_train_G-4-L,0,0.9997729659080505,1,19515,0,0,19515,0,136632,1,45225,1,05842c242a777dcb3d0b19115bd04ed2e35230693d1a1e9b7ef98fbff58d1b19,45225,5298,20457
False,3527,0,3527,0,9044,RIM_ONE_r3_train_G-4-L,1,0.34987000789254674,1,2070,0,0,2070,0,9044,1,3527,1,72bf833a76a002e6ddc709c705138d3cd290f9f80d208c0ed8a8e14b236c1f92,3527,0,0
False,24,0,24,0,1780,RIM_ONE_r3_train_G-4-L,2,0.9883645701204126,1,24,0,0,24,0,1780,1,24,1,265635bb5fa02295409b64c70e8c0da69ccc997b6095ec5bd018304232917112,24,0,0
False,56096,0,56096,0,125806,RIM_ONE_r3_test_N-37-L,0,0.9995238780975342,1,15550,0,0,15550,0,125806,1,56096,1,d03ee4a803bba7fb8c5764a86e035f421e1ad20de32c1030085d21f2d489c819,56096,5124,26103
False,7379,0,7379,0,20680,RIM_ONE_r3_test_N-37-L,1,0.3980176637110234,1,4571,0,0,4571,0,20680,1,7379,1,be0ab67b4ab2c2ccf4834679979ee820a38d566e75dfd43c6ea75fff0f960cc0,7379,0,0
False,33,0,33,0,970,RIM_ONE_r3_test_N-37-L,2,0.6479608803992422,1,14,0,0,14,0,970,1,33,1,20d5d44d681e15eb9117456a54789c60baa5ce23a7a848da86fda92644042b21,33,0,0
False,41429,0,41429,0,111005,RIM_ONE_r3_train_N-88-R,0,0.9963865280151367,1,13065,0,0,13065,0,111005,1,41429,1,26d5d7eedf459be8e673eccc048185d29105806d774aab26d53c02de81f86892,41429,2760,9626
False,6106,0,6106,0,14458,RIM_ONE_r3_train_N-88-R,1,0.4804095191154263,1,3323,0,0,3323,0,14458,1,6106,1,0c64b741dd578d9561ad358c6a449161a33ac2b1fdbb75254aeb27430c37885c,6106,0,0
False,286,0,286,0,21993,RIM_ONE_r3_train_N-88-R,2,0.6455506469423758,1,149,0,0,149,0,21993,1,286,1,bd557f6d408b4401b0e169df8c46dfd73e43ec29bc9f273a48ab7cbd5e8ebd92,286,0,0
False,43532,0,43532,0,111360,RIM_ONE_r3_train_G-32-L,0,0.9971050620078461,1,16187,0,0,16187,0,111360,1,43532,1,a8886d2efd2ab5612aef2a2cedea9c0987a0ea725723561e8cfaa6d2eb664f13,43532,2807,8971
False,4105,0,4105,0,10313,RIM_ONE_r3_train_G-32-L,1,0.3449671202237174,1,2354,0,0,2354,0,10313,1,4105,1,2b225cef5a03ead557bf23ba01657c6a82dab41211dca82640359d94736d3f34,4105,0,0
False,29,0,29,0,25783,RIM_ONE_r3_train_G-32-L,2,0.5076408398562546,1,23,0,0,23,0,25783,1,29,1,ac340cc0032154f1a7f3f224bc7a75314ff04aff4db0bf93cc9a52d4ca8624bc,29,0,0
False,53131,0,53131,0,125046,RIM_ONE_r3_test_N-49-L,0,0.9987793889853797,1,20313,0,0,20313,0,125046,1,53131,1,52918ae8381df10c5f041203ff55a21552a6b406cda67e67ef4754e5dff9cd66,53131,4129,20572
False,7657,0,7657,0,13693,RIM_ONE_r3_test_N-49-L,1,0.0066339518245511,1,2619,0,0,2619,0,13693,1,7657,1,9a4631284333c682c7425616090655a56ea060c5d7f83c94a0f48402e273f3dc,7657,0,0
False,4,0,4,0,8717,RIM_ONE_r3_test_N-49-L,2,0.5387169297199491,1,3,0,0,3,0,8717,1,4,1,4193cb7e8268f21c23bfde7bad3b5fa072cdc74734e3ea6284762ed0c9b9431b,4,0,0
False,44932,0,44932,0,122116,RIM_ONE_r3_train_N-9-L,0,0.9993253946299657,1,16927,0,0,16927,0,122116,1,44932,1,ba67aa82723635ba07e39af08ed2e55da52917b3650545b6f61e8be7885d466f,44932,3966,17257
False,5864,0,5864,0,12336,RIM_ONE_r3_train_N-9-L,1,0.08936581675527212,1,2454,0,0,2454,0,12336,1,5864,1,14b0c61aef2a8630845661ccfd1989c13cb876149bf218e27118a6a8481755e7,5864,0,0
False,468,0,468,0,13004,RIM_ONE_r3_train_N-9-L,2,0.48576726484044735,1,142,0,0,142,0,13004,1,468,1,ca6e8195e9fa043fb88465f927fb1e2a218b2b43bb8008b9e9d497fc7b938ab9,468,0,0
False,59072,0,59072,0,123493,RIM_ONE_r3_train_G-10-L,0,0.9989873766899012,1,20385,0,0,20385,0,123493,1,59072,1,0c47a3f9b3aeebf55593eb4c1e1360019447fe50baccce1b97416a2da9262bb1,59072,3853,20240
False,5541,0,5541,0,10813,RIM_ONE_r3_train_G-10-L,1,0.004397872726943667,1,2751,0,0,2751,0,10813,1,5541,1,02b807aeba0b2e2f02d7d644158861de8470c8d9e3e50652ae587fb121174b55,5541,0,0
False,23,0,23,0,13150,RIM_ONE_r3_train_G-10-L,2,0.8375842533516623,1,18,0,0,18,0,13150,1,23,1,e1b92d555b8a38a25df443566fd4cccc03729d1a24e8cfaacba3ebd8a2cb6271,23,0,0
False,41742,0,41742,0,136981,RIM_ONE_r3_train_G-33-R,0,0.999341348157958,1,22124,0,0,22124,0,136981,1,41742,1,c7112d2acb8e12b03888d25c5b77d0fe032e74134a1410abfb8f811e4d277f2f,41742,4564,18281
False,679,0,679,0,1566,RIM_ONE_r3_train_G-33-R,1,0.043479546761744016,1,284,0,0,284,0,1566,1,679,1,4c272d55880364a5a2cc0343caef767a3603db4890f0446b0f58e24643ce4467,679,0,0
False,714,0,714,0,8909,RIM_ONE_r3_train_G-33-R,2,0.9537641486753082,1,675,0,0,675,0,8909,1,714,1,665009f099c8032b26b092a9a8cef8758ac46e7d82528197e5418884c465663f,714,0,0
False,56713,0,56713,0,130141,Drishti_GS_test_gdrishtiGS_054,0,0.9996496438980103,4,21686,0,0,21686,0,130141,1,56713,2,b9630ba64390536073dd0e0c5dd5faf16c1bf23b97c3bce9de5957f61f6940aa,56713,6858,47667
False,5773,0,5773,0,15342,Drishti_GS_test_gdrishtiGS_054,1,0.08486547731620564,1,2805,0,0,2805,0,15342,1,5773,2,d1ee17d1ef6ef072c94e7cf0a41051dacaffc0197ee7ae7070ce28b6463a32b1,5773,0,0
False,37,0,37,0,1973,Drishti_GS_test_gdrishtiGS_054,2,0.8635952525529802,1,36,0,0,36,0,1973,1,37,2,b176ea4047b273de372c80d82650904000a68703612ec328aecf1eaf448e2d50,37,0,0
False,51122,0,51122,0,125908,Drishti_GS_test_gdrishtiGS_029,0,0.9998604869833284,1,19248,0,0,19248,0,125908,1,51122,2,4da89d5a5d3f023f856f5b89a67ec95ea1a805cd706617687a8cdc51ffff7cb3,51122,7796,53940
False,7884,0,7884,0,20252,Drishti_GS_test_gdrishtiGS_029,1,0.19135910672703907,1,4031,0,0,4031,0,20252,1,7884,2,2b4c29b91e68667fadea7a68f2ee0d4553d43df7e671978678297c5125645dd2,7884,0,0
False,46,0,46,0,1296,Drishti_GS_test_gdrishtiGS_029,2,0.7764571960926513,1,30,0,0,30,0,1296,1,46,2,908a1dd486453d393717e4756ddc45806e31c3998adaee82d64befb01ef3732e,46,0,0
False,51911,0,51911,0,125265,Drishti_GS_train_gdrishtiGS_012,0,0.9998646974563599,9,18037,0,0,18037,0,125265,1,51911,2,039fa99102d90af0240b63d03bfb2e0831a4605fb05e6c971d71b7fb7c62a364,51911,7283,58905
False,3693,0,3693,0,10629,Drishti_GS_train_gdrishtiGS_012,1,0.007622898293444873,1,1892,0,0,1892,0,10629,1,3693,2,de95fe6b63b04646387292151409e2fc4622ef853648ecfb4faf21c19f26a9ae,3693,0,0
False,104,0,104,0,11562,Drishti_GS_train_gdrishtiGS_012,2,0.8833256989128377,1,88,0,0,88,0,11562,1,104,2,3fd33c0764d47ff4486d3905ca9e7d317a5bf522ec455e9716ecc97d77d8f78c,104,0,0
False,64150,0,64150,0,128274,Drishti_GS_train_gdrishtiGS_058,0,0.9996353387832639,1,21117,0,0,21117,0,128274,1,64150,2,fa7c6a84ee04d67ce6a1baa06703df8a96f1ae19e470424938f95702b9c7ff29,64150,6999,50084
False,5361,0,5361,0,11807,Drishti_GS_train_gdrishtiGS_058,1,0.04465041267468249,1,2515,0,0,2515,0,11807,1,5361,2,607adf59c2bce85236c547c3698a80285e69b8c4a9698bf56b4fa786bba4d85a,5361,0,0
False,1009,0,1009,0,7375,Drishti_GS_train_gdrishtiGS_058,2,0.7618062809020529,1,527,0,0,527,0,7375,1,1009,2,e29fed5a57b6420b661f024c02b5526f5a177c30a65d547979e1a669d1aa5c9a,1009,0,0
False,53942,0,53942,0,130989,Drishti_GS_test_ndrishtiGS_096,0,0.9999206066131592,9,15389,0,0,15389,0,130989,1,53942,2,d855865afefe7c9ee9c87194386e3703ffd6a44fda70b8667cade8b3a79571aa,53942,4766,46785
False,3073,0,3073,0,11236,Drishti_GS_test_ndrishtiGS_096,1,0.6420970176731084,1,1574,0,0,1574,0,11236,1,3073,2,ee456a7db5fb98d458445e9818a1801718a85789b87679db5cba2243aa769d1d,3073,0,0
False,0,0,0,0,5231,Drishti_GS_test_ndrishtiGS_096,2,,0,0,0,0,0,0,5231,1,0,2,c958a98cdd43792af332f80449a810dacc611e4f081075a26e2e06be93c4f2ee,0,0,0
False,56059,0,56059,0,131574,Drishti_GS_train_gdrishtiGS_088,0,0.999902606010437,5,15650,0,0,15650,0,131574,1,56059,2,da0cbc5e097e30695ad6985ad1779522f850f46e83d94431fae38558f7a434b5,56059,6214,55010
False,6100,0,6100,0,14835,Drishti_GS_train_gdrishtiGS_088,1,0.04928732536242291,1,3187,0,0,3187,0,14835,1,6100,2,d3227d7c23ef90906af63398df40baf8aa5212b84a8c56becfa4cc665abde24d,6100,0,0
False,39,0,39,0,1047,Drishti_GS_train_gdrishtiGS_088,2,0.48922066525516317,1,18,0,0,18,0,1047,1,39,2,d6d1385aebd8987aad95989d59681d4f84d60cfe7dc51dce396f0f9977d0814f,39,0,0
False,45721,0,45721,0,122960,Drishti_GS_test_ndrishtiGS_072,0,0.9998776912689209,5,14197,0,0,14197,0,122960,1,45721,2,00286cf11e4df2de5c34ca7214423654e001f3b98a140c0d4321afbe418e9cf2,45721,5475,41143
False,6330,0,6330,0,13927,Drishti_GS_test_ndrishtiGS_072,1,0.5505264641350279,1,3141,0,0,3141,0,13927,1,6330,2,da34f9015a42c74957067e141a96c92f51fd3c6e73cde4746582393d6ea45cca,6330,0,0
False,0,0,0,0,10569,Drishti_GS_test_ndrishtiGS_072,2,,0,0,0,0,0,0,10569,1,0,2,1dfb877b5a134c5f3d472f3e04947ec7716438b0dbf5ec03d8944c7a3b6103a0,0,0,0
False,40611,0,40611,0,115929,Drishti_GS_train_gdrishtiGS_032,0,0.9999586343765259,20,11746,0,0,11746,0,115929,1,40611,2,fc46ef3d719d28a0a68f88fd528a90ec58edad7e5e114c1d6243360f6e61b77b,40611,4630,51091
False,2763,0,2763,0,11333,Drishti_GS_train_gdrishtiGS_032,1,0.887029278203475,1,2199,0,0,2199,0,11333,1,2763,2,035384ebb064980181f133f63aa8123fc5be080bfe5f30d8c11cec82f35146c4,2763,0,0
False,164,0,164,0,20194,Drishti_GS_train_gdrishtiGS_032,2,0.9421051803286922,1,164,0,0,164,0,20194,1,164,2,a626b3d60a214f48f651a4c2a23cbf1f5578c6957012d78e4b72ab06e785b52c,164,0,0
False,53444,0,53444,0,126300,Drishti_GS_test_gdrishtiGS_006,0,0.9982458353042603,1,15933,0,0,15933,0,126300,1,53444,2,b7f747baaf196c25965a17edde92ef8347e61d339b971cab3a3eaad43403fb10,53444,4996,31126
False,6860,0,6860,0,20252,Drishti_GS_test_gdrishtiGS_006,1,0.17468887229045754,1,4114,0,0,4114,0,20252,1,6860,2,9f0c25ef338bd1e39da0babe05e0f2aa79fcef24d4a6d28e72f5059e7e9c858a,6860,0,0
False,116,0,116,0,904,Drishti_GS_test_gdrishtiGS_006,2,0.6867137582132,1,28,0,0,28,0,904,1,116,2,20a47697b84727f07432e2ca7ffbd689bdaa6cd6f7a7568208832c99e35fc3ee,116,0,0
False,58774,0,58774,0,121153,Drishti_GS_train_gdrishtiGS_022,0,0.9990560412406921,1,14691,0,0,14691,0,121153,1,58774,2,093b52e6e5b6901e4f30c4f612ac38c9d53cc7ce6c927a646d8e4fcd35bed044,58774,4958,35154
False,7029,0,7029,0,25466,Drishti_GS_train_gdrishtiGS_022,1,0.014338765767032914,1,3513,0,0,3513,0,25466,1,7029,2,907218c4b6487cb146d62d8ed71b16742108f81c37e6550fdcfb2fcaa2b208be,7029,0,0
False,0,0,0,0,837,Drishti_GS_train_gdrishtiGS_022,2,,0,0,0,0,0,0,837,1,0,2,a1b250271192a3713d1609639bda8d8f6bb2840c7e339473b88a0bc2a1449b60,0,0,0
False,52990,0,52990,0,122074,Drishti_GS_train_ndrishtiGS_098,0,0.9999592304229736,33,27768,0,0,27768,0,122074,1,52990,2,49cf684a9b5557cffecfb850cb56eff7ddb75c228d54217fc499a78de6caa68b,52990,6244,70624
False,12646,0,12646,0,23469,Drishti_GS_train_ndrishtiGS_098,1,0.08349587190789295,1,5748,0,0,5748,0,23469,1,12646,2,2e7c2c8a5a0cc2089a5daff72ec1d8d9af98596e343e977e57aea24e8de6991b,12646,0,0
False,537,0,537,0,1913,Drishti_GS_train_ndrishtiGS_098,2,0.45801269018602225,1,252,0,0,252,0,1913,1,537,2,debd84bff38194bbda499863adb99aadacc43b0aa8d642c5c9326e661d6387ab,537,0,0
False,44738,0,44738,0,128504,Drishti_GS_train_gdrishtiGS_063,0,0.9999784231185913,48,23768,0,0,23768,0,128504,1,44738,2,b9410317b0c187c817e1e177310399330a8ef4d3ca36a64c80d9d19c60016dbd,44738,7516,76048
False,7708,0,7708,0,15346,Drishti_GS_train_gdrishtiGS_063,1,0.016592431206543617,1,3430,0,0,3430,0,15346,1,7708,2,53412299caabc23c90a6e9b2fbe4c92f040127288b72e11cbf26745311e32099,7708,0,0
False,649,0,649,0,3606,Drishti_GS_train_gdrishtiGS_063,2,0.8554575529457643,1,492,0,0,492,0,3606,1,649,2,f4b18a7692e1a34b3ba52d430e66475ea5adf7b48052484d98083cdcf384df59,649,0,0
False,52212,0,52212,0,122906,Drishti_GS_train_ndrishtiGS_092,0,0.9997372031122036,1,18520,0,0,18520,0,122906,1,52212,2,c20c3ec591ae627f2255a3003b2eca3f306736d1160a49f0174c217ab6a6f078,52212,5746,43426
False,9276,0,9276,0,21487,Drishti_GS_train_ndrishtiGS_092,1,0.18593641737280844,1,4731,0,0,4731,0,21487,1,9276,2,d90c1711ae5209e6cff607f1c51452e7471f2acafa6480874e5df8665369eb70,9276,0,0
False,18,0,18,0,3063,Drishti_GS_train_ndrishtiGS_092,2,0.9830700891151593,1,18,0,0,18,0,3063,1,18,2,3b64c7e0f2e2933fdfdfd144a96930c5461a87b4eb6d8463747ec8f6d1eba3af,18,0,0
False,41299,0,41299,0,121598,Drishti_GS_test_gdrishtiGS_055,0,0.9998304843902539,1,18511,0,0,18511,0,121598,1,41299,2,6bb5491b03b2854ad458cbc5dab8592a6a88d301d82b7290d1a9d9f4ae202534,41299,7120,45187
False,4322,0,4322,0,15386,Drishti_GS_test_gdrishtiGS_055,1,0.030270594203842784,1,2266,0,0,2266,0,15386,1,4322,2,0dc2228df08d2b77b493f31177280059f825b1a05261f35fc6ffb27041e7b544,4322,0,0
False,13,0,13,0,10472,Drishti_GS_test_gdrishtiGS_055,2,0.8467701645221556,1,13,0,0,13,0,10472,1,13,2,459835d78a28fe1e7ca6ae6f8709b5c3fd04c7e7b7fc79c54bcb9823e255eedc,13,0,0
False,49719,0,49719,0,128798,Drishti_GS_test_gdrishtiGS_071,0,0.9998716115941223,1,20916,0,0,20916,0,128798,1,49719,2,7fec38a3c13e6321b8953acd8dce1910cf6db46d2daecbc235143cb31b7f3d8e,49719,8421,58003
False,6851,0,6851,0,17278,Drishti_GS_test_gdrishtiGS_071,1,0.04088498071114243,1,3203,0,0,3203,0,17278,1,6851,2,b93f423dfb5aefa14c4ae5e2b0d7f53a487e139f022b9674f1371508f9757f28,6851,0,0
False,6,0,6,0,1380,Drishti_GS_test_gdrishtiGS_071,2,0.8864985692601214,1,6,0,0,6,0,1380,1,6,2,9602795d5d20e6da538a6ff5c4f742bd65c0038660b39079304aa7a8603ae5ef,6,0,0
False,55877,0,55877,0,123774,Drishti_GS_test_gdrishtiGS_067,0,0.9998929500579834,6,17592,0,0,17592,0,123774,1,55877,2,0ec8614c84567f2dcea4006386e2f836a114154262db3102daeeeda56ccd212a,55877,6173,57369
False,8821,0,8821,0,22697,Drishti_GS_test_gdrishtiGS_067,1,0.07544366774229354,1,3932,0,0,3932,0,22697,1,8821,2,d51ff09103b472ea6a9087f257891887e158cd35ab8288897604096f1c9811f4,8821,0,0
False,45,0,45,0,985,Drishti_GS_test_gdrishtiGS_067,2,0.8455397837597872,1,27,0,0,27,0,985,1,45,2,a0554de3ea0713f84609400da40ffba850a41054ba893b38efbb5fb27b295af5,45,0,0
False,24212,0,24212,0,142107,REFUGE_train_n0319,0,0.9999054670333862,5,8593,0,0,8593,0,142107,2,24212,0,00cc700ab322a48cd37a56ec33d03bf971aa8e7cde1efc48c9687f4106be53e9,24212,1989,24179
False,20,0,20,0,2454,REFUGE_train_n0319,1,0.9994685657408402,1,20,0,0,20,0,2454,2,20,0,e98ad2f2d7d91b26aaf3d6d06b4312f7d4f1d5b0c57f5bc49a21a1932e5d7a9c,20,0,0
False,575,0,575,0,2895,REFUGE_train_n0319,2,0.9772882851729551,1,418,0,0,418,0,2895,2,575,0,c33658951cff264c059b77f9921a504ae92a631492d9c02513c68e60f15f7d90,575,0,0
False,29310,0,29310,0,141343,REFUGE_train_n0096,0,0.9997616410255432,4,18655,0,0,18655,13,141356,2,29310,0,6fdd8e46647defebd4b2e1b129a71120cf107fc62e1b205d795dec188ee08a60,29310,6838,28330
False,40,0,40,0,3436,REFUGE_train_n0096,1,0.9993572582014831,1,40,0,0,40,0,3436,2,40,0,40daa9e61e7d46a7335f753c6523f50183678450126312ddef66c88a8c7b569e,40,0,0
False,529,0,529,0,2664,REFUGE_train_n0096,2,0.9731470513165758,1,294,0,0,294,0,2664,2,529,0,d5a755782b2331e10d79a7e587057f0b896ad5df487465f540f76519c8c5f04c,529,0,0
False,44210,0,44210,0,137944,REFUGE_train_n0084,0,0.9974086880683899,1,24988,0,0,24988,0,137944,2,44210,0,f0492295dee53c27465a789d81d99e1505e00c2d8de62e147bf6fc7a2e329fbe,44210,6928,17046
False,132,0,132,0,5997,REFUGE_train_n0084,1,0.9976510571122302,1,132,0,0,132,0,5997,2,132,0,52d76409f33b16fda20a8dcd2feda64d1d16289fd7b5d2b42763bb06ca353e72,132,0,0
False,273,0,273,0,3515,REFUGE_train_n0084,2,0.9906040836072773,1,180,0,0,180,0,3515,2,273,0,3f7426388f9fd062a9094a3724b900a5d3844eb504fea855e62d45dfc2f8559d,273,0,0
False,29285,0,29285,0,134434,REFUGE_train_n0246,0,0.9993933439254761,2,11570,0,0,11570,0,134434,2,29285,0,5db5597f994af65994090e566ff0c447c56deb5a3f4d135d27a1065718866f9e,29285,6592,28777
False,144,0,144,0,8262,REFUGE_train_n0246,1,0.9985161423683167,1,144,0,0,144,0,8262,2,144,0,fbfabcbd53cc660caf598960c90368786f95eaba8c03963613670425987b15d4,144,0,0
False,852,0,852,0,4760,REFUGE_train_n0246,2,0.9327323190410193,1,589,0,0,589,0,4760,2,852,0,b6c9886da8c390aec7bfcef3088bb4b113df2fd85802e6e495861ae5823ce959,852,0,0
False,39252,0,39252,0,126654,REFUGE_train_n0060,0,0.999953031539917,7,9238,0,0,9238,0,126654,2,39252,0,7fa40f63e1e6ea8315a11e7bdd561375e817effc6af0993bbeb28379d67ca993,39252,1953,41443
False,277,0,277,0,16868,REFUGE_train_n0060,1,0.9999052286148071,1,277,0,0,277,0,16868,2,277,0,d392780983f8dc3eb38d2557c7f282f189033333eb50fedfc547923028862b5e,277,5,10
False,103,0,103,0,3934,REFUGE_train_n0060,2,0.9870174762925097,1,102,0,0,102,0,3934,2,103,0,8accb4dab90ae4ce8489e1a51e0d671665d4446150557f3999bc1e9e2156b5b5,103,0,0
False,39618,0,39618,0,132075,REFUGE_test_n0313,0,0.9999594688415514,2,11205,0,0,11205,0,132075,2,39618,0,80492b1471e4044136f59e154888cc978335323bcf7ef76807673180a35268a3,39618,2178,44233
False,347,0,347,0,11432,REFUGE_test_n0313,1,0.9994714255690882,1,347,0,0,347,0,11432,2,347,0,ba073653eff6b62bc27c9a54c7c761e4c7e6fe8d1af233c29fa34112240e9821,347,0,0
False,224,0,224,0,3949,REFUGE_test_n0313,2,0.9631519720978966,1,190,0,0,190,0,3949,2,224,0,17fcd47cf6bc5e6fbfa887616ed8b04a60fa4c3703493569a0d95bace222438f,224,0,0
False,39850,0,39850,0,103706,REFUGE_test_n0250,0,0.9993211027825291,1,9549,0,0,9549,0,103706,2,39850,0,23d89a06b637294755c4e614947b098eb401f748666c938a7c972a53dfe984db,39850,2652,33622
False,283,0,283,0,26905,REFUGE_test_n0250,1,0.9999282360076902,1,283,0,0,283,0,26905,2,283,0,a97fecd0516bfacdec68856f846ab29908190c2f5ab85d658c773e7086408e33,283,18,37
False,767,0,767,0,16845,REFUGE_test_n0250,2,0.9929829916525496,1,716,0,0,716,0,16845,2,767,0,778fb7eec85d2349352100c57531bcae5e849274cef66ff107c52e02faa87ad2,767,0,0
False,32793,0,32793,0,108506,REFUGE_train_n0231,0,0.9966365098953247,1,11240,0,0,11240,0,108506,2,32793,0,30a475186978f4a0b0b6ebf549a2e90d5e3f5b80ce84efebbdca2cbddfb7a2ee,32793,1241,22206
False,43,0,43,0,20231,REFUGE_train_n0231,1,0.9999721228080739,1,43,0,0,43,0,20231,2,43,0,abc4beacfd639865a2623342707a252c207d346f0d47005a906d9048ec76e483,43,9,18
False,944,0,944,0,18719,REFUGE_train_n0231,2,0.9787048683213769,1,730,0,0,730,0,18719,2,944,0,aa7f8157aa7f9c19cfc8b303cd47e65fefb8d24031be41b69e849869b773bcf3,944,0,0
False,33815,0,33815,0,139098,REFUGE_train_n0142,0,0.9995699404683204,1,16513,0,0,16513,0,139098,2,33815,0,59e09c2838516855a38adf3279659fc0172cb8328754e1006f73c852df78b4ac,33815,7564,34990
False,20,0,20,0,6841,REFUGE_train_n0142,1,0.999950563591549,1,20,0,0,20,0,6841,2,20,0,fce2174791ccfe97f16db0711478664db76218ea37ede87d6d7a5952ff0ee0e4,20,1,2
False,1,0,1,0,1517,REFUGE_train_n0142,2,0.9972839193775781,1,1,0,0,1,0,1517,2,1,0,c2ec1ca55d2125a69ffa7685ea785aa714847ca527224dd697d135c9fe188d60,1,0,0
False,32191,0,32191,0,118836,REFUGE_train_n0324,0,0.9999135690073885,1,7103,0,0,7103,0,118836,2,32191,0,196b2b0208b46529cc8e1c2c9f8838f4b9ca86b18497fb5fdb3dafec8bdffceb,32191,2301,35156
False,223,0,223,0,22150,REFUGE_train_n0324,1,0.99994957447052,1,223,0,0,223,0,22150,2,223,0,58079e44e8d276294415128d13cb5a135cfddb37c0b8d2737ac13a7a340b17f0,223,12,25
False,11,0,11,0,6470,REFUGE_train_n0324,2,0.9901775726108077,1,11,0,0,11,0,6470,2,11,0,eea34638c2939124d489af9466550c9ce80404b900ccff33e2b617bfc794d4fb,11,0,0
False,47669,0,47669,0,132367,REFUGE_train_n0119,0,0.9999311010043753,1,20481,0,0,20481,0,132367,2,47669,0,0e9a88ab7cbeaf938677d18988c779fa02f078522d2fcde09d328d7c817be2a8,47669,3433,45241
False,409,0,409,0,8538,REFUGE_train_n0119,1,0.9936587255478757,1,407,0,0,407,0,8538,2,409,0,1f37dfa9f005e1ceaf65577f08668d25445b59d869431f0b1fb88b23645d7771,409,0,0
False,1111,0,1111,0,6551,REFUGE_train_n0119,2,0.9981326230054414,1,1041,0,0,1041,0,6551,2,1111,0,ed7be784cbc583f14d0463a3696a003d3d211ada4ae40e489a6b76d1197bda41,1111,0,0
False,37436,0,37436,0,135860,REFUGE_train_n0215,0,0.9999247789382935,18,18539,0,0,18539,0,135860,2,37436,0,c31717f6236de861570d2c2e3d514f4de07bf92614c36454d65181e912902581,37436,4759,42216
False,128,0,128,0,7436,REFUGE_train_n0215,1,0.9997186062962375,1,128,0,0,128,0,7436,2,128,0,2d187455b17d3b6912378ee273c99911ffb8993a7cea255cb52377a03b7ed773,128,0,0
False,713,0,713,0,4160,REFUGE_train_n0215,2,0.9997962260056752,1,622,0,0,622,0,4160,2,713,0,2cd3c7ef4f79d697d2e64cafe6e9fa2b008d0e90207a3cbc6664e8b8c5b4d4da,713,0,0
False,30333,0,30333,0,113117,REFUGE_train_n0156,0,0.9951634407034483,1,11011,0,0,11011,0,113117,2,30333,0,7d22fd97bab3610b5327c094a804c2eeace53ed4aabc33cf19f30d83ae39a473,30333,1007,19496
False,308,0,308,0,11210,REFUGE_train_n0156,1,0.9992213525987371,1,308,0,0,308,0,11210,2,308,0,00c5f9b0980d91fa4df88cbc9a90bcfab553969579d2c75729b67a28b22a6105,308,0,0
False,1314,0,1314,0,23129,REFUGE_train_n0156,2,0.9911407106977369,1,1048,0,0,1048,0,23129,2,1314,0,738914730f5200a92186ac092e5441cd7728f995b31f47cc56b923536c6fd55d,1314,0,0
False,28267,0,28267,0,121210,REFUGE_train_n0089,0,0.9985192418075416,1,14079,0,0,14079,8,121218,2,28267,0,c51853f393d550798a573b1fcf15b2e9a1f1fe5f21c04e4171dcf4ba6ca65a56,28267,4676,18812
False,47,0,47,0,7952,REFUGE_train_n0089,1,0.9998857975006104,1,47,0,0,47,0,7952,2,47,0,0f52fa389e68dae0fb00d1d79c71425da954fb92a2097630250b68535d083c8c,47,0,0
False,349,0,349,0,18286,REFUGE_train_n0089,2,0.9985371450012568,1,314,0,0,314,0,18286,2,349,0,2d7487def6db37104da0cecfe58fa9dc1a799aa79cceda50f5b134b929b360f8,349,0,0
False,37670,0,37670,0,137287,REFUGE_train_n0224,0,0.9997043892273404,1,19137,0,0,19137,0,137287,2,37670,0,4779cb1b039bad7e942e705405de69491a2bee6ba3c74d6f2bb26fce25cecc70,37670,5105,24917
False,71,0,71,0,9138,REFUGE_train_n0224,1,0.9993605011336203,1,71,0,0,71,0,9138,2,71,0,9e1482a7e2107bc19f61f684bb4a3302bf53181486e0443d50c5d02ad93300ba,71,2,4
False,1,0,1,0,1031,REFUGE_train_n0224,2,0.991524251759211,1,1,0,0,1,0,1031,2,1,0,e4734913f9e492524fce4283aaeb809791cd03a73bd5571c79a6919bfa97e6d7,1,0,0
False,38224,0,38224,0,131184,REFUGE_train_n0068,0,0.9997853637780568,1,11336,0,0,11336,0,131184,2,38224,0,5d6c897163e6189384d7e2d5b7f591fe3fcc8d0346df65578435bc40e82c9270,38224,1818,32861
False,111,0,111,0,14358,REFUGE_train_n0068,1,0.9999582716911725,1,111,0,0,111,0,14358,2,111,0,86ee36971fe0a911313e6d4c7032b78215faa76248d927dd2b2b74a15e3f45ac,111,1,2
False,5,0,5,0,1914,REFUGE_train_n0068,2,0.9980803994894841,1,5,0,0,5,0,1914,2,5,0,818f75184942a9797b03583cb435c11d1cc55da5badfee0813214451890cec79,5,0,0
False,47792,0,47792,0,141613,RIM_ONE_r3_train_S-21-R,0,0.9999431371688843,19,29382,0,0,29382,0,141613,2,47792,1,65e0f373a342edaf43b83d3787d18d320290011b6ccc7d4d2b7d371f61a42268,47792,4024,45764
False,126,0,126,0,4951,RIM_ONE_r3_train_S-21-R,1,0.9988893865213407,1,126,0,0,126,0,4951,2,126,1,dbb6a3ce20c614441f96899af033d923a2bbfe32b3134ea405ec7cd770d23593,126,0,0
False,153,0,153,0,892,RIM_ONE_r3_train_S-21-R,2,0.29600724079919005,1,86,0,0,86,0,892,2,153,1,cc08acd4a191e2d25c677cd6ac83524f064de9b87a01d630f4ae495c8130e813,153,0,0
False,39079,0,39079,0,125607,RIM_ONE_r3_train_G-21-R,0,0.999982118606529,1,22880,0,0,22880,0,125607,2,39079,1,45ca952b990b1c82ae7c4d880a8935c1829c83e2622a6a82102d1687a3c16b17,39079,2842,56577
False,2416,0,2416,0,20717,RIM_ONE_r3_train_G-21-R,1,0.9443678258261068,1,1917,0,0,1917,0,20717,2,2416,1,7f68c496efbe8375aae42ec70f8f858a1b63d7e2546ccb44d3f9c7457da2412c,2416,0,0
False,103,0,103,0,1132,RIM_ONE_r3_train_G-21-R,2,0.6394023120833068,1,79,0,0,79,0,1132,2,103,1,643d672aeaaaccdd2d952bdd7f35077055b92871c8df360e9a26ed701d1afc65,103,0,0
False,40860,0,40860,0,118615,RIM_ONE_r3_train_G-36-R,0,0.9998277425765991,10,20353,0,0,20353,0,118615,2,40860,1,39ba738ff5c0b3a5e2661f667ad267830d99797f4281669930500ebf122b02d6,40860,7414,39080
False,3038,0,3038,0,22151,RIM_ONE_r3_train_G-36-R,1,0.9587967928723924,1,2512,0,0,2512,0,22151,2,3038,1,f6f833ec7a8f45060dd0ff32dd4712de61ac268f5167a3e34722c70e1a45064f,3038,0,0
False,1692,0,1692,0,6690,RIM_ONE_r3_train_G-36-R,2,0.7185519856843771,1,402,0,0,402,0,6690,2,1692,1,8b345a5396817f0d03f46a8693477126a20b6e0859489889fc94e9a3cffe77f7,1692,0,0
False,49920,0,49920,0,134921,RIM_ONE_r3_train_G-11-R,0,0.9995296001434326,2,29386,0,0,29386,0,134921,2,49920,1,3f1b6c3fccc763d23d3954c835c70b53c2d9eb71adb8160ae41cb9c60e95a645,49920,7053,31829
False,298,0,298,0,6610,RIM_ONE_r3_train_G-11-R,1,0.9880133191220324,1,296,0,0,296,0,6610,2,298,1,579a7df75cf51e95fb723dcab7ff58226100ee56b8d74414741852aa65a0147f,298,0,0
False,2902,0,2902,0,5925,RIM_ONE_r3_train_G-11-R,2,0.8508397938404034,1,976,0,0,976,0,5925,2,2902,1,84baf49e4db76da4bf35f07d4347b022e3f078799701c1dae1c28488f2dd1e59,2902,0,0
False,51550,0,51550,0,134483,RIM_ONE_r3_test_N-28-R,0,0.9999055862426758,16,27358,0,0,27358,0,134483,2,51550,1,82a74033ad7a077de722e303e8406c67f151bfdb04ff95b9f3c63d44e4f0a52b,51550,5159,39815
False,155,0,155,0,5602,RIM_ONE_r3_test_N-28-R,1,0.9940806726958933,1,154,0,0,154,0,5602,2,155,1,0380ab0d57feb5e5cd43f83ff5d7460438b89ede253f6863af3573ccc23091f5,155,0,0
False,3662,0,3662,0,7371,RIM_ONE_r3_test_N-28-R,2,0.7099140745517056,1,711,0,0,711,0,7371,2,3662,1,8e79c453f844e6dba7fb8295c6f9704c4f8b92346dc953bf45bd3e473e141f07,3662,0,0
False,47728,0,47728,0,132196,RIM_ONE_r3_train_G-17-L,0,0.9999574422836304,22,31843,0,0,31843,0,132196,2,47728,1,ee4531b309469f070050e9901171ab895361ee8fe07df17b9d760ccad3f1fd7e,47728,3133,41087
False,211,0,211,0,5315,RIM_ONE_r3_train_G-17-L,1,0.9444066618954922,1,207,0,0,207,0,5315,2,211,1,4e4ae20fb8e89dee33553a81cae2f4b0bfd99b2bcd0661ae5ef3be1d52ef2576,211,0,0
False,5916,0,5916,0,9945,RIM_ONE_r3_train_G-17-L,2,0.3016544970173378,1,1427,0,0,1427,0,9945,2,5916,1,2eb00141365aac2513f7cf07c064de551fd456806ab1e588b48b78e4e8147ab5,5916,0,0
False,56694,0,56694,0,131778,RIM_ONE_r3_test_S-31-L,0,0.999269186716437,1,26929,0,0,26929,0,131778,2,56694,1,b3a3f8fda552e2f486622d4d458000a873f0442b4c550546549108294da4a76c,56694,6497,22982
False,464,0,464,0,7043,RIM_ONE_r3_test_S-31-L,1,0.9947433807668639,1,456,0,0,456,0,7043,2,464,1,041fcdc56a2bcdb95c59b6d9fa08e0b223af65dc576549331171f871f2069aff,464,0,0
False,4340,0,4340,0,8635,RIM_ONE_r3_test_S-31-L,2,0.8193424662835531,1,825,0,0,825,0,8635,2,4340,1,761dac224217a66a13c12b1f82816c16eb5a49f89413e2a5fc651ae753f0bb84,4340,0,0
False,51734,0,51734,0,129821,RIM_ONE_r3_train_N-26-R,0,0.999643087387085,1,25068,0,0,25068,0,129821,2,51734,1,72ef080f706b459aa2995e54de5baecce6c1d562e0cc795014163537eebf4cfd,51734,7341,32973
False,551,0,551,0,8485,RIM_ONE_r3_train_N-26-R,1,0.9936201854500151,1,543,0,0,543,0,8485,2,551,1,63594dfffaccaa6ebc9c9e15f7970251ac74cfa9a8b76061c55c4ffaad615d74,551,0,0
False,4015,0,4015,0,9150,RIM_ONE_r3_train_N-26-R,2,0.6971978694926451,1,1417,0,0,1417,0,9150,2,4015,1,fb40ddfb8d1763964a95b9690699f34149bbdd84b90a846d931c49d21dd08b97,4015,0,0
False,55331,0,55331,0,135663,RIM_ONE_r3_train_S-12-L,0,0.9998478889465332,10,26797,0,0,26797,0,135663,2,55331,1,c65da0f38a0490ad79f721b3d0f10631d0bf83bb75aecd4cd092b560a3ccfe26,55331,5563,39909
False,361,0,361,0,5189,RIM_ONE_r3_train_S-12-L,1,0.9958876872437595,1,352,0,0,352,0,5189,2,361,1,f9e1b1c9f44c96376bdb1e817b1e9c6232e831e4005442867260a66f0a7251ad,361,0,0
False,2743,0,2743,0,6604,RIM_ONE_r3_train_S-12-L,2,0.77757988521845,1,744,0,0,744,0,6604,2,2743,1,1c22cfb0a5661f7bd21299e1db17a0ef7b22fbfeaefeeda158ae78b6de79db19,2743,0,0
False,47229,0,47229,0,133990,RIM_ONE_r3_test_S-2-L,0,0.9998278044544902,1,24229,0,0,24229,0,133990,2,47229,1,3edda2375fbe415defa26c014f04f73155728cea78c00d44966dc42f4bfce665,47229,5785,29123
False,412,0,412,0,7381,RIM_ONE_r3_test_S-2-L,1,0.9848259685986225,1,404,0,0,404,0,7381,2,412,1,4f13709a18e9423ecdd09c709c5e85f8163e1b6062433f43c9f8d3d20f55c844,412,0,0
False,3484,0,3484,0,6085,RIM_ONE_r3_test_S-2-L,2,0.7688468052521571,1,350,0,0,350,0,6085,2,3484,1,586f1a4be61c06f93af82a8ed4b9c27c526d79be91e8dfa6dcb8efd37d94b09a,3484,0,0
False,48289,0,48289,0,133863,RIM_ONE_r3_test_N-47-L,0,0.9998168349266052,15,27310,0,0,27310,0,133863,2,48289,1,0d098bafa6dd32bd9bb0956fa883b11b3a563c9b1c00bb14c5cf464f2086d688,48289,7058,47208
False,515,0,515,0,7666,RIM_ONE_r3_test_N-47-L,1,0.9728557990538427,1,492,0,0,492,0,7666,2,515,1,6c94168facdf9833dbcaeb5f81a65af51532e6c17b2960fa5c628e6822bd69fe,515,0,0
False,1257,0,1257,0,5927,RIM_ONE_r3_test_N-47-L,2,0.5797839624570819,1,964,0,0,964,0,5927,2,1257,1,1e4433fcd33c72e3cabceb5948dd6a47042abea31e98af7279ac7c7e238d10d2,1257,0,0
False,42571,0,42571,0,124469,RIM_ONE_r3_train_G-37-R,0,0.999879002571106,12,22424,0,0,22424,0,124469,2,42571,1,f8e7f3c31304eb874b5ab36839750fe1fe0449c9bd92619327450a0274526472,42571,6659,43262
False,1291,0,1291,0,17169,RIM_ONE_r3_train_G-37-R,1,0.9831474982312841,1,961,0,0,961,0,17169,2,1291,1,2ecbc9aabf30f9e6120e510160939602279d135ea3f7872a4d03eab17366ef9e,1291,0,0
False,3261,0,3261,0,5818,RIM_ONE_r3_train_G-37-R,2,0.7656932483039048,1,577,0,0,577,0,5818,2,3261,1,4f93da3d450975bab30613e23d0fb6c7a573033eea0385ada5264855aca5ec0a,3261,0,0
False,51181,0,51181,0,140369,RIM_ONE_r3_test_G-22-L,0,0.9999125003814697,12,31186,0,0,31186,0,140369,2,51181,1,116d8781d7ecd1e8857f617e4b8a15f2b6b88a1721be11707be9270826d6292e,51181,3469,36746
False,407,0,407,0,5653,RIM_ONE_r3_test_G-22-L,1,0.9657113204971942,1,348,0,0,348,0,5653,2,407,1,6ddb4f26469452997a1cfb52ccbe15b78f049dfeba511485626aafe5b18e8a2b,407,0,0
False,170,0,170,0,1434,RIM_ONE_r3_test_G-22-L,2,0.6959736848517978,1,78,0,0,78,0,1434,2,170,1,510e83c73c869f51565f721793c5504b937b437b4364a17737a321bc98f23524,170,0,0
False,51705,0,51705,0,141317,RIM_ONE_r3_train_N-56-R,0,0.9998806715011597,10,29824,0,0,29824,0,141317,2,51705,1,c9c8862e6b03aa9b61054502379120ed87a1fd63554f9bb16a02b3b403eeb61f,51705,4648,39433
False,191,0,191,0,4204,RIM_ONE_r3_train_N-56-R,1,0.9964765903142452,1,190,0,0,190,0,4204,2,191,1,3145b2ee6aa4e2f866aa93a6390191737d31e9f087c120dace607c8c2ca76842,191,0,0
False,506,0,506,0,1935,RIM_ONE_r3_train_N-56-R,2,0.6608593985072451,1,234,0,0,234,0,1935,2,506,1,6f0ff32c2d9047d45eb899988b87d77618527833a690af782013f77f421b6014,506,0,0
False,32688,0,32688,0,121676,RIM_ONE_r3_train_N-85-L,0,0.9999957084520711,1,25185,0,0,25185,0,121676,2,32688,1,97f37d760be3e1776a0c76aee37f3de4ddb02de3d3543019966cd10d7773fc56,32688,1796,46287
False,3243,0,3243,0,21413,RIM_ONE_r3_train_N-85-L,1,0.947649781526997,1,2729,0,0,2729,0,21413,2,3243,1,79b93a9c36540f1ae40b8367962dc7134d2f2bf80fe2edce9acee139ad3eef8c,3243,0,0
False,1000,0,1000,0,4367,RIM_ONE_r3_train_N-85-L,2,0.7042888066876227,1,367,0,0,367,0,4367,2,1000,1,5d1f7f26f4e4a08aa948b147312c61178f29ba08781a7d9ce3a015376975f8bf,1000,0,0
False,46754,0,46754,0,132587,RIM_ONE_r3_train_S-28-R,0,0.9999725818634033,58,28995,0,0,28995,0,132587,2,46754,1,0ded5e1baa6c4f1f5d969a06ff652236a090447907e301a1355a9fc6e6edfb5c,46754,2843,49521
False,194,0,194,0,8394,RIM_ONE_r3_train_S-28-R,1,0.9867729697753593,1,156,0,0,156,0,8394,2,194,1,92d7c734367f0a3a82dc96417477a0f53785a9f17cef6778a26bab94ff4c52e9,194,0,0
False,3639,0,3639,0,6475,RIM_ONE_r3_train_S-28-R,2,0.5749642030470944,1,1202,0,0,1202,0,6475,2,3639,1,dd235f4e206c97822e3918b45181150a674de6c8ac45e76d19acb6879286a4f8,3639,0,0
False,44937,0,44937,0,131149,Drishti_GS_train_gdrishtiGS_045,0,0.9999427795372675,1,30240,0,0,30240,0,131149,2,44937,2,a4ec21ea6ed87d07905c7bf8f4a451133c095891b9577e0093340a51de0c5f4e,44937,5409,32535
False,493,0,493,0,13298,Drishti_GS_train_gdrishtiGS_045,1,0.9964080433513661,1,493,0,0,493,0,13298,2,493,2,00fb79cd1ebb9850b7aeef72effdb8ffd2ca3b5603b28474b881c63b2cad2179,493,0,0
False,1859,0,1859,0,3009,Drishti_GS_train_gdrishtiGS_045,2,0.6808034642329301,1,63,0,0,63,0,3009,2,1859,2,784e4c92a1208c24ee85df022c6222d7dbee5fe854fe2421a97266a136d26758,1859,0,0
False,39255,0,39255,0,121031,Drishti_GS_test_ndrishtiGS_097,0,0.999983906652936,1,26610,0,0,26610,0,121031,2,39255,2,54aac3278c9f39d64cc88f22934dcd4a33fd1d7206c06df7dbe784d564269f0c,39255,7873,49452
False,1401,0,1401,0,16747,Drishti_GS_test_ndrishtiGS_097,1,0.9547871425794454,1,931,0,0,931,0,16747,2,1401,2,f075919029be3fa13971425034d24d5af06733167bf2d7f86ecfb5482d981cb2,1401,0,0
False,4823,0,4823,0,9678,Drishti_GS_test_ndrishtiGS_097,2,0.5332105076939209,1,1473,0,0,1473,0,9678,2,4823,2,8a9b47e1e4aca92049d4c8eecac296514a7a7024fa6a3322cfdb59a77fad632d,4823,0,0
False,29910,0,29910,0,129924,Drishti_GS_test_gdrishtiGS_087,0,0.9999821186065674,34,25614,0,0,25614,1,129925,2,29910,2,65428a4fdfc716b097afb0f401c76acce6159f09541bcd5d02e32fa24e21ea67,29910,5915,33952
False,205,0,205,0,7525,Drishti_GS_test_gdrishtiGS_087,1,0.9735672474031276,1,198,0,0,198,0,7525,2,205,2,60446bff466dfba1a8688a32f9aa419392fe71b9ed141814b3d01e27fd33de95,205,0,0
False,5197,0,5197,0,10006,Drishti_GS_test_gdrishtiGS_087,2,0.6954262188023979,1,495,0,0,495,0,10006,2,5197,2,465468016b7c3362aec81dfb523f803b22645ce943996cd95af6da81796d5e78,5197,0,0
False,28599,0,28599,0,126972,Drishti_GS_test_gdrishtiGS_077,0,0.9999934375513685,1,23627,0,0,23627,0,126972,2,28599,2,08a61c2f2ad1055b2123e4b564f2908e0f197ba4a4d46282bf93cf06ed65c8bc,28599,6242,52946
False,308,0,308,0,11913,Drishti_GS_test_gdrishtiGS_077,1,0.9826954360708581,1,301,0,0,301,0,11913,2,308,2,b582469a27b648c169e5743275bf31ea332bbb517e43a38454a00fd8301f56de,308,0,0
False,5781,0,5781,0,8571,Drishti_GS_test_gdrishtiGS_077,2,0.3773231761955428,1,1229,0,0,1229,0,8571,2,5781,2,5f41448fb07c32c250923d01b3f75511c6080d2da5a93dbe8a275c61f9ff5867,5781,0,0
False,37008,0,37008,0,132426,Drishti_GS_test_gdrishtiGS_059,0,0.9999897480010986,145,25781,0,0,25781,4,132430,2,37008,2,08ca092c1895e9a8d7de5b903357c2d4fa33eca7143fe129e0fe4d2e97da71d9,37008,2302,43936
False,4636,0,4636,0,11829,Drishti_GS_test_gdrishtiGS_059,1,0.4513044163207983,1,2190,0,0,2190,0,11829,2,4636,2,58061f9ed1665071d7a318b0d4dc08d1896c31f989996adb5c321e6fb3d9f357,4636,0,0
False,1326,0,1326,0,3197,Drishti_GS_test_gdrishtiGS_059,2,0.4694327547119039,1,669,0,0,669,0,3197,2,1326,2,380e992f1252594e5ea7738268ce22740dc27427420d4661884126c491284679,1326,0,0
False,33805,0,33805,0,130979,Drishti_GS_train_ndrishtiGS_090,0,0.9999947547912598,294,21869,0,0,21869,0,130979,2,33805,2,a535673ffbea75ddfbc8f6f754d6999da0e71cff38553c35c5f08e9c78e7887c,33805,2170,49873
False,5905,0,5905,0,14298,Drishti_GS_train_ndrishtiGS_090,1,0.3971275110778815,1,1997,0,0,1997,0,14298,2,5905,2,1e49ec1b6fdd1cf98ca8eb348175af3b222cfd65bdc01be787728baf091445d3,5905,0,0
False,555,0,555,0,2179,Drishti_GS_train_ndrishtiGS_090,2,0.5970298883091418,1,312,0,0,312,0,2179,2,555,2,6f297d6a1e74caeaeacab6642d3419d897aea8978cc7f4ae25f240ce08e22f05,555,0,0
False,49583,0,49583,0,124289,Drishti_GS_test_gdrishtiGS_025,0,0.9998422007237476,1,33794,0,0,33794,0,124289,2,49583,2,70a7eaf073a16760e33b040a9a7e62d244943f0fd869bc0cc39d36353fb3b78f,49583,5755,27906
False,1716,0,1716,0,10591,Drishti_GS_test_gdrishtiGS_025,1,0.797511094180702,1,936,0,0,936,0,10591,2,1716,2,80a33584b963e45b5e00b5c73c77c06d640eab8ef2e6557b73f0866925648fa7,1716,0,0
False,6596,0,6596,0,12576,Drishti_GS_test_gdrishtiGS_025,2,0.8119334280016418,1,1264,0,0,1264,0,12576,2,6596,2,f233ddd5a69a0ea64e36210610e22b5d1e60c9b1cdddbf98f7fdc640f0fc85b1,6596,0,0
False,36767,0,36767,0,127974,Drishti_GS_test_ndrishtiGS_091,0,0.9998248710456438,1,25262,0,0,25262,0,127974,2,36767,2,8c7ad05eeb0e87038334fd8a0225e623ad652f27178cddde40959ff69ced4c9d,36767,7986,32891
False,1424,0,1424,0,11252,Drishti_GS_test_ndrishtiGS_091,1,0.9089734407102642,1,1167,0,0,1167,0,11252,2,1424,2,f510a03faf9e9680753a4af8353b0ac958a2918c27205f1e1852e645d7296708,1424,0,0
False,3784,0,3784,0,8230,Drishti_GS_test_ndrishtiGS_091,2,0.03486947547204859,1,1647,0,0,1647,0,8230,2,3784,2,df4b8e7df752db1b193564f3f2d720851b0133fd0622327412074477c844ebde,3784,0,0
False,36653,0,36653,0,129212,Drishti_GS_test_ndrishtiGS_078,0,0.9999899864196777,154,27122,0,0,27122,0,129212,2,36653,2,7423a86bc169aff584609b65d7c1a0dd9a6a5c8d8d4573e080042f9c2f74c89c,36653,1980,41348
False,286,0,286,0,14421,Drishti_GS_test_ndrishtiGS_078,1,0.9980229634529924,1,279,0,0,279,0,14421,2,286,2,05bac9115fbac8916da4a1348f51a686f71f02636659f602307f69445ed8232e,286,0,0
False,1403,0,1403,0,3823,Drishti_GS_test_ndrishtiGS_078,2,0.6362221958818438,1,280,0,0,280,0,3823,2,1403,2,3326d6de3e357a327ba363c58bb91a715c11646035960525bd4291c9658691c2,1403,0,0
False,35477,0,35477,0,133555,Drishti_GS_train_gdrishtiGS_058,0,0.9999852180480937,1,24243,0,0,24243,0,133555,2,35477,2,ce31acdc3ecaa053dead28d26b5ffaf491a2b787ceddb1e6419e2079657bc2a7,35477,1902,37374
False,192,0,192,0,9727,Drishti_GS_train_gdrishtiGS_058,1,0.991556587843333,1,187,0,0,187,0,9727,2,192,2,f9e7d9bf46dbc6c1baf2fa43d46b428bc2ac89be3023faa271837200034f670b,192,0,0
False,1898,0,1898,0,4174,Drishti_GS_train_gdrishtiGS_058,2,0.65422581305116,1,346,0,0,346,0,4174,2,1898,2,af7e11b2626d65a2638295b190f4a1a67041f25f4c568822e7a80dfa81d37c38,1898,0,0
False,37464,0,37464,0,129428,Drishti_GS_train_gdrishtiGS_081,0,0.9998514652252197,6,26551,0,0,26551,1,129429,2,37464,2,3196f729d92bdd7e91f7a53d11414d25c425838d0fb8486b29a092a136f70111,37464,9010,33134
False,1086,0,1086,0,14087,Drishti_GS_train_gdrishtiGS_081,1,0.9412159125834815,1,903,0,0,903,0,14087,2,1086,2,422136fc43225bdc71b872688ce1e9c35ed77bcaae6c8953e978ac455e6fcfd1,1086,0,0
False,1898,0,1898,0,3940,Drishti_GS_train_gdrishtiGS_081,2,0.04798113373854801,1,543,0,0,543,0,3940,2,1898,2,42f79f837140db05a070f0d44f85eff3c30cbb6d1facb15dbb8d8decc4accb8d,1898,0,0
False,36294,0,36294,0,131536,Drishti_GS_test_gdrishtiGS_054,0,0.9998453855513619,1,24180,0,0,24180,0,131536,2,36294,2,bb47376844fd83f7285c06a7f9d74717869548d711b45eb6160480a8482813e1,36294,8800,33665
False,863,0,863,0,11763,Drishti_GS_test_gdrishtiGS_054,1,0.9719427080580615,1,832,0,0,832,0,11763,2,863,2,4ad2626be20e68a676a26b171c0725425593024e5ee55195856445845ccc21ae,863,0,0
False,960,0,960,0,4157,Drishti_GS_test_gdrishtiGS_054,2,0.7958955525108229,1,456,0,0,456,0,4157,2,960,2,e3ef984d7da3a12b07feef6a4c600d22874c1dac96d57907985e3b1903ee514e,960,0,0
False,33722,0,33722,0,125870,Drishti_GS_train_gdrishtiGS_084,0,0.9999387264251709,21,22972,0,0,22972,0,125870,2,33722,2,8cff0df13f6cb9ddac4edab6107087dd6800f889aee821655b6ae020129be040,33722,5979,44244
False,4213,0,4213,0,15953,Drishti_GS_train_gdrishtiGS_084,1,0.7799091213509873,1,1914,0,0,1914,0,15953,2,4213,2,7b65f96bc9fc75f30f03cae58585bffe0eda2a77ea4e62f7631187c66a86b6dc,4213,0,0
False,2315,0,2315,0,5633,Drishti_GS_train_gdrishtiGS_084,2,0.19432385805097785,1,1311,0,0,1311,0,5633,2,2315,2,457f65cc050cb74f3eaa3c91d9e2172ff6c7e69d5680a61b99d5c809486fe495,2315,0,0
False,48011,0,48011,0,120843,Drishti_GS_test_gdrishtiGS_001,0,0.9999641180038452,42,26821,0,0,26821,0,120843,2,48011,2,dd1171e22eb126ca0a76181f0951dd8a9c5a2dd773f0b27ed500e9ef399de4cc,48011,6418,49969
False,5596,0,5596,0,19091,Drishti_GS_test_gdrishtiGS_001,1,0.6670665199930323,1,1897,0,0,1897,0,19091,2,5596,2,5ad677855ee127fb90211a532cfe1f1bb41bdaab2076ea988e094870aa21e04a,5596,0,0
False,1066,0,1066,0,7522,Drishti_GS_test_gdrishtiGS_001,2,0.8702114362800588,1,1011,0,0,1011,0,7522,2,1066,2,e68bba2c8d6f5319e13b1ac5b3954c717487230ae4dbe5777b1ec080be88d340,1066,0,0
False,34977,0,34977,0,125941,Drishti_GS_test_gdrishtiGS_056,0,0.9999140336064509,1,20731,0,0,20731,0,125941,2,34977,2,766ef154242be27f55ffc287b4dcfa5f8d1fdd976a46d38e2ee39d14c94f0ada,34977,5850,31775
False,1296,0,1296,0,18080,Drishti_GS_test_gdrishtiGS_056,1,0.9657763694729561,1,1252,0,0,1252,0,18080,2,1296,2,02e1d9fcd1c686ac9dbb543093715819b58e0e33d44287b4e61cf8415d96f4a9,1296,0,0
False,1110,0,1110,0,3435,Drishti_GS_test_gdrishtiGS_056,2,0.04889389046504992,1,603,0,0,603,0,3435,2,1110,2,1506b7d8784a79efacab48ea8745cbcc332d7d8aa3246dda6e28961496d4fa53,1110,0,0
False,51458,0,51458,0,118438,Drishti_GS_train_gdrishtiGS_068,0,0.9999498128890991,32,31501,0,0,31501,1,118439,2,51458,2,6eb046abcaaf167c9f06945c9b6f5b8ee8d294b1f734960a106f787bc1e9e4ca,51458,5564,55575
False,1439,0,1439,0,18183,Drishti_GS_train_gdrishtiGS_068,1,0.9591088892445443,1,1225,0,0,1225,0,18183,2,1439,2,01429877501e344abba84226f35fd20d1fc8136df7b7c859608f680bbd603c68,1439,0,0
False,6849,0,6849,0,10834,Drishti_GS_train_gdrishtiGS_068,2,0.4828457619212656,1,1540,0,0,1540,0,10834,2,6849,2,3fe58493281b8fd2d4c4e65881708609cc0faafcf73f9a736ab0d40e59e05ca4,6849,0,0
